03:42:50 database_manager.py:1151 - Error marking health check as sent: cannot commit - no transaction is active
06:14:02 client.py:573 - packet queue is empty, aborting
06:38:50 client.py:573 - packet queue is empty, aborting
06:45:16 websocket_sender.py:743 - health_status send failed: / is not a connected namespace.
06:46:17 websocket_sender.py:743 - health_status send failed: / is not a connected namespace.
06:49:04 client.py:573 - packet queue is empty, aborting
07:53:20 mqtt_client.py:52 - Failed to connect to MQTT broker: timed out
07:58:25 mqtt_client.py:52 - Failed to connect to MQTT broker: timed out
08:18:29 database_manager.py:1151 - Error marking health check as sent: cannot start a transaction within a transaction
11:48:54 mqtt_client.py:52 - Failed to connect to MQTT broker: timed out
12:08:42 camera_handler.py:1760 - Stopping camera with resource cleanup...
12:08:45 camera_handler.py:1809 - Capture thread did not stop gracefully
12:08:45 camera_handler.py:1427 - Camera not initialized
12:10:00 logging_config.py:175 - Application Initialized
12:10:01 logging_config.py:175 - Application Initialized
12:10:01 logging_config.py:175 - Application Initialized
12:10:01 app.py:107 - 🚀 Starting modular service initialization sequence...
12:10:01 logging_config.py:403 - [DETECTION] Starting Detection Processor initialization...
12:10:01 detection_processor.py:152 - 🔍 [DETECTION_PROC] Initializing model instances...
12:10:01 detection_processor.py:168 - 🔍 [DETECTION_PROC] Initializing parallel OCR processor...
12:10:01 detection_processor.py:193 - 🔧 [ENHANCED_DETECTION] Initializing enhanced detection pipeline...
12:10:01 logging_config.py:405 - [HEALTH] Initialized
12:10:01 camera_manager.py:173 - 🔧 [CAMERA_MANAGER] Initializing Camera Manager...
12:10:01 camera_handler.py:798 - Initializing camera...
12:10:01 camera_manager.py:227 - 🚀 Starting auto-start sequence...
12:10:02 detection_processor.py:242 - 🔧 [DETECTION_PROC] Starting model loading process...
12:10:03 detection_processor.py:343 - 🔧 [DETECTION_PROC] Initializing parallel OCR processor...
12:10:03 ocr_queue_worker.py:134 - [OCR_WORKER] Started 1 worker thread(s)
12:10:08 websocket_sender.py:97 - WebSocketSender Started
13:57:10 websocket_sender.py:743 - health_status send failed: / is not a connected namespace.
14:03:50 camera_handler.py:1760 - Stopping camera with resource cleanup...
14:03:53 camera_handler.py:1809 - Capture thread did not stop gracefully
14:05:08 logging_config.py:175 - Application Initialized
14:05:09 logging_config.py:175 - Application Initialized
14:05:09 logging_config.py:175 - Application Initialized
14:05:09 app.py:107 - 🚀 Starting modular service initialization sequence...
14:05:09 logging_config.py:403 - [DETECTION] Starting Detection Processor initialization...
14:05:09 detection_processor.py:152 - 🔍 [DETECTION_PROC] Initializing model instances...
14:05:09 detection_processor.py:168 - 🔍 [DETECTION_PROC] Initializing parallel OCR processor...
14:05:09 detection_processor.py:193 - 🔧 [ENHANCED_DETECTION] Initializing enhanced detection pipeline...
14:05:09 logging_config.py:405 - [HEALTH] Initialized
14:05:09 camera_manager.py:173 - 🔧 [CAMERA_MANAGER] Initializing Camera Manager...
14:05:09 camera_handler.py:798 - Initializing camera...
14:05:10 camera_manager.py:227 - 🚀 Starting auto-start sequence...
14:05:10 detection_processor.py:242 - 🔧 [DETECTION_PROC] Starting model loading process...
14:05:11 detection_processor.py:343 - 🔧 [DETECTION_PROC] Initializing parallel OCR processor...
14:05:11 ocr_queue_worker.py:134 - [OCR_WORKER] Started 1 worker thread(s)
14:05:16 websocket_sender.py:97 - WebSocketSender Started
14:10:25 database_manager.py:1151 - Error marking health check as sent: cannot commit - no transaction is active
14:12:27 websocket_sender.py:743 - health_status send failed: / is not a connected namespace.
14:23:33 websocket_sender.py:743 - health_status send failed: / is not a connected namespace.
14:24:33 websocket_sender.py:743 - health_status send failed: / is not a connected namespace.
14:25:34 websocket_sender.py:743 - health_status send failed: / is not a connected namespace.
14:29:36 websocket_sender.py:743 - health_status send failed: / is not a connected namespace.
14:42:07 camera_handler.py:1760 - Stopping camera with resource cleanup...
14:42:10 camera_handler.py:1809 - Capture thread did not stop gracefully
14:43:25 logging_config.py:175 - Application Initialized
14:43:26 logging_config.py:175 - Application Initialized
14:43:26 logging_config.py:175 - Application Initialized
14:43:26 app.py:107 - 🚀 Starting modular service initialization sequence...
14:43:27 logging_config.py:403 - [DETECTION] Starting Detection Processor initialization...
14:43:27 detection_processor.py:152 - 🔍 [DETECTION_PROC] Initializing model instances...
14:43:27 detection_processor.py:168 - 🔍 [DETECTION_PROC] Initializing parallel OCR processor...
14:43:27 detection_processor.py:193 - 🔧 [ENHANCED_DETECTION] Initializing enhanced detection pipeline...
14:43:27 logging_config.py:405 - [HEALTH] Initialized
14:43:27 camera_manager.py:173 - 🔧 [CAMERA_MANAGER] Initializing Camera Manager...
14:43:27 camera_handler.py:798 - Initializing camera...
14:43:27 camera_manager.py:227 - 🚀 Starting auto-start sequence...
14:43:28 detection_processor.py:242 - 🔧 [DETECTION_PROC] Starting model loading process...
14:43:28 detection_processor.py:343 - 🔧 [DETECTION_PROC] Initializing parallel OCR processor...
14:43:28 ocr_queue_worker.py:134 - [OCR_WORKER] Started 1 worker thread(s)
14:43:33 websocket_sender.py:97 - WebSocketSender Started
14:47:12 client.py:573 - packet queue is empty, aborting
14:53:43 websocket_sender.py:743 - health_status send failed: / is not a connected namespace.
14:54:43 websocket_sender.py:743 - health_status send failed: / is not a connected namespace.
14:56:45 websocket_sender.py:743 - health_status send failed: / is not a connected namespace.
15:00:37 client.py:573 - packet queue is empty, aborting
15:03:48 mqtt_client.py:52 - Failed to connect to MQTT broker: timed out
15:04:56 camera_handler.py:1760 - Stopping camera with resource cleanup...
15:04:59 camera_handler.py:1809 - Capture thread did not stop gracefully
15:06:14 logging_config.py:158 - Application Initialized
15:06:14 wsgi.py:90 - 📥 importing create_app
15:06:14 import_helper.py:55 - Found project root via parent search: /home/camuser/aicamera
15:06:14 logging_config.py:158 - Application Initialized
15:06:14 __init__.py:38 - Experiments blueprint imported (enabled in config)
15:06:14 __init__.py:54 - WebSocket Sender blueprint imported (enabled in config)
15:06:14 __init__.py:63 - Storage blueprint imported (enabled in config)
15:06:14 __init__.py:80 - MQTT Service blueprint imported
15:06:14 wsgi.py:94 - ✅ create_app imported
15:06:14 wsgi.py:96 - 🚀 calling create_app()
15:06:14 logging_config.py:158 - Application Initialized
15:06:14 app.py:482 - 🚀 === STARTING FLASK APP CREATION ===
15:06:14 app.py:483 - 🔧 [APP] create_app called
15:06:14 dependency_container.py:199 - WebSocket Sender registered (enabled in config)
15:06:14 dependency_container.py:213 - MQTT Health Sender registered (enabled in config)
15:06:14 dependency_container.py:233 - Storage Service registered (enabled in config)
15:06:14 dependency_container.py:249 - BrowserConnectionManager registered (tracking only)
15:06:14 dependency_container.py:100 - Experiment services registered successfully
15:06:14 app.py:522 - 🔧 [APP] create_app: dependency container initialized
15:06:14 base_server.py:112 - Server initialized for threading.
15:06:14 __init__.py:97 - 🔧 Registering blueprints with modular architecture...
15:06:14 __init__.py:100 - 📋 Registering core blueprints...
15:06:14 __init__.py:104 -    ✅ Main blueprint registered
15:06:14 __init__.py:107 -    ✅ Camera blueprint registered
15:06:14 __init__.py:110 -    ✅ Health blueprint registered
15:06:14 __init__.py:113 -    ✅ Streaming blueprint registered
15:06:14 __init__.py:116 -    ✅ Detection blueprint registered
15:06:14 __init__.py:119 -    ✅ Config blueprint registered
15:06:14 __init__.py:124 -    ✅ Experiments blueprint registered (enabled)
15:06:14 __init__.py:131 -    ✅ WebSocket blueprint registered
15:06:14 __init__.py:138 -    ✅ MQTT Service blueprint registered
15:06:14 __init__.py:143 - 🔌 Registering optional blueprints...
15:06:14 __init__.py:148 -    ✅ WebSocket Sender blueprint registered (enabled)
15:06:14 __init__.py:155 -    ✅ Storage blueprint registered (enabled)
15:06:14 __init__.py:160 - 📡 Registering WebSocket events...
15:06:14 __init__.py:164 -    ✅ Main events registered
15:06:14 camera.py:1406 - Registering camera WebSocket events with improved stability
15:06:14 camera.py:1675 - Browser connection tracking added (optional)
15:06:14 __init__.py:167 -    ✅ Camera events registered
15:06:14 detection.py:1035 - Detection WebSocket events registered
15:06:14 __init__.py:170 -    ✅ Detection events registered
15:06:14 __init__.py:173 -    ✅ Health events registered
15:06:14 __init__.py:176 -    ✅ Streaming events registered
15:06:14 __init__.py:179 -    ✅ Config events registered
15:06:14 __init__.py:184 -    ✅ Experiment events registered (enabled)
15:06:14 __init__.py:191 -    ✅ WebSocket events registered
15:06:14 __init__.py:195 -    ✅ WebSocket Sender events registered (enabled)
15:06:14 __init__.py:201 -    ✅ Storage events registered (enabled)
15:06:14 __init__.py:205 - 🎉 Blueprint registration completed successfully!
15:06:14 app.py:545 - 🔧 === ABOUT TO INITIALIZE SERVICES ===
15:06:14 app.py:107 - 🚀 Starting modular service initialization sequence...
15:06:14 app.py:119 - 🔐 Phase 0: Device Registration
15:06:14 app.py:125 - ℹ️ Device registration disabled by configuration
15:06:14 app.py:172 - 📋 Phase 1: Core Infrastructure
15:06:14 app.py:175 - ✅ Core infrastructure ready
15:06:14 app.py:182 - 🔧 Phase 2: Core Components
15:06:15 camera_handler.py:765 - CameraHandler singleton initialized
15:06:15 app.py:188 - ✅ Camera Handler available
15:06:15 logging_config.py:386 - [DETECTION] Starting Detection Processor initialization...
15:06:15 detection_processor.py:152 - 🔍 [DETECTION_PROC] Initializing model instances...
15:06:15 detection_processor.py:157 - 🔍 [DETECTION_PROC] Model instances initialized
15:06:15 detection_processor.py:160 - 🔍 [DETECTION_PROC] Creating AsyncOCRLoader...
15:06:15 async_ocr_loader.py:77 - AsyncOCRLoader initialized
15:06:15 detection_processor.py:162 - 🔍 [DETECTION_PROC] AsyncOCRLoader created successfully
15:06:15 detection_processor.py:168 - 🔍 [DETECTION_PROC] Initializing parallel OCR processor...
15:06:15 detection_processor.py:170 - 🔍 [DETECTION_PROC] Parallel OCR processor initialized
15:06:15 detection_processor.py:173 - 🔍 [DETECTION_PROC] Setting up state tracking...
15:06:15 detection_processor.py:183 - 🔍 [DETECTION_PROC] State tracking initialized
15:06:15 detection_processor.py:190 - DetectionProcessor initialized
15:06:15 detection_processor.py:193 - 🔧 [ENHANCED_DETECTION] Initializing enhanced detection pipeline...
15:06:15 detection_processor.py:237 - 🔧 [ENHANCED_DETECTION] Enhanced detection pipeline initialized successfully
15:06:15 app.py:203 - ✅ Detection Processor available
15:06:15 database_manager.py:54 - DatabaseManager initialized
15:06:15 app.py:216 - ✅ Database Manager available
15:06:15 logging_config.py:388 - [HEALTH] Initialized
15:06:15 app.py:231 - ✅ Health Monitor available
15:06:15 app.py:243 - ⚙️ Phase 3: Core Services
15:06:15 app.py:247 - 🎥 === PHASE 2: Camera Manager Initialization ===
15:06:15 camera_manager.py:88 - Manual capture directory: /home/camuser/aicamera/edge/manual_capture
15:06:15 app.py:249 - 🎥 CameraManager service obtained, starting initialization...
15:06:15 app.py:251 - 🎥 About to call camera_manager.initialize()...
15:06:15 camera_manager.py:173 - 🔧 [CAMERA_MANAGER] Initializing Camera Manager...
15:06:15 camera_handler.py:798 - Initializing camera...
15:06:15 camera_handler.py:824 - Main stream resolution set to (2304, 1296) (quality_enhancement=on)
15:06:15 camera_handler.py:845 - Camera framerate set to 30 FPS floor (FrameDurationLimits: 33333–33333μs)
15:06:15 camera_handler.py:952 - Initial controls applied: AE=auto, AWB=auto, AfMode=Continuous(2), AfSpeed=Fast(1)
15:06:15 camera_handler.py:893 - Camera initialized successfully
15:06:15 camera_manager.py:182 - 🔧 [CAMERA_MANAGER] Camera handler initialized successfully
15:06:15 camera_manager.py:203 - 🔧 [CAMERA_MANAGER] Auto-start enabled - starting camera automatically
15:06:15 camera_manager.py:227 - 🚀 Starting auto-start sequence...
15:06:15 logging_config.py:262 - [CAMERA] frame_capture_loop started
15:06:16 camera_handler.py:1134 - Focus health verified ✅ (samples=20, FoM 1830-3130, variation=1300.0, lens=1.0-1.7147835493087769)
15:06:16 camera_handler.py:1212 - Camera started
15:06:16 camera_manager.py:339 - Camera started successfully
15:06:16 camera_manager.py:342 - 📊 Skipping metadata update during initialization to prevent hang
15:06:16 camera_manager.py:135 - 📷 [CAMERA_MANAGER] Applying LPR auto-controls: AE=auto/sport, AWB=auto, AF=continuous/fast
15:06:16 camera_manager.py:143 - ✅ [CAMERA_MANAGER] LPR auto-controls applied successfully – ISP is now managing exposure, white-balance and focus.
15:06:16 camera_manager.py:231 - ✅ Camera auto-started successfully
15:06:16 camera_manager.py:236 - 🎥 Auto-streaming enabled - camera should be streaming now
15:06:16 camera_manager.py:240 - ✅ Camera streaming confirmed active
15:06:16 camera_manager.py:244 - 🎯 === AUTO START CAMERA ABOUT TO RETURN TRUE ===
15:06:16 app.py:253 - 🎥 Camera manager initialize() returned: True
15:06:16 app.py:255 - ✅ Camera Manager initialized successfully
15:06:16 app.py:258 - 🎥 Camera auto-start enabled
15:06:16 app.py:267 - 🎥 Camera Manager phase completed
15:06:16 app.py:277 - 🔍 === PHASE 3: Detection Manager Initialization ===
15:06:16 detection_manager.py:85 - DetectionManager initialised (tracking=True)
15:06:16 app.py:280 - 🔍 DetectionManager service obtained, starting initialization...
15:06:16 detection_processor.py:246 - 🔧 [DETECTION_PROC] Starting model loading process...
15:06:16 detection_processor.py:248 - 🔧 [DETECTION_PROC] Loading detection models...
15:06:16 detection_processor.py:251 - 🔧 [DETECTION_PROC] Checking model configuration...
15:06:16 detection_processor.py:260 - 🔧 [DETECTION_PROC] Model configuration validated
15:06:16 detection_processor.py:264 - 🔧 [DETECTION_PROC] Configuring HailoRT logging...
15:06:16 detection_processor.py:267 - 🔧 [DETECTION_PROC] HailoRT logging configured
15:06:16 detection_processor.py:269 - 🔧 [DETECTION_PROC] Importing degirum...
15:06:16 detection_processor.py:272 - 🔧 [DETECTION_PROC] ✅ Degirum available for Hailo AI model loading
15:06:16 detection_processor.py:280 - 🔧 [DETECTION_PROC] Loading vehicle detection model...
15:06:16 detection_processor.py:282 - 🔧 [DETECTION_PROC] Loading vehicle detection model: yolov8n_relu6_car--640x640_quant_hailort_hailo8_1
15:06:16 zoo_manager.py:184 - Local inference with local zoo from '/home/camuser/aicamera/resources' dir
15:06:16 detection_processor.py:288 - 🔧 [DETECTION_PROC] ✅ Vehicle detection model loaded successfully
15:06:16 detection_processor.py:295 - 🔧 [DETECTION_PROC] Loading license plate detection model...
15:06:16 detection_processor.py:297 - 🔧 [DETECTION_PROC] Loading license plate detection model: yolov8n_relu6_lp--640x640_quant_hailort_hailo8_1
15:06:16 zoo_manager.py:184 - Local inference with local zoo from '/home/camuser/aicamera/resources' dir
15:06:16 detection_processor.py:304 - 🔧 [DETECTION_PROC] ✅ License plate detection model loaded successfully
15:06:16 detection_processor.py:311 - 🔧 [DETECTION_PROC] Checking for optional OCR model...
15:06:16 detection_processor.py:313 - 🔧 [DETECTION_PROC] Loading license plate OCR model...
15:06:16 detection_processor.py:315 - 🔧 [DETECTION_PROC] Loading license plate OCR model: yolov8n_relu6_lp_ocr--256x128_quant_hailort_hailo8_1
15:06:16 zoo_manager.py:184 - Local inference with local zoo from '/home/camuser/aicamera/resources' dir
15:06:16 detection_processor.py:323 - 🔧 [DETECTION_PROC] ✅ License plate OCR model loaded successfully
15:06:16 detection_processor.py:331 - 🔧 [DETECTION_PROC] Loading ThaiLPROCR (Tesseract)...
15:06:16 thai_lp_ocr.py:238 - ThaiLPROCR: Tesseract 5.3.0 ready (langs: tha+eng)
15:06:16 detection_processor.py:337 - 🔧 [DETECTION_PROC] ✅ ThaiLPROCR loaded successfully
15:06:16 detection_processor.py:347 - 🔧 [DETECTION_PROC] Initializing parallel OCR processor...
15:06:16 parallel_ocr_processor.py:51 - ✅ Parallel OCR Processor initialized
15:06:16 detection_processor.py:354 - 🔧 [DETECTION_PROC] ✅ Parallel OCR processor initialized
15:06:16 ocr_queue_worker.py:215 - [OCR_WORKER] ocr-worker-0 started
15:06:16 ocr_queue_worker.py:134 - [OCR_WORKER] Started 1 worker thread(s)
15:06:16 detection_processor.py:372 - 🔧 [DETECTION_PROC] ✅ Async OCR queue worker started
15:06:16 detection_processor.py:379 - 🔧 [DETECTION_PROC] Model loading process completed successfully
15:06:16 detection_manager.py:97 - Detection models loaded
15:06:16 database_manager.py:168 - Database tables created successfully
15:06:16 database_manager.py:84 - 🔧 [DATABASE_MANAGER] Database initialized successfully: /home/camuser/aicamera/edge/db/lpr_data.db
15:06:16 detection_manager.py:107 - Auto-start: waiting 5.0s for camera …
15:06:21 detection_manager.py:157 - Detection loop started
15:06:21 detection_manager.py:131 - Detection started
15:06:21 detection_manager.py:112 - Detection auto-started ✓
15:06:21 app.py:283 - ✅ Detection Manager initialized successfully
15:06:21 app.py:286 - 🔍 Detection auto-start enabled - will start in background
15:06:21 app.py:293 - 🔍 Detection Manager phase completed
15:06:21 app.py:302 - 🏥 === PHASE 4: Health Service Initialization ===
15:06:21 health_service.py:48 - HealthService initialized
15:06:21 app.py:305 - 🏥 HealthService service obtained, starting initialization...
15:06:21 health_monitor.py:155 - Health checks table created/verified
15:06:21 health_monitor.py:128 - 🔧 [HEALTH_MONITOR] HealthMonitor initialized successfully
15:06:21 health_service.py:788 - 🏥 Auto-start monitoring thread started - waiting for camera and detection to be ready...
15:06:21 health_service.py:829 - ✅ Auto-start monitoring thread started
15:06:21 health_service.py:85 - 🔧 [HEALTH_SERVICE] HealthService initialized successfully with auto-start monitoring
15:06:21 app.py:308 - ✅ Health Service initialized successfully
15:06:21 app.py:311 - 🏥 Health Monitor auto-start enabled - will start in background
15:06:21 app.py:320 - 🏥 Health Service phase completed
15:06:21 video_streaming.py:122 - Fallback frame initialized with resolution 640x640
15:06:21 video_streaming.py:95 - VideoStreamingService initialized with fallback mechanisms
15:06:21 app.py:332 - ✅ Video Streaming available
15:06:21 app.py:342 - 🔌 Phase 4: Optional Components
15:06:21 app.py:348 - ✅ Storage Monitor available
15:06:21 app.py:358 - 🔌 Phase 5: Optional Services
15:06:21 websocket_sender.py:97 - WebSocketSender Started
15:06:22 websocket_sender.py:128 - WebSocket sender initialized for server: ws://lprserver.tail605477.ts.net/ws/
15:06:22 app.py:366 - ✅ WebSocket Sender initialized successfully
15:06:22 app.py:369 - 📤 WebSocket Sender auto-start enabled
15:06:26 health_service.py:802 - 🎉 Camera and detection are ready - starting health monitoring
15:06:26 health_monitor.py:936 - Health monitoring started (core components)
15:06:26 health_monitor.py:909 - Health monitoring started
15:06:26 logging_config.py:307 - HEALTH status changed to: healthy - initialized: True, streaming: True
15:06:26 health_service.py:805 - ✅ Health monitoring started successfully
15:06:28 websocket_sender.py:128 - WebSocket sender initialized for server: ws://lprserver.tail605477.ts.net/ws/
15:06:28 websocket_sender.py:748 - Detection sender thread started with 60.0s interval (optimized)
15:06:28 websocket_sender.py:293 - Connecting to Socket.IO
15:06:29 websocket_sender.py:358 - Socket.IO connected
15:06:29 websocket_sender.py:342 - Socket.IO connection established
15:06:29 websocket_sender.py:404 - Sending pending data after reconnection...
15:06:29 websocket_sender.py:411 - No pending data to send
15:06:30 websocket_sender.py:668 - WebSocket sender service started (online mode)
15:06:30 app.py:373 - ✅ WebSocket Sender started successfully
15:06:30 mqtt_health_sender.py:62 - MQTT Health Sender initialized (device_id=1)
15:06:30 app.py:394 - ✅ MQTT Health Sender initialized successfully
15:06:30 mqtt_health_sender.py:62 - MQTT Health Sender initialized (device_id=1)
15:06:30 mqtt_health_sender.py:92 - MQTT Health Sender started (interval=300.0s)
15:06:30 app.py:397 - ✅ MQTT Health Sender started successfully
15:06:30 storage_monitor.py:73 - Storage Monitor initialized successfully
15:06:30 storage_service.py:49 - Storage Service initialized successfully
15:06:30 app.py:415 - ✅ Storage Service initialized successfully
15:06:30 app.py:418 - 💾 Storage Monitor auto-start enabled
15:06:30 mqtt_client.py:26 - Connected to MQTT broker at lprserver.tail605477.ts.net:1883
15:06:35 storage_monitor.py:326 - Storage monitoring started with 300s interval (optimized for core components)
15:06:35 storage_monitor.py:299 - Storage monitoring started (interval: 300s)
15:06:35 app.py:422 - ✅ Storage monitoring started successfully
15:06:35 app.py:436 - 📊 Initialization Summary:
15:06:35 app.py:441 -    Core Modules: 9/9 successful
15:06:35 app.py:445 -      ✅ device_registration
15:06:35 app.py:445 -      ✅ camera_handler
15:06:35 app.py:445 -      ✅ detection_processor
15:06:35 app.py:445 -      ✅ database_manager
15:06:35 app.py:445 -      ✅ health_monitor
15:06:35 app.py:445 -      ✅ camera_manager
15:06:35 app.py:445 -      ✅ detection_manager
15:06:35 app.py:445 -      ✅ health_service
15:06:35 app.py:445 -      ✅ video_streaming
15:06:35 app.py:450 -    Optional Modules: 4/4 successful
15:06:35 app.py:454 -      ✅ storage_monitor
15:06:35 app.py:454 -      ✅ websocket_sender
15:06:35 app.py:454 -      ✅ mqtt_health_sender
15:06:35 app.py:454 -      ✅ storage_service
15:06:35 app.py:467 - 🎉 System initialization completed successfully!
15:06:35 app.py:468 -    Core functionality is available
15:06:35 app.py:470 -    4 optional modules are also available
15:06:35 app.py:549 - ✅ === SERVICES INITIALIZATION COMPLETED ===
15:06:35 app.py:664 - ✅ === FLASK APPLICATION CREATED SUCCESSFULLY ===
15:06:35 wsgi.py:99 - ✅ create_app() completed
15:06:35 wsgi.py:100 - 📊 App: Flask, SocketIO: SocketIO
15:07:24 client.py:573 - packet queue is empty, aborting
15:07:28 health_monitor.py:725 - Health check started
15:07:34 health_monitor.py:777 - Health check completed: healthy
15:07:39 websocket_sender.py:363 - Socket.IO disconnected
15:08:30 mqtt_client.py:34 - Disconnected from MQTT broker
15:08:30 mqtt_client.py:34 - Disconnected from MQTT broker
15:09:40 health_monitor.py:725 - Health check started
15:09:44 health_monitor.py:777 - Health check completed: healthy
15:10:52 websocket_sender.py:358 - Socket.IO connected
15:10:55 detection_processor.py:714 - 🚗 Vehicles detected: 1 (filtered from 1)
15:10:55 detection_processor.py:719 - [VEHICLE] conf=0.803 size=486×604px bbox=[0,397,487,1001] detect_time=20ms
15:10:55 detection_manager.py:258 - [VEHICLE] fid=873072 conf=0.803 size=486×604px
15:10:55 detection_processor.py:2065 - [FRAME_SCORE] track=? | sharpness=0.207 (plate=0.000 frame=0.207) | conf=0.803 | area=0.098 | center=0.311 | SCORE=0.375
15:10:55 detection_processor.py:1732 - [TRACK_NEW] track=1 conf=0.803 size=486×604px — new vehicle
15:10:55 detection_processor.py:1745 - [TRACKER] active=[1] | created=[1] | lost=[] | total_detections=1
15:10:55 detection_processor.py:2139 - [DEDUP_SUMMARY] kept=1/1 tracks after deduplication
15:10:55 detection_manager.py:563 - [DEDUP_NEW] track=1 first seen — allow
15:10:55 detection_manager.py:353 - [TRACKING] fid=873072 active=1 filtered=1 eligible=1
15:10:56 detection_manager.py:287 - [SAVE_DEFER] fid=873072 no plate visible — keeping tracks eligible for next frame
15:10:56 detection_processor.py:719 - [VEHICLE] conf=0.898 size=947×735px bbox=[0,342,948,1077] detect_time=21ms
15:10:56 detection_manager.py:258 - [VEHICLE] fid=873072 conf=0.898 size=947×735px
15:10:56 detection_processor.py:2065 - [FRAME_SCORE] track=? | sharpness=0.213 (plate=0.000 frame=0.213) | conf=0.898 | area=0.233 | center=0.485 | SCORE=0.450
15:10:56 detection_processor.py:1719 - [TRACK_UPDATE] track=1 frame_count=2 score=0.450 plates=0 ocr_submitted=False
15:10:56 detection_processor.py:2139 - [DEDUP_SUMMARY] kept=1/1 tracks after deduplication
15:10:56 detection_manager.py:563 - [DEDUP_NEW] track=1 first seen — allow
15:10:56 detection_manager.py:353 - [TRACKING] fid=873072 active=1 filtered=1 eligible=1
15:10:56 detection_manager.py:287 - [SAVE_DEFER] fid=873072 no plate visible — keeping tracks eligible for next frame
15:10:56 detection_processor.py:719 - [VEHICLE] conf=0.898 size=1036×755px bbox=[2,339,1038,1095] detect_time=23ms
15:10:56 detection_manager.py:258 - [VEHICLE] fid=873072 conf=0.898 size=1036×755px
15:10:56 detection_processor.py:2065 - [FRAME_SCORE] track=? | sharpness=0.233 (plate=0.000 frame=0.233) | conf=0.898 | area=0.262 | center=0.519 | SCORE=0.467
15:10:56 detection_processor.py:1719 - [TRACK_UPDATE] track=1 frame_count=3 score=0.467 plates=0 ocr_submitted=False
15:10:56 detection_processor.py:2139 - [DEDUP_SUMMARY] kept=1/1 tracks after deduplication
15:10:56 detection_manager.py:563 - [DEDUP_NEW] track=1 first seen — allow
15:10:56 detection_manager.py:353 - [TRACKING] fid=873072 active=1 filtered=1 eligible=1
15:10:56 detection_manager.py:287 - [SAVE_DEFER] fid=873072 no plate visible — keeping tracks eligible for next frame
15:10:56 detection_processor.py:719 - [VEHICLE] conf=0.898 size=1132×802px bbox=[0,316,1132,1118] detect_time=30ms
15:10:56 detection_manager.py:258 - [VEHICLE] fid=873072 conf=0.898 size=1132×802px
15:10:57 detection_processor.py:2065 - [FRAME_SCORE] track=? | sharpness=0.227 (plate=0.000 frame=0.227) | conf=0.898 | area=0.304 | center=0.554 | SCORE=0.476
15:10:57 detection_processor.py:1719 - [TRACK_UPDATE] track=1 frame_count=4 score=0.476 plates=0 ocr_submitted=False
15:10:57 detection_processor.py:2139 - [DEDUP_SUMMARY] kept=1/1 tracks after deduplication
15:10:57 detection_manager.py:563 - [DEDUP_NEW] track=1 first seen — allow
15:10:57 detection_manager.py:353 - [TRACKING] fid=873072 active=1 filtered=1 eligible=1
15:10:57 detection_manager.py:287 - [SAVE_DEFER] fid=873072 no plate visible — keeping tracks eligible for next frame
15:10:57 detection_processor.py:719 - [VEHICLE] conf=0.898 size=1239×815px bbox=[0,314,1239,1129] detect_time=23ms
15:10:57 detection_manager.py:258 - [VEHICLE] fid=873072 conf=0.898 size=1239×815px
15:10:57 detection_processor.py:2065 - [FRAME_SCORE] track=? | sharpness=0.249 (plate=0.000 frame=0.249) | conf=0.898 | area=0.339 | center=0.593 | SCORE=0.496
15:10:57 detection_processor.py:1719 - [TRACK_UPDATE] track=1 frame_count=5 score=0.496 plates=0 ocr_submitted=False
15:10:57 detection_processor.py:2139 - [DEDUP_SUMMARY] kept=1/1 tracks after deduplication
15:10:57 detection_manager.py:563 - [DEDUP_NEW] track=1 first seen — allow
15:10:57 detection_manager.py:353 - [TRACKING] fid=873072 active=1 filtered=1 eligible=1
15:10:57 detection_manager.py:287 - [SAVE_DEFER] fid=873072 no plate visible — keeping tracks eligible for next frame
15:10:57 detection_processor.py:719 - [VEHICLE] conf=0.898 size=1352×816px bbox=[2,313,1355,1130] detect_time=23ms
15:10:57 detection_manager.py:258 - [VEHICLE] fid=873072 conf=0.898 size=1352×816px
15:10:57 detection_processor.py:2065 - [FRAME_SCORE] track=? | sharpness=0.249 (plate=0.000 frame=0.249) | conf=0.898 | area=0.370 | center=0.637 | SCORE=0.506
15:10:57 detection_processor.py:1719 - [TRACK_UPDATE] track=1 frame_count=6 score=0.506 plates=0 ocr_submitted=False
15:10:57 detection_processor.py:2139 - [DEDUP_SUMMARY] kept=1/1 tracks after deduplication
15:10:57 detection_manager.py:563 - [DEDUP_NEW] track=1 first seen — allow
15:10:57 detection_manager.py:353 - [TRACKING] fid=873072 active=1 filtered=1 eligible=1
15:10:57 detection_manager.py:287 - [SAVE_DEFER] fid=873072 no plate visible — keeping tracks eligible for next frame
15:10:57 detection_processor.py:719 - [VEHICLE] conf=0.898 size=1493×824px bbox=[0,310,1494,1134] detect_time=23ms
15:10:57 detection_manager.py:258 - [VEHICLE] fid=873072 conf=0.898 size=1493×824px
15:10:57 detection_processor.py:2065 - [FRAME_SCORE] track=? | sharpness=0.274 (plate=0.000 frame=0.274) | conf=0.898 | area=0.412 | center=0.689 | SCORE=0.530
15:10:57 detection_processor.py:1719 - [TRACK_UPDATE] track=1 frame_count=7 score=0.530 plates=0 ocr_submitted=False
15:10:57 detection_processor.py:2139 - [DEDUP_SUMMARY] kept=1/1 tracks after deduplication
15:10:57 detection_manager.py:563 - [DEDUP_NEW] track=1 first seen — allow
15:10:57 detection_manager.py:353 - [TRACKING] fid=873072 active=1 filtered=1 eligible=1
15:10:57 detection_manager.py:287 - [SAVE_DEFER] fid=873072 no plate visible — keeping tracks eligible for next frame
15:10:57 detection_processor.py:719 - [VEHICLE] conf=0.898 size=1652×833px bbox=[1,305,1653,1138] detect_time=21ms
15:10:57 detection_manager.py:258 - [VEHICLE] fid=873072 conf=0.898 size=1652×833px
15:10:57 detection_processor.py:2065 - [FRAME_SCORE] track=? | sharpness=0.254 (plate=0.000 frame=0.254) | conf=0.898 | area=0.461 | center=0.748 | SCORE=0.538
15:10:57 detection_processor.py:1719 - [TRACK_UPDATE] track=1 frame_count=8 score=0.538 plates=0 ocr_submitted=False
15:10:57 detection_processor.py:2139 - [DEDUP_SUMMARY] kept=1/1 tracks after deduplication
15:10:57 detection_manager.py:563 - [DEDUP_NEW] track=1 first seen — allow
15:10:57 detection_manager.py:353 - [TRACKING] fid=873072 active=1 filtered=1 eligible=1
15:10:57 detection_manager.py:287 - [SAVE_DEFER] fid=873072 no plate visible — keeping tracks eligible for next frame
15:10:57 detection_processor.py:719 - [VEHICLE] conf=0.898 size=1769×845px bbox=[1,301,1771,1146] detect_time=21ms
15:10:57 detection_manager.py:258 - [VEHICLE] fid=863888 conf=0.898 size=1769×845px
15:10:58 detection_processor.py:2065 - [FRAME_SCORE] track=? | sharpness=0.245 (plate=0.000 frame=0.245) | conf=0.898 | area=0.501 | center=0.791 | SCORE=0.547
15:10:58 detection_processor.py:1719 - [TRACK_UPDATE] track=1 frame_count=9 score=0.547 plates=0 ocr_submitted=False
15:10:58 detection_processor.py:2139 - [DEDUP_SUMMARY] kept=1/1 tracks after deduplication
15:10:58 detection_manager.py:563 - [DEDUP_NEW] track=1 first seen — allow
15:10:58 detection_manager.py:353 - [TRACKING] fid=863888 active=1 filtered=1 eligible=1
15:10:58 detection_manager.py:287 - [SAVE_DEFER] fid=863888 no plate visible — keeping tracks eligible for next frame
15:10:58 detection_processor.py:719 - [VEHICLE] conf=0.898 size=1952×862px bbox=[0,303,1952,1166] detect_time=21ms
15:10:58 detection_manager.py:258 - [VEHICLE] fid=873072 conf=0.898 size=1952×862px
15:10:58 detection_processor.py:2065 - [FRAME_SCORE] track=? | sharpness=0.235 (plate=0.000 frame=0.235) | conf=0.898 | area=0.564 | center=0.852 | SCORE=0.561
15:10:58 detection_processor.py:1719 - [TRACK_UPDATE] track=1 frame_count=10 score=0.561 plates=0 ocr_submitted=False
15:10:58 detection_processor.py:2139 - [DEDUP_SUMMARY] kept=1/1 tracks after deduplication
15:10:58 detection_manager.py:563 - [DEDUP_NEW] track=1 first seen — allow
15:10:58 detection_manager.py:353 - [TRACKING] fid=873072 active=1 filtered=1 eligible=1
15:10:58 detection_manager.py:287 - [SAVE_DEFER] fid=873072 no plate visible — keeping tracks eligible for next frame
15:10:58 detection_processor.py:719 - [VEHICLE] conf=0.898 size=2141×889px bbox=[0,292,2142,1182] detect_time=28ms
15:10:58 detection_manager.py:258 - [VEHICLE] fid=873072 conf=0.898 size=2141×889px
15:10:58 detection_processor.py:2065 - [FRAME_SCORE] track=? | sharpness=0.145 (plate=0.000 frame=0.145) | conf=0.898 | area=0.638 | center=0.909 | SCORE=0.546
15:10:58 detection_processor.py:1719 - [TRACK_UPDATE] track=1 frame_count=11 score=0.561 plates=0 ocr_submitted=False
15:10:58 detection_processor.py:2139 - [DEDUP_SUMMARY] kept=1/1 tracks after deduplication
15:10:58 detection_manager.py:563 - [DEDUP_NEW] track=1 first seen — allow
15:10:58 detection_manager.py:353 - [TRACKING] fid=873072 active=1 filtered=1 eligible=1
15:10:58 detection_manager.py:287 - [SAVE_DEFER] fid=873072 no plate visible — keeping tracks eligible for next frame
15:10:58 detection_processor.py:719 - [VEHICLE] conf=0.898 size=2299×903px bbox=[0,295,2300,1198] detect_time=21ms
15:10:58 detection_manager.py:258 - [VEHICLE] fid=873072 conf=0.898 size=2299×903px
15:10:58 detection_processor.py:2065 - [FRAME_SCORE] track=? | sharpness=0.089 (plate=0.000 frame=0.089) | conf=0.898 | area=0.696 | center=0.925 | SCORE=0.537
15:10:58 detection_processor.py:1719 - [TRACK_UPDATE] track=1 frame_count=12 score=0.561 plates=0 ocr_submitted=False
15:10:58 detection_processor.py:2139 - [DEDUP_SUMMARY] kept=1/1 tracks after deduplication
15:10:58 detection_manager.py:563 - [DEDUP_NEW] track=1 first seen — allow
15:10:58 detection_manager.py:353 - [TRACKING] fid=873072 active=1 filtered=1 eligible=1
15:10:58 detection_manager.py:287 - [SAVE_DEFER] fid=873072 no plate visible — keeping tracks eligible for next frame
15:10:58 detection_processor.py:719 - [VEHICLE] conf=0.898 size=2300×914px bbox=[1,302,2302,1217] detect_time=23ms
15:10:58 detection_manager.py:258 - [VEHICLE] fid=873072 conf=0.898 size=2300×914px
15:10:58 detection_processor.py:2065 - [FRAME_SCORE] track=? | sharpness=0.045 (plate=0.000 frame=0.045) | conf=0.898 | area=0.705 | center=0.916 | SCORE=0.520
15:10:58 detection_processor.py:1719 - [TRACK_UPDATE] track=1 frame_count=13 score=0.561 plates=0 ocr_submitted=False
15:10:58 detection_processor.py:2139 - [DEDUP_SUMMARY] kept=1/1 tracks after deduplication
15:10:58 detection_manager.py:563 - [DEDUP_NEW] track=1 first seen — allow
15:10:58 detection_manager.py:353 - [TRACKING] fid=873072 active=1 filtered=1 eligible=1
15:10:58 detection_manager.py:287 - [SAVE_DEFER] fid=873072 no plate visible — keeping tracks eligible for next frame
15:10:58 detection_processor.py:719 - [VEHICLE] conf=0.898 size=2228×917px bbox=[76,302,2304,1219] detect_time=22ms
15:10:58 detection_manager.py:258 - [VEHICLE] fid=873072 conf=0.898 size=2228×917px
15:10:58 detection_processor.py:2065 - [FRAME_SCORE] track=? | sharpness=0.034 (plate=0.000 frame=0.034) | conf=0.898 | area=0.685 | center=0.910 | SCORE=0.511
15:10:58 detection_processor.py:1719 - [TRACK_UPDATE] track=1 frame_count=14 score=0.561 plates=0 ocr_submitted=False
15:10:58 detection_processor.py:2139 - [DEDUP_SUMMARY] kept=1/1 tracks after deduplication
15:10:58 detection_manager.py:563 - [DEDUP_NEW] track=1 first seen — allow
15:10:58 detection_manager.py:353 - [TRACKING] fid=873072 active=1 filtered=1 eligible=1
15:10:59 detection_manager.py:287 - [SAVE_DEFER] fid=873072 no plate visible — keeping tracks eligible for next frame
15:10:59 detection_processor.py:719 - [VEHICLE] conf=0.898 size=2130×951px bbox=[173,284,2304,1235] detect_time=22ms
15:10:59 detection_manager.py:258 - [VEHICLE] fid=873072 conf=0.898 size=2130×951px
15:10:59 detection_processor.py:2065 - [FRAME_SCORE] track=? | sharpness=0.016 (plate=0.000 frame=0.016) | conf=0.898 | area=0.679 | center=0.893 | SCORE=0.501
15:10:59 detection_processor.py:1719 - [TRACK_UPDATE] track=1 frame_count=15 score=0.561 plates=0 ocr_submitted=False
15:10:59 detection_processor.py:2139 - [DEDUP_SUMMARY] kept=1/1 tracks after deduplication
15:10:59 detection_manager.py:563 - [DEDUP_NEW] track=1 first seen — allow
15:10:59 detection_manager.py:353 - [TRACKING] fid=873072 active=1 filtered=1 eligible=1
15:10:59 detection_manager.py:287 - [SAVE_DEFER] fid=873072 no plate visible — keeping tracks eligible for next frame
15:10:59 detection_processor.py:719 - [VEHICLE] conf=0.885 size=2027×997px bbox=[277,254,2304,1251] detect_time=21ms
15:10:59 detection_manager.py:258 - [VEHICLE] fid=873072 conf=0.885 size=2027×997px
15:10:59 detection_processor.py:2065 - [FRAME_SCORE] track=? | sharpness=0.013 (plate=0.000 frame=0.013) | conf=0.885 | area=0.677 | center=0.869 | SCORE=0.493
15:10:59 detection_processor.py:1719 - [TRACK_UPDATE] track=1 frame_count=16 score=0.561 plates=0 ocr_submitted=False
15:10:59 detection_processor.py:2139 - [DEDUP_SUMMARY] kept=1/1 tracks after deduplication
15:10:59 detection_manager.py:563 - [DEDUP_NEW] track=1 first seen — allow
15:10:59 detection_manager.py:353 - [TRACKING] fid=873072 active=1 filtered=1 eligible=1
15:10:59 detection_manager.py:287 - [SAVE_DEFER] fid=873072 no plate visible — keeping tracks eligible for next frame
15:10:59 detection_processor.py:719 - [VEHICLE] conf=0.898 size=1904×1008px bbox=[399,242,2304,1251] detect_time=24ms
15:10:59 detection_manager.py:258 - [VEHICLE] fid=873072 conf=0.898 size=1904×1008px
15:10:59 detection_processor.py:2065 - [FRAME_SCORE] track=? | sharpness=0.013 (plate=0.000 frame=0.013) | conf=0.898 | area=0.644 | center=0.832 | SCORE=0.486
15:10:59 detection_processor.py:1719 - [TRACK_UPDATE] track=1 frame_count=17 score=0.561 plates=0 ocr_submitted=False
15:10:59 detection_processor.py:2139 - [DEDUP_SUMMARY] kept=1/1 tracks after deduplication
15:10:59 detection_manager.py:563 - [DEDUP_NEW] track=1 first seen — allow
15:10:59 detection_manager.py:353 - [TRACKING] fid=873072 active=1 filtered=1 eligible=1
15:10:59 detection_manager.py:287 - [SAVE_DEFER] fid=873072 no plate visible — keeping tracks eligible for next frame
15:10:59 detection_processor.py:719 - [VEHICLE] conf=0.898 size=1763×1038px bbox=[541,232,2304,1271] detect_time=21ms
15:10:59 detection_manager.py:258 - [VEHICLE] fid=873072 conf=0.898 size=1763×1038px
15:10:59 detection_processor.py:2065 - [FRAME_SCORE] track=? | sharpness=0.025 (plate=0.000 frame=0.025) | conf=0.898 | area=0.613 | center=0.781 | SCORE=0.480
15:10:59 detection_processor.py:1719 - [TRACK_UPDATE] track=1 frame_count=18 score=0.561 plates=0 ocr_submitted=False
15:10:59 detection_processor.py:2139 - [DEDUP_SUMMARY] kept=1/1 tracks after deduplication
15:10:59 detection_manager.py:563 - [DEDUP_NEW] track=1 first seen — allow
15:10:59 detection_manager.py:353 - [TRACKING] fid=873072 active=1 filtered=1 eligible=1
15:10:59 detection_manager.py:287 - [SAVE_DEFER] fid=873072 no plate visible — keeping tracks eligible for next frame
15:10:59 detection_processor.py:719 - [VEHICLE] conf=0.898 size=1651×1058px bbox=[650,217,2301,1275] detect_time=20ms
15:10:59 detection_manager.py:258 - [VEHICLE] fid=873072 conf=0.898 size=1651×1058px
15:10:59 detection_processor.py:2065 - [FRAME_SCORE] track=? | sharpness=0.082 (plate=0.000 frame=0.082) | conf=0.898 | area=0.585 | center=0.744 | SCORE=0.493
15:10:59 detection_processor.py:1719 - [TRACK_UPDATE] track=1 frame_count=19 score=0.561 plates=0 ocr_submitted=False
15:10:59 detection_processor.py:2139 - [DEDUP_SUMMARY] kept=1/1 tracks after deduplication
15:10:59 detection_manager.py:563 - [DEDUP_NEW] track=1 first seen — allow
15:10:59 detection_manager.py:353 - [TRACKING] fid=873072 active=1 filtered=1 eligible=1
15:10:59 detection_manager.py:287 - [SAVE_DEFER] fid=873072 no plate visible — keeping tracks eligible for next frame
15:11:00 detection_processor.py:719 - [VEHICLE] conf=0.898 size=1564×1110px bbox=[735,168,2300,1278] detect_time=24ms
15:11:00 detection_manager.py:258 - [VEHICLE] fid=873072 conf=0.898 size=1564×1110px
15:11:00 detection_processor.py:2065 - [FRAME_SCORE] track=? | sharpness=0.078 (plate=0.000 frame=0.078) | conf=0.898 | area=0.581 | center=0.718 | SCORE=0.488
15:11:00 detection_processor.py:1719 - [TRACK_UPDATE] track=1 frame_count=20 score=0.561 plates=0 ocr_submitted=False
15:11:00 detection_processor.py:2139 - [DEDUP_SUMMARY] kept=1/1 tracks after deduplication
15:11:00 detection_manager.py:563 - [DEDUP_NEW] track=1 first seen — allow
15:11:00 detection_manager.py:353 - [TRACKING] fid=873072 active=1 filtered=1 eligible=1
15:11:00 detection_manager.py:287 - [SAVE_DEFER] fid=873072 no plate visible — keeping tracks eligible for next frame
15:11:00 detection_processor.py:719 - [VEHICLE] conf=0.898 size=1491×1118px bbox=[808,166,2300,1285] detect_time=22ms
15:11:00 detection_manager.py:258 - [VEHICLE] fid=873072 conf=0.898 size=1491×1118px
15:11:00 detection_processor.py:2065 - [FRAME_SCORE] track=? | sharpness=0.069 (plate=0.000 frame=0.069) | conf=0.898 | area=0.559 | center=0.690 | SCORE=0.478
15:11:00 detection_processor.py:1719 - [TRACK_UPDATE] track=1 frame_count=21 score=0.561 plates=0 ocr_submitted=False
15:11:00 detection_processor.py:2139 - [DEDUP_SUMMARY] kept=1/1 tracks after deduplication
15:11:00 detection_manager.py:563 - [DEDUP_NEW] track=1 first seen — allow
15:11:00 detection_manager.py:353 - [TRACKING] fid=873072 active=1 filtered=1 eligible=1
15:11:00 detection_manager.py:287 - [SAVE_DEFER] fid=873072 no plate visible — keeping tracks eligible for next frame
15:11:00 detection_processor.py:719 - [VEHICLE] conf=0.898 size=1440×1151px bbox=[859,137,2300,1289] detect_time=23ms
15:11:00 detection_manager.py:258 - [VEHICLE] fid=873072 conf=0.898 size=1440×1151px
15:11:00 detection_processor.py:2065 - [FRAME_SCORE] track=? | sharpness=0.076 (plate=0.000 frame=0.076) | conf=0.898 | area=0.556 | center=0.673 | SCORE=0.478
15:11:00 detection_processor.py:1719 - [TRACK_UPDATE] track=1 frame_count=22 score=0.561 plates=0 ocr_submitted=False
15:11:00 detection_processor.py:2139 - [DEDUP_SUMMARY] kept=1/1 tracks after deduplication
15:11:00 detection_manager.py:563 - [DEDUP_NEW] track=1 first seen — allow
15:11:00 detection_manager.py:353 - [TRACKING] fid=873072 active=1 filtered=1 eligible=1
15:11:00 detection_manager.py:287 - [SAVE_DEFER] fid=873072 no plate visible — keeping tracks eligible for next frame
15:11:00 detection_processor.py:719 - [VEHICLE] conf=0.898 size=1404×1162px bbox=[895,129,2300,1291] detect_time=22ms
15:11:00 detection_manager.py:258 - [VEHICLE] fid=873072 conf=0.898 size=1404×1162px
15:11:00 detection_processor.py:2065 - [FRAME_SCORE] track=? | sharpness=0.092 (plate=0.000 frame=0.092) | conf=0.898 | area=0.547 | center=0.660 | SCORE=0.481
15:11:00 detection_processor.py:1719 - [TRACK_UPDATE] track=1 frame_count=23 score=0.561 plates=0 ocr_submitted=False
15:11:00 detection_processor.py:2139 - [DEDUP_SUMMARY] kept=1/1 tracks after deduplication
15:11:00 detection_manager.py:563 - [DEDUP_NEW] track=1 first seen — allow
15:11:00 detection_manager.py:353 - [TRACKING] fid=873072 active=1 filtered=1 eligible=1
15:11:00 detection_manager.py:287 - [SAVE_DEFER] fid=873072 no plate visible — keeping tracks eligible for next frame
15:11:00 detection_processor.py:719 - [VEHICLE] conf=0.898 size=1387×1165px bbox=[914,125,2302,1291] detect_time=24ms
15:11:00 detection_manager.py:258 - [VEHICLE] fid=863312 conf=0.898 size=1387×1165px
15:11:00 detection_processor.py:2065 - [FRAME_SCORE] track=? | sharpness=0.097 (plate=0.000 frame=0.097) | conf=0.898 | area=0.542 | center=0.652 | SCORE=0.482
15:11:00 detection_processor.py:1719 - [TRACK_UPDATE] track=1 frame_count=24 score=0.561 plates=0 ocr_submitted=False
15:11:00 detection_processor.py:2139 - [DEDUP_SUMMARY] kept=1/1 tracks after deduplication
15:11:00 detection_manager.py:563 - [DEDUP_NEW] track=1 first seen — allow
15:11:00 detection_manager.py:353 - [TRACKING] fid=863312 active=1 filtered=1 eligible=1
15:11:00 detection_manager.py:287 - [SAVE_DEFER] fid=863312 no plate visible — keeping tracks eligible for next frame
15:11:01 detection_processor.py:719 - [VEHICLE] conf=0.898 size=1390×1169px bbox=[909,124,2300,1293] detect_time=22ms
15:11:01 detection_manager.py:258 - [VEHICLE] fid=865424 conf=0.898 size=1390×1169px
15:11:01 detection_processor.py:2065 - [FRAME_SCORE] track=? | sharpness=0.054 (plate=0.000 frame=0.054) | conf=0.898 | area=0.545 | center=0.655 | SCORE=0.465
15:11:01 detection_processor.py:1719 - [TRACK_UPDATE] track=1 frame_count=25 score=0.561 plates=0 ocr_submitted=False
15:11:01 detection_processor.py:2139 - [DEDUP_SUMMARY] kept=1/1 tracks after deduplication
15:11:01 detection_manager.py:563 - [DEDUP_NEW] track=1 first seen — allow
15:11:01 detection_manager.py:353 - [TRACKING] fid=865424 active=1 filtered=1 eligible=1
15:11:01 detection_manager.py:287 - [SAVE_DEFER] fid=865424 no plate visible — keeping tracks eligible for next frame
15:11:01 detection_processor.py:719 - [VEHICLE] conf=0.898 size=1392×1167px bbox=[909,124,2302,1291] detect_time=23ms
15:11:01 detection_manager.py:258 - [VEHICLE] fid=866480 conf=0.898 size=1392×1167px
15:11:01 detection_processor.py:2065 - [FRAME_SCORE] track=? | sharpness=0.061 (plate=0.000 frame=0.061) | conf=0.898 | area=0.544 | center=0.654 | SCORE=0.468
15:11:01 detection_processor.py:1719 - [TRACK_UPDATE] track=1 frame_count=26 score=0.561 plates=0 ocr_submitted=False
15:11:01 detection_processor.py:2139 - [DEDUP_SUMMARY] kept=1/1 tracks after deduplication
15:11:01 detection_manager.py:563 - [DEDUP_NEW] track=1 first seen — allow
15:11:01 detection_manager.py:353 - [TRACKING] fid=866480 active=1 filtered=1 eligible=1
15:11:01 detection_manager.py:287 - [SAVE_DEFER] fid=866480 no plate visible — keeping tracks eligible for next frame
15:11:01 camera.py:1033 - Using video streaming service for video feed
15:11:01 video_streaming.py:343 - Video streaming worker started with fallback mechanisms
15:11:01 video_streaming.py:312 - Video streaming started successfully with fallback mechanisms
15:11:01 detection_processor.py:719 - [VEHICLE] conf=0.898 size=1390×1168px bbox=[909,125,2300,1293] detect_time=22ms
15:11:01 detection_manager.py:258 - [VEHICLE] fid=873584 conf=0.898 size=1390×1168px
15:11:01 detection_processor.py:2065 - [FRAME_SCORE] track=? | sharpness=0.065 (plate=0.000 frame=0.065) | conf=0.898 | area=0.544 | center=0.655 | SCORE=0.470
15:11:01 detection_processor.py:1719 - [TRACK_UPDATE] track=1 frame_count=27 score=0.561 plates=0 ocr_submitted=False
15:11:01 detection_processor.py:2139 - [DEDUP_SUMMARY] kept=1/1 tracks after deduplication
15:11:01 detection_manager.py:563 - [DEDUP_NEW] track=1 first seen — allow
15:11:01 detection_manager.py:353 - [TRACKING] fid=873584 active=1 filtered=1 eligible=1
15:11:01 detection_manager.py:287 - [SAVE_DEFER] fid=873584 no plate visible — keeping tracks eligible for next frame
15:11:01 detection_processor.py:719 - [VEHICLE] conf=0.898 size=1394×1162px bbox=[906,130,2300,1293] detect_time=20ms
15:11:01 detection_manager.py:258 - [VEHICLE] fid=865616 conf=0.898 size=1394×1162px
15:11:01 detection_processor.py:2065 - [FRAME_SCORE] track=? | sharpness=0.049 (plate=0.000 frame=0.049) | conf=0.898 | area=0.543 | center=0.656 | SCORE=0.463
15:11:01 detection_processor.py:1719 - [TRACK_UPDATE] track=1 frame_count=28 score=0.561 plates=0 ocr_submitted=False
15:11:01 detection_processor.py:2139 - [DEDUP_SUMMARY] kept=1/1 tracks after deduplication
15:11:01 detection_manager.py:563 - [DEDUP_NEW] track=1 first seen — allow
15:11:01 detection_manager.py:353 - [TRACKING] fid=865616 active=1 filtered=1 eligible=1
15:11:01 detection_manager.py:287 - [SAVE_DEFER] fid=865616 no plate visible — keeping tracks eligible for next frame
15:11:01 detection_processor.py:719 - [VEHICLE] conf=0.898 size=1390×1165px bbox=[909,128,2300,1293] detect_time=30ms
15:11:01 detection_manager.py:258 - [VEHICLE] fid=873584 conf=0.898 size=1390×1165px
15:11:01 detection_processor.py:2065 - [FRAME_SCORE] track=? | sharpness=0.059 (plate=0.000 frame=0.059) | conf=0.898 | area=0.543 | center=0.654 | SCORE=0.467
15:11:01 detection_processor.py:1719 - [TRACK_UPDATE] track=1 frame_count=29 score=0.561 plates=0 ocr_submitted=False
15:11:01 detection_processor.py:2139 - [DEDUP_SUMMARY] kept=1/1 tracks after deduplication
15:11:01 detection_manager.py:563 - [DEDUP_NEW] track=1 first seen — allow
15:11:01 detection_manager.py:353 - [TRACKING] fid=873584 active=1 filtered=1 eligible=1
15:11:01 detection_manager.py:287 - [SAVE_DEFER] fid=873584 no plate visible — keeping tracks eligible for next frame
15:11:01 camera.py:1117 - Video streaming started successfully
15:11:02 detection_processor.py:719 - [VEHICLE] conf=0.898 size=1391×1162px bbox=[909,128,2300,1291] detect_time=21ms
15:11:02 detection_manager.py:258 - [VEHICLE] fid=320240 conf=0.898 size=1391×1162px
15:11:02 detection_processor.py:2065 - [FRAME_SCORE] track=? | sharpness=0.079 (plate=0.000 frame=0.079) | conf=0.898 | area=0.542 | center=0.655 | SCORE=0.475
15:11:02 detection_processor.py:1719 - [TRACK_UPDATE] track=1 frame_count=30 score=0.561 plates=0 ocr_submitted=False
15:11:02 detection_processor.py:2139 - [DEDUP_SUMMARY] kept=1/1 tracks after deduplication
15:11:02 detection_manager.py:563 - [DEDUP_NEW] track=1 first seen — allow
15:11:02 detection_manager.py:353 - [TRACKING] fid=320240 active=1 filtered=1 eligible=1
15:11:02 detection_manager.py:287 - [SAVE_DEFER] fid=320240 no plate visible — keeping tracks eligible for next frame
15:11:02 camera.py:1033 - Using video streaming service for video feed
15:11:02 detection_processor.py:719 - [VEHICLE] conf=0.898 size=1389×1164px bbox=[911,129,2300,1293] detect_time=27ms
15:11:02 detection_manager.py:258 - [VEHICLE] fid=320816 conf=0.898 size=1389×1164px
15:11:02 detection_processor.py:2065 - [FRAME_SCORE] track=? | sharpness=0.064 (plate=0.000 frame=0.064) | conf=0.898 | area=0.542 | center=0.654 | SCORE=0.469
15:11:02 detection_processor.py:1719 - [TRACK_UPDATE] track=1 frame_count=31 score=0.561 plates=0 ocr_submitted=False
15:11:02 detection_processor.py:2139 - [DEDUP_SUMMARY] kept=1/1 tracks after deduplication
15:11:02 detection_manager.py:563 - [DEDUP_NEW] track=1 first seen — allow
15:11:02 detection_manager.py:353 - [TRACKING] fid=320816 active=1 filtered=1 eligible=1
15:11:02 detection_manager.py:287 - [SAVE_DEFER] fid=320816 no plate visible — keeping tracks eligible for next frame
15:11:02 detection_processor.py:719 - [VEHICLE] conf=0.898 size=1387×1162px bbox=[913,130,2300,1293] detect_time=26ms
15:11:02 detection_manager.py:258 - [VEHICLE] fid=321104 conf=0.898 size=1387×1162px
15:11:02 detection_processor.py:2065 - [FRAME_SCORE] track=? | sharpness=0.063 (plate=0.000 frame=0.063) | conf=0.898 | area=0.540 | center=0.653 | SCORE=0.468
15:11:02 detection_processor.py:1719 - [TRACK_UPDATE] track=1 frame_count=32 score=0.561 plates=0 ocr_submitted=False
15:11:02 detection_processor.py:2139 - [DEDUP_SUMMARY] kept=1/1 tracks after deduplication
15:11:02 detection_manager.py:563 - [DEDUP_NEW] track=1 first seen — allow
15:11:02 detection_manager.py:353 - [TRACKING] fid=321104 active=1 filtered=1 eligible=1
15:11:02 detection_manager.py:287 - [SAVE_DEFER] fid=321104 no plate visible — keeping tracks eligible for next frame
15:11:02 detection_processor.py:719 - [VEHICLE] conf=0.898 size=1381×1175px bbox=[918,118,2300,1293] detect_time=25ms
15:11:02 detection_manager.py:258 - [VEHICLE] fid=320816 conf=0.898 size=1381×1175px
15:11:02 detection_processor.py:2065 - [FRAME_SCORE] track=? | sharpness=0.073 (plate=0.000 frame=0.073) | conf=0.898 | area=0.544 | center=0.652 | SCORE=0.473
15:11:02 detection_processor.py:1719 - [TRACK_UPDATE] track=1 frame_count=33 score=0.561 plates=0 ocr_submitted=False
15:11:02 detection_processor.py:2139 - [DEDUP_SUMMARY] kept=1/1 tracks after deduplication
15:11:02 detection_manager.py:563 - [DEDUP_NEW] track=1 first seen — allow
15:11:02 detection_manager.py:353 - [TRACKING] fid=320816 active=1 filtered=1 eligible=1
15:11:02 detection_manager.py:287 - [SAVE_DEFER] fid=320816 no plate visible — keeping tracks eligible for next frame
15:11:02 detection_processor.py:719 - [VEHICLE] conf=0.898 size=1378×1173px bbox=[922,120,2300,1293] detect_time=28ms
15:11:02 detection_manager.py:258 - [VEHICLE] fid=663376 conf=0.898 size=1378×1173px
15:11:02 detection_processor.py:2065 - [FRAME_SCORE] track=? | sharpness=0.076 (plate=0.000 frame=0.076) | conf=0.898 | area=0.542 | center=0.650 | SCORE=0.473
15:11:02 detection_processor.py:1719 - [TRACK_UPDATE] track=1 frame_count=34 score=0.561 plates=0 ocr_submitted=False
15:11:02 detection_processor.py:2139 - [DEDUP_SUMMARY] kept=1/1 tracks after deduplication
15:11:02 detection_manager.py:563 - [DEDUP_NEW] track=1 first seen — allow
15:11:02 detection_manager.py:353 - [TRACKING] fid=663376 active=1 filtered=1 eligible=1
15:11:02 detection_manager.py:287 - [SAVE_DEFER] fid=663376 no plate visible — keeping tracks eligible for next frame
15:11:03 detection_processor.py:719 - [VEHICLE] conf=0.898 size=1374×1166px bbox=[927,126,2302,1292] detect_time=21ms
15:11:03 detection_manager.py:258 - [VEHICLE] fid=663376 conf=0.898 size=1374×1166px
15:11:03 detection_processor.py:2065 - [FRAME_SCORE] track=? | sharpness=0.083 (plate=0.000 frame=0.083) | conf=0.898 | area=0.537 | center=0.647 | SCORE=0.475
15:11:03 detection_processor.py:1719 - [TRACK_UPDATE] track=1 frame_count=35 score=0.561 plates=0 ocr_submitted=False
15:11:03 detection_processor.py:2139 - [DEDUP_SUMMARY] kept=1/1 tracks after deduplication
15:11:03 detection_manager.py:563 - [DEDUP_NEW] track=1 first seen — allow
15:11:03 detection_manager.py:353 - [TRACKING] fid=663376 active=1 filtered=1 eligible=1
15:11:03 detection_manager.py:287 - [SAVE_DEFER] fid=663376 no plate visible — keeping tracks eligible for next frame
15:11:03 detection_processor.py:719 - [VEHICLE] conf=0.898 size=1370×1167px bbox=[929,127,2300,1294] detect_time=21ms
15:11:03 detection_manager.py:258 - [VEHICLE] fid=663376 conf=0.898 size=1370×1167px
15:11:03 detection_processor.py:2065 - [FRAME_SCORE] track=? | sharpness=0.058 (plate=0.000 frame=0.058) | conf=0.898 | area=0.536 | center=0.647 | SCORE=0.464
15:11:03 detection_processor.py:1719 - [TRACK_UPDATE] track=1 frame_count=36 score=0.561 plates=0 ocr_submitted=False
15:11:03 detection_processor.py:2139 - [DEDUP_SUMMARY] kept=1/1 tracks after deduplication
15:11:03 detection_manager.py:563 - [DEDUP_NEW] track=1 first seen — allow
15:11:03 detection_manager.py:353 - [TRACKING] fid=663376 active=1 filtered=1 eligible=1
15:11:03 detection_manager.py:287 - [SAVE_DEFER] fid=663376 no plate visible — keeping tracks eligible for next frame
15:11:03 detection_processor.py:719 - [VEHICLE] conf=0.898 size=1367×1174px bbox=[933,120,2300,1294] detect_time=23ms
15:11:03 detection_manager.py:258 - [VEHICLE] fid=663376 conf=0.898 size=1367×1174px
15:11:03 detection_processor.py:2065 - [FRAME_SCORE] track=? | sharpness=0.070 (plate=0.000 frame=0.070) | conf=0.898 | area=0.538 | center=0.646 | SCORE=0.470
15:11:03 detection_processor.py:1719 - [TRACK_UPDATE] track=1 frame_count=37 score=0.561 plates=0 ocr_submitted=False
15:11:03 detection_processor.py:2139 - [DEDUP_SUMMARY] kept=1/1 tracks after deduplication
15:11:03 detection_manager.py:563 - [DEDUP_NEW] track=1 first seen — allow
15:11:03 detection_manager.py:353 - [TRACKING] fid=663376 active=1 filtered=1 eligible=1
15:11:03 detection_manager.py:287 - [SAVE_DEFER] fid=663376 no plate visible — keeping tracks eligible for next frame
15:11:03 detection_processor.py:719 - [VEHICLE] conf=0.898 size=1372×1166px bbox=[927,127,2300,1293] detect_time=25ms
15:11:03 detection_manager.py:258 - [VEHICLE] fid=663376 conf=0.898 size=1372×1166px
15:11:03 detection_processor.py:2065 - [FRAME_SCORE] track=? | sharpness=0.070 (plate=0.000 frame=0.070) | conf=0.898 | area=0.536 | center=0.648 | SCORE=0.469
15:11:03 detection_processor.py:1719 - [TRACK_UPDATE] track=1 frame_count=38 score=0.561 plates=0 ocr_submitted=False
15:11:03 detection_processor.py:2139 - [DEDUP_SUMMARY] kept=1/1 tracks after deduplication
15:11:03 detection_manager.py:563 - [DEDUP_NEW] track=1 first seen — allow
15:11:03 detection_manager.py:353 - [TRACKING] fid=663376 active=1 filtered=1 eligible=1
15:11:03 detection_manager.py:287 - [SAVE_DEFER] fid=663376 no plate visible — keeping tracks eligible for next frame
15:11:03 detection_processor.py:719 - [VEHICLE] conf=0.898 size=1378×1164px bbox=[922,129,2300,1293] detect_time=25ms
15:11:03 detection_manager.py:258 - [VEHICLE] fid=663376 conf=0.898 size=1378×1164px
15:11:03 detection_processor.py:2065 - [FRAME_SCORE] track=? | sharpness=0.061 (plate=0.000 frame=0.061) | conf=0.898 | area=0.537 | center=0.650 | SCORE=0.466
15:11:03 detection_processor.py:1719 - [TRACK_UPDATE] track=1 frame_count=39 score=0.561 plates=0 ocr_submitted=False
15:11:03 detection_processor.py:2139 - [DEDUP_SUMMARY] kept=1/1 tracks after deduplication
15:11:03 detection_manager.py:563 - [DEDUP_NEW] track=1 first seen — allow
15:11:03 detection_manager.py:353 - [TRACKING] fid=663376 active=1 filtered=1 eligible=1
15:11:03 detection_manager.py:287 - [SAVE_DEFER] fid=663376 no plate visible — keeping tracks eligible for next frame
15:11:04 detection_processor.py:719 - [VEHICLE] conf=0.898 size=1389×1167px bbox=[913,126,2302,1293] detect_time=24ms
15:11:04 detection_manager.py:258 - [VEHICLE] fid=663376 conf=0.898 size=1389×1167px
15:11:04 detection_processor.py:2065 - [FRAME_SCORE] track=? | sharpness=0.070 (plate=0.000 frame=0.070) | conf=0.898 | area=0.543 | center=0.653 | SCORE=0.471
15:11:04 detection_processor.py:1719 - [TRACK_UPDATE] track=1 frame_count=40 score=0.561 plates=0 ocr_submitted=False
15:11:04 detection_processor.py:2139 - [DEDUP_SUMMARY] kept=1/1 tracks after deduplication
15:11:04 detection_manager.py:563 - [DEDUP_NEW] track=1 first seen — allow
15:11:04 detection_manager.py:353 - [TRACKING] fid=663376 active=1 filtered=1 eligible=1
15:11:04 detection_manager.py:287 - [SAVE_DEFER] fid=663376 no plate visible — keeping tracks eligible for next frame
15:11:04 detection_processor.py:719 - [VEHICLE] conf=0.898 size=1390×1163px bbox=[909,129,2300,1292] detect_time=24ms
15:11:04 detection_manager.py:258 - [VEHICLE] fid=663376 conf=0.898 size=1390×1163px
15:11:04 detection_processor.py:2065 - [FRAME_SCORE] track=? | sharpness=0.072 (plate=0.000 frame=0.072) | conf=0.898 | area=0.542 | center=0.654 | SCORE=0.472
15:11:04 detection_processor.py:1719 - [TRACK_UPDATE] track=1 frame_count=41 score=0.561 plates=0 ocr_submitted=False
15:11:04 detection_processor.py:2139 - [DEDUP_SUMMARY] kept=1/1 tracks after deduplication
15:11:04 detection_manager.py:563 - [DEDUP_NEW] track=1 first seen — allow
15:11:04 detection_manager.py:353 - [TRACKING] fid=663376 active=1 filtered=1 eligible=1
15:11:04 detection_manager.py:287 - [SAVE_DEFER] fid=663376 no plate visible — keeping tracks eligible for next frame
15:11:04 detection_processor.py:719 - [VEHICLE] conf=0.898 size=1404×1163px bbox=[897,126,2302,1290] detect_time=21ms
15:11:04 detection_manager.py:258 - [VEHICLE] fid=663376 conf=0.898 size=1404×1163px
15:11:04 detection_processor.py:2065 - [FRAME_SCORE] track=? | sharpness=0.076 (plate=0.000 frame=0.076) | conf=0.898 | area=0.547 | center=0.658 | SCORE=0.475
15:11:04 detection_processor.py:1719 - [TRACK_UPDATE] track=1 frame_count=42 score=0.561 plates=0 ocr_submitted=False
15:11:04 detection_processor.py:2139 - [DEDUP_SUMMARY] kept=1/1 tracks after deduplication
15:11:04 detection_manager.py:563 - [DEDUP_NEW] track=1 first seen — allow
15:11:04 detection_manager.py:353 - [TRACKING] fid=663376 active=1 filtered=1 eligible=1
15:11:04 detection_manager.py:287 - [SAVE_DEFER] fid=663376 no plate visible — keeping tracks eligible for next frame
15:11:04 detection_processor.py:719 - [VEHICLE] conf=0.898 size=1416×1156px bbox=[884,131,2300,1288] detect_time=25ms
15:11:04 detection_manager.py:258 - [VEHICLE] fid=663376 conf=0.898 size=1416×1156px
15:11:04 detection_processor.py:2065 - [FRAME_SCORE] track=? | sharpness=0.097 (plate=0.000 frame=0.097) | conf=0.898 | area=0.549 | center=0.664 | SCORE=0.484
15:11:04 detection_processor.py:1719 - [TRACK_UPDATE] track=1 frame_count=43 score=0.561 plates=0 ocr_submitted=False
15:11:04 detection_processor.py:2139 - [DEDUP_SUMMARY] kept=1/1 tracks after deduplication
15:11:04 detection_manager.py:563 - [DEDUP_NEW] track=1 first seen — allow
15:11:04 detection_manager.py:353 - [TRACKING] fid=663376 active=1 filtered=1 eligible=1
15:11:04 detection_manager.py:287 - [SAVE_DEFER] fid=663376 no plate visible — keeping tracks eligible for next frame
15:11:04 detection_processor.py:719 - [VEHICLE] conf=0.898 size=1436×1158px bbox=[863,128,2300,1286] detect_time=21ms
15:11:04 detection_manager.py:258 - [VEHICLE] fid=663376 conf=0.898 size=1436×1158px
15:11:04 detection_processor.py:2065 - [FRAME_SCORE] track=? | sharpness=0.084 (plate=0.000 frame=0.084) | conf=0.898 | area=0.557 | center=0.672 | SCORE=0.482
15:11:04 detection_processor.py:1719 - [TRACK_UPDATE] track=1 frame_count=44 score=0.561 plates=0 ocr_submitted=False
15:11:04 detection_processor.py:2139 - [DEDUP_SUMMARY] kept=1/1 tracks after deduplication
15:11:04 detection_manager.py:563 - [DEDUP_NEW] track=1 first seen — allow
15:11:04 detection_manager.py:353 - [TRACKING] fid=663376 active=1 filtered=1 eligible=1
15:11:04 detection_manager.py:287 - [SAVE_DEFER] fid=663376 no plate visible — keeping tracks eligible for next frame
15:11:05 detection_processor.py:719 - [VEHICLE] conf=0.898 size=1454×1158px bbox=[846,124,2300,1282] detect_time=22ms
15:11:05 detection_manager.py:258 - [VEHICLE] fid=663376 conf=0.898 size=1454×1158px
15:11:05 detection_processor.py:2065 - [FRAME_SCORE] track=? | sharpness=0.090 (plate=0.000 frame=0.090) | conf=0.898 | area=0.564 | center=0.679 | SCORE=0.486
15:11:05 detection_processor.py:1719 - [TRACK_UPDATE] track=1 frame_count=45 score=0.561 plates=0 ocr_submitted=False
15:11:05 detection_processor.py:2139 - [DEDUP_SUMMARY] kept=1/1 tracks after deduplication
15:11:05 detection_manager.py:563 - [DEDUP_NEW] track=1 first seen — allow
15:11:05 detection_manager.py:353 - [TRACKING] fid=663376 active=1 filtered=1 eligible=1
15:11:05 detection_manager.py:287 - [SAVE_DEFER] fid=663376 no plate visible — keeping tracks eligible for next frame
15:11:05 detection_processor.py:719 - [VEHICLE] conf=0.898 size=1494×1153px bbox=[809,132,2304,1286] detect_time=30ms
15:11:05 detection_manager.py:258 - [VEHICLE] fid=663376 conf=0.898 size=1494×1153px
15:11:05 detection_processor.py:2065 - [FRAME_SCORE] track=? | sharpness=0.083 (plate=0.000 frame=0.083) | conf=0.898 | area=0.577 | center=0.690 | SCORE=0.487
15:11:05 detection_processor.py:1719 - [TRACK_UPDATE] track=1 frame_count=46 score=0.561 plates=0 ocr_submitted=False
15:11:05 detection_processor.py:2139 - [DEDUP_SUMMARY] kept=1/1 tracks after deduplication
15:11:05 detection_manager.py:563 - [DEDUP_NEW] track=1 first seen — allow
15:11:05 detection_manager.py:353 - [TRACKING] fid=663376 active=1 filtered=1 eligible=1
15:11:05 detection_manager.py:287 - [SAVE_DEFER] fid=663376 no plate visible — keeping tracks eligible for next frame
15:11:05 detection_processor.py:719 - [VEHICLE] conf=0.898 size=1517×1144px bbox=[784,138,2302,1282] detect_time=26ms
15:11:05 detection_manager.py:258 - [VEHICLE] fid=663376 conf=0.898 size=1517×1144px
15:11:05 detection_processor.py:2065 - [FRAME_SCORE] track=? | sharpness=0.065 (plate=0.000 frame=0.065) | conf=0.898 | area=0.582 | center=0.701 | SCORE=0.482
15:11:05 detection_processor.py:1719 - [TRACK_UPDATE] track=1 frame_count=47 score=0.561 plates=0 ocr_submitted=False
15:11:05 detection_processor.py:2139 - [DEDUP_SUMMARY] kept=1/1 tracks after deduplication
15:11:05 detection_manager.py:563 - [DEDUP_NEW] track=1 first seen — allow
15:11:05 detection_manager.py:353 - [TRACKING] fid=663376 active=1 filtered=1 eligible=1
15:11:05 detection_manager.py:287 - [SAVE_DEFER] fid=663376 no plate visible — keeping tracks eligible for next frame
15:11:05 detection_processor.py:719 - [VEHICLE] conf=0.898 size=1545×1133px bbox=[754,152,2300,1285] detect_time=23ms
15:11:05 detection_manager.py:258 - [VEHICLE] fid=663376 conf=0.898 size=1545×1133px
15:11:05 detection_processor.py:2065 - [FRAME_SCORE] track=? | sharpness=0.057 (plate=0.000 frame=0.057) | conf=0.898 | area=0.587 | center=0.711 | SCORE=0.481
15:11:05 detection_processor.py:1719 - [TRACK_UPDATE] track=1 frame_count=48 score=0.561 plates=0 ocr_submitted=False
15:11:05 detection_processor.py:2139 - [DEDUP_SUMMARY] kept=1/1 tracks after deduplication
15:11:05 detection_manager.py:563 - [DEDUP_NEW] track=1 first seen — allow
15:11:05 detection_manager.py:353 - [TRACKING] fid=663376 active=1 filtered=1 eligible=1
15:11:05 detection_manager.py:287 - [SAVE_DEFER] fid=663376 no plate visible — keeping tracks eligible for next frame
15:11:05 detection_processor.py:719 - [VEHICLE] conf=0.898 size=1575×1124px bbox=[726,162,2301,1286] detect_time=23ms
15:11:05 detection_manager.py:258 - [VEHICLE] fid=663376 conf=0.898 size=1575×1124px
15:11:05 detection_processor.py:2065 - [FRAME_SCORE] track=? | sharpness=0.048 (plate=0.000 frame=0.048) | conf=0.898 | area=0.593 | center=0.720 | SCORE=0.479
15:11:05 detection_processor.py:1719 - [TRACK_UPDATE] track=1 frame_count=49 score=0.561 plates=0 ocr_submitted=False
15:11:05 detection_processor.py:2139 - [DEDUP_SUMMARY] kept=1/1 tracks after deduplication
15:11:05 detection_manager.py:563 - [DEDUP_NEW] track=1 first seen — allow
15:11:05 detection_manager.py:353 - [TRACKING] fid=663376 active=1 filtered=1 eligible=1
15:11:05 detection_manager.py:287 - [SAVE_DEFER] fid=663376 no plate visible — keeping tracks eligible for next frame
15:11:06 detection_processor.py:719 - [VEHICLE] conf=0.898 size=1600×1117px bbox=[700,173,2301,1290] detect_time=28ms
15:11:06 detection_manager.py:258 - [VEHICLE] fid=663376 conf=0.898 size=1600×1117px
15:11:06 detection_processor.py:2065 - [FRAME_SCORE] track=? | sharpness=0.047 (plate=0.000 frame=0.047) | conf=0.898 | area=0.599 | center=0.729 | SCORE=0.481
15:11:06 detection_processor.py:1719 - [TRACK_UPDATE] track=1 frame_count=50 score=0.561 plates=0 ocr_submitted=False
15:11:06 detection_processor.py:2139 - [DEDUP_SUMMARY] kept=1/1 tracks after deduplication
15:11:06 detection_manager.py:563 - [DEDUP_NEW] track=1 first seen — allow
15:11:06 detection_manager.py:353 - [TRACKING] fid=663376 active=1 filtered=1 eligible=1
15:11:06 detection_manager.py:287 - [SAVE_DEFER] fid=663376 no plate visible — keeping tracks eligible for next frame
15:11:06 detection_processor.py:719 - [VEHICLE] conf=0.898 size=1629×1098px bbox=[672,192,2301,1291] detect_time=24ms
15:11:06 detection_manager.py:258 - [VEHICLE] fid=663376 conf=0.898 size=1629×1098px
15:11:06 detection_processor.py:2065 - [FRAME_SCORE] track=? | sharpness=0.048 (plate=0.000 frame=0.048) | conf=0.898 | area=0.600 | center=0.737 | SCORE=0.482
15:11:06 detection_processor.py:1719 - [TRACK_UPDATE] track=1 frame_count=51 score=0.561 plates=0 ocr_submitted=False
15:11:06 detection_processor.py:2139 - [DEDUP_SUMMARY] kept=1/1 tracks after deduplication
15:11:06 detection_manager.py:563 - [DEDUP_NEW] track=1 first seen — allow
15:11:06 detection_manager.py:353 - [TRACKING] fid=663376 active=1 filtered=1 eligible=1
15:11:06 detection_manager.py:287 - [SAVE_DEFER] fid=663376 no plate visible — keeping tracks eligible for next frame
15:11:06 detection_processor.py:719 - [VEHICLE] conf=0.898 size=1657×1079px bbox=[644,214,2301,1293] detect_time=25ms
15:11:06 detection_manager.py:258 - [VEHICLE] fid=663376 conf=0.898 size=1657×1079px
15:11:06 detection_processor.py:2065 - [FRAME_SCORE] track=? | sharpness=0.050 (plate=0.000 frame=0.050) | conf=0.898 | area=0.599 | center=0.744 | SCORE=0.484
15:11:06 detection_processor.py:1719 - [TRACK_UPDATE] track=1 frame_count=52 score=0.561 plates=0 ocr_submitted=False
15:11:06 detection_processor.py:2139 - [DEDUP_SUMMARY] kept=1/1 tracks after deduplication
15:11:06 detection_manager.py:563 - [DEDUP_NEW] track=1 first seen — allow
15:11:06 detection_manager.py:353 - [TRACKING] fid=663376 active=1 filtered=1 eligible=1
15:11:06 detection_manager.py:287 - [SAVE_DEFER] fid=663376 no plate visible — keeping tracks eligible for next frame
15:11:06 detection_processor.py:719 - [VEHICLE] conf=0.898 size=1674×1069px bbox=[628,226,2303,1296] detect_time=21ms
15:11:06 detection_manager.py:258 - [VEHICLE] fid=663376 conf=0.898 size=1674×1069px
15:11:06 detection_processor.py:2065 - [FRAME_SCORE] track=? | sharpness=0.047 (plate=0.000 frame=0.047) | conf=0.898 | area=0.600 | center=0.748 | SCORE=0.483
15:11:06 detection_processor.py:1719 - [TRACK_UPDATE] track=1 frame_count=53 score=0.561 plates=0 ocr_submitted=False
15:11:06 detection_processor.py:2139 - [DEDUP_SUMMARY] kept=1/1 tracks after deduplication
15:11:06 detection_manager.py:563 - [DEDUP_NEW] track=1 first seen — allow
15:11:06 detection_manager.py:353 - [TRACKING] fid=663376 active=1 filtered=1 eligible=1
15:11:06 detection_manager.py:287 - [SAVE_DEFER] fid=663376 no plate visible — keeping tracks eligible for next frame
15:11:06 detection_processor.py:719 - [VEHICLE] conf=0.898 size=1693×1054px bbox=[608,242,2301,1296] detect_time=24ms
15:11:06 detection_manager.py:258 - [VEHICLE] fid=321200 conf=0.898 size=1693×1054px
15:11:06 detection_processor.py:2065 - [FRAME_SCORE] track=? | sharpness=0.035 (plate=0.000 frame=0.035) | conf=0.898 | area=0.598 | center=0.753 | SCORE=0.478
15:11:06 detection_processor.py:1719 - [TRACK_UPDATE] track=1 frame_count=54 score=0.561 plates=0 ocr_submitted=False
15:11:06 detection_processor.py:2139 - [DEDUP_SUMMARY] kept=1/1 tracks after deduplication
15:11:06 detection_manager.py:563 - [DEDUP_NEW] track=1 first seen — allow
15:11:06 detection_manager.py:353 - [TRACKING] fid=321200 active=1 filtered=1 eligible=1
15:11:06 detection_manager.py:287 - [SAVE_DEFER] fid=321200 no plate visible — keeping tracks eligible for next frame
15:11:07 detection_processor.py:719 - [VEHICLE] conf=0.898 size=1708×1040px bbox=[593,256,2301,1296] detect_time=23ms
15:11:07 detection_manager.py:258 - [VEHICLE] fid=321296 conf=0.898 size=1708×1040px
15:11:07 detection_processor.py:2065 - [FRAME_SCORE] track=? | sharpness=0.036 (plate=0.000 frame=0.036) | conf=0.898 | area=0.595 | center=0.757 | SCORE=0.479
15:11:07 detection_processor.py:1719 - [TRACK_UPDATE] track=1 frame_count=55 score=0.561 plates=0 ocr_submitted=False
15:11:07 detection_processor.py:2139 - [DEDUP_SUMMARY] kept=1/1 tracks after deduplication
15:11:07 detection_manager.py:563 - [DEDUP_NEW] track=1 first seen — allow
15:11:07 detection_manager.py:353 - [TRACKING] fid=321296 active=1 filtered=1 eligible=1
15:11:07 detection_manager.py:287 - [SAVE_DEFER] fid=321296 no plate visible — keeping tracks eligible for next frame
15:11:07 detection_processor.py:719 - [VEHICLE] conf=0.898 size=1722×1018px bbox=[582,275,2304,1293] detect_time=29ms
15:11:07 detection_manager.py:258 - [VEHICLE] fid=663376 conf=0.898 size=1722×1018px
15:11:07 detection_processor.py:2065 - [FRAME_SCORE] track=? | sharpness=0.041 (plate=0.000 frame=0.041) | conf=0.898 | area=0.587 | center=0.757 | SCORE=0.479
15:11:07 detection_processor.py:1719 - [TRACK_UPDATE] track=1 frame_count=56 score=0.561 plates=0 ocr_submitted=False
15:11:07 detection_processor.py:2139 - [DEDUP_SUMMARY] kept=1/1 tracks after deduplication
15:11:07 detection_manager.py:563 - [DEDUP_NEW] track=1 first seen — allow
15:11:07 detection_manager.py:353 - [TRACKING] fid=663376 active=1 filtered=1 eligible=1
15:11:07 detection_manager.py:287 - [SAVE_DEFER] fid=663376 no plate visible — keeping tracks eligible for next frame
15:11:07 detection_processor.py:719 - [VEHICLE] conf=0.898 size=1727×1016px bbox=[576,279,2304,1296] detect_time=21ms
15:11:07 detection_manager.py:258 - [VEHICLE] fid=663376 conf=0.898 size=1727×1016px
15:11:07 detection_processor.py:2065 - [FRAME_SCORE] track=? | sharpness=0.048 (plate=0.000 frame=0.048) | conf=0.898 | area=0.588 | center=0.758 | SCORE=0.482
15:11:07 detection_processor.py:1719 - [TRACK_UPDATE] track=1 frame_count=57 score=0.561 plates=0 ocr_submitted=False
15:11:07 detection_processor.py:2139 - [DEDUP_SUMMARY] kept=1/1 tracks after deduplication
15:11:07 detection_manager.py:563 - [DEDUP_NEW] track=1 first seen — allow
15:11:07 detection_manager.py:353 - [TRACKING] fid=663376 active=1 filtered=1 eligible=1
15:11:07 detection_manager.py:287 - [SAVE_DEFER] fid=663376 no plate visible — keeping tracks eligible for next frame
15:11:07 detection_processor.py:719 - [VEHICLE] conf=0.898 size=1734×1010px bbox=[569,285,2304,1296] detect_time=25ms
15:11:07 detection_manager.py:258 - [VEHICLE] fid=663376 conf=0.898 size=1734×1010px
15:11:07 detection_processor.py:2065 - [FRAME_SCORE] track=? | sharpness=0.048 (plate=0.000 frame=0.048) | conf=0.898 | area=0.587 | center=0.759 | SCORE=0.482
15:11:07 detection_processor.py:1719 - [TRACK_UPDATE] track=1 frame_count=58 score=0.561 plates=0 ocr_submitted=False
15:11:07 detection_processor.py:2139 - [DEDUP_SUMMARY] kept=1/1 tracks after deduplication
15:11:07 detection_manager.py:563 - [DEDUP_NEW] track=1 first seen — allow
15:11:07 detection_manager.py:353 - [TRACKING] fid=663376 active=1 filtered=1 eligible=1
15:11:07 detection_manager.py:287 - [SAVE_DEFER] fid=663376 no plate visible — keeping tracks eligible for next frame
15:11:07 detection_processor.py:719 - [VEHICLE] conf=0.898 size=1735×1003px bbox=[569,292,2304,1296] detect_time=24ms
15:11:07 detection_manager.py:258 - [VEHICLE] fid=321584 conf=0.898 size=1735×1003px
15:11:07 detection_processor.py:2065 - [FRAME_SCORE] track=? | sharpness=0.048 (plate=0.000 frame=0.048) | conf=0.898 | area=0.583 | center=0.758 | SCORE=0.481
15:11:07 detection_processor.py:1719 - [TRACK_UPDATE] track=1 frame_count=59 score=0.561 plates=0 ocr_submitted=False
15:11:07 detection_processor.py:2139 - [DEDUP_SUMMARY] kept=1/1 tracks after deduplication
15:11:07 detection_manager.py:563 - [DEDUP_NEW] track=1 first seen — allow
15:11:07 detection_manager.py:353 - [TRACKING] fid=321584 active=1 filtered=1 eligible=1
15:11:07 detection_manager.py:287 - [SAVE_DEFER] fid=321584 no plate visible — keeping tracks eligible for next frame
15:11:08 detection_processor.py:719 - [VEHICLE] conf=0.898 size=1736×1003px bbox=[567,292,2304,1296] detect_time=24ms
15:11:08 detection_manager.py:258 - [VEHICLE] fid=321680 conf=0.898 size=1736×1003px
15:11:08 detection_processor.py:2065 - [FRAME_SCORE] track=? | sharpness=0.036 (plate=0.000 frame=0.036) | conf=0.898 | area=0.584 | center=0.759 | SCORE=0.476
15:11:08 detection_processor.py:1719 - [TRACK_UPDATE] track=1 frame_count=60 score=0.561 plates=0 ocr_submitted=False
15:11:08 detection_processor.py:2139 - [DEDUP_SUMMARY] kept=1/1 tracks after deduplication
15:11:08 detection_manager.py:563 - [DEDUP_NEW] track=1 first seen — allow
15:11:08 detection_manager.py:353 - [TRACKING] fid=321680 active=1 filtered=1 eligible=1
15:11:08 detection_manager.py:287 - [SAVE_DEFER] fid=321680 no plate visible — keeping tracks eligible for next frame
15:11:08 detection_processor.py:719 - [VEHICLE] conf=0.898 size=1733×1003px bbox=[571,292,2304,1295] detect_time=25ms
15:11:08 detection_manager.py:258 - [VEHICLE] fid=322064 conf=0.898 size=1733×1003px
15:11:08 detection_processor.py:2065 - [FRAME_SCORE] track=? | sharpness=0.033 (plate=0.000 frame=0.033) | conf=0.898 | area=0.582 | center=0.758 | SCORE=0.475
15:11:08 detection_processor.py:1719 - [TRACK_UPDATE] track=1 frame_count=61 score=0.561 plates=0 ocr_submitted=False
15:11:08 detection_processor.py:2139 - [DEDUP_SUMMARY] kept=1/1 tracks after deduplication
15:11:08 detection_manager.py:563 - [DEDUP_NEW] track=1 first seen — allow
15:11:08 detection_manager.py:353 - [TRACKING] fid=322064 active=1 filtered=1 eligible=1
15:11:08 detection_manager.py:287 - [SAVE_DEFER] fid=322064 no plate visible — keeping tracks eligible for next frame
15:11:08 detection_processor.py:719 - [VEHICLE] conf=0.898 size=1738×1003px bbox=[565,292,2304,1295] detect_time=26ms
15:11:08 detection_manager.py:258 - [VEHICLE] fid=320240 conf=0.898 size=1738×1003px
15:11:08 detection_processor.py:2065 - [FRAME_SCORE] track=? | sharpness=0.028 (plate=0.000 frame=0.028) | conf=0.898 | area=0.584 | center=0.760 | SCORE=0.473
15:11:08 detection_processor.py:1719 - [TRACK_UPDATE] track=1 frame_count=62 score=0.561 plates=0 ocr_submitted=False
15:11:08 detection_processor.py:2139 - [DEDUP_SUMMARY] kept=1/1 tracks after deduplication
15:11:08 detection_manager.py:563 - [DEDUP_NEW] track=1 first seen — allow
15:11:08 detection_manager.py:353 - [TRACKING] fid=320240 active=1 filtered=1 eligible=1
15:11:08 detection_manager.py:287 - [SAVE_DEFER] fid=320240 no plate visible — keeping tracks eligible for next frame
15:11:08 detection_processor.py:719 - [VEHICLE] conf=0.898 size=1738×1004px bbox=[566,290,2304,1294] detect_time=25ms
15:11:08 detection_manager.py:258 - [VEHICLE] fid=321584 conf=0.898 size=1738×1004px
15:11:08 detection_processor.py:2065 - [FRAME_SCORE] track=? | sharpness=0.027 (plate=0.000 frame=0.027) | conf=0.898 | area=0.585 | center=0.760 | SCORE=0.473
15:11:08 detection_processor.py:1719 - [TRACK_UPDATE] track=1 frame_count=63 score=0.561 plates=0 ocr_submitted=False
15:11:08 detection_processor.py:2139 - [DEDUP_SUMMARY] kept=1/1 tracks after deduplication
15:11:08 detection_manager.py:563 - [DEDUP_NEW] track=1 first seen — allow
15:11:08 detection_manager.py:353 - [TRACKING] fid=321584 active=1 filtered=1 eligible=1
15:11:08 detection_manager.py:287 - [SAVE_DEFER] fid=321584 no plate visible — keeping tracks eligible for next frame
15:11:08 detection_processor.py:719 - [VEHICLE] conf=0.898 size=1736×1002px bbox=[567,292,2304,1294] detect_time=23ms
15:11:08 detection_manager.py:258 - [VEHICLE] fid=321296 conf=0.898 size=1736×1002px
15:11:08 mqtt_client.py:26 - Connected to MQTT broker at lprserver.tail605477.ts.net:1883
15:11:08 detection_processor.py:2065 - [FRAME_SCORE] track=? | sharpness=0.028 (plate=0.000 frame=0.028) | conf=0.898 | area=0.583 | center=0.759 | SCORE=0.473
15:11:08 detection_processor.py:1719 - [TRACK_UPDATE] track=1 frame_count=64 score=0.561 plates=0 ocr_submitted=False
15:11:08 detection_processor.py:2139 - [DEDUP_SUMMARY] kept=1/1 tracks after deduplication
15:11:08 detection_manager.py:563 - [DEDUP_NEW] track=1 first seen — allow
15:11:08 detection_manager.py:353 - [TRACKING] fid=321296 active=1 filtered=1 eligible=1
15:11:08 detection_manager.py:287 - [SAVE_DEFER] fid=321296 no plate visible — keeping tracks eligible for next frame
15:11:09 detection_processor.py:719 - [VEHICLE] conf=0.898 size=1738×1004px bbox=[565,289,2304,1294] detect_time=25ms
15:11:09 detection_manager.py:258 - [VEHICLE] fid=320816 conf=0.898 size=1738×1004px
15:11:09 detection_processor.py:2065 - [FRAME_SCORE] track=? | sharpness=0.028 (plate=0.000 frame=0.028) | conf=0.898 | area=0.585 | center=0.760 | SCORE=0.473
15:11:09 detection_processor.py:1719 - [TRACK_UPDATE] track=1 frame_count=65 score=0.561 plates=0 ocr_submitted=False
15:11:09 detection_processor.py:2139 - [DEDUP_SUMMARY] kept=1/1 tracks after deduplication
15:11:09 detection_manager.py:563 - [DEDUP_NEW] track=1 first seen — allow
15:11:09 detection_manager.py:353 - [TRACKING] fid=320816 active=1 filtered=1 eligible=1
15:11:09 detection_manager.py:287 - [SAVE_DEFER] fid=320816 no plate visible — keeping tracks eligible for next frame
15:11:09 detection_processor.py:719 - [VEHICLE] conf=0.898 size=1736×1004px bbox=[567,292,2304,1296] detect_time=23ms
15:11:09 detection_manager.py:258 - [VEHICLE] fid=321584 conf=0.898 size=1736×1004px
15:11:09 detection_processor.py:2065 - [FRAME_SCORE] track=? | sharpness=0.032 (plate=0.000 frame=0.032) | conf=0.898 | area=0.584 | center=0.759 | SCORE=0.475
15:11:09 detection_processor.py:1719 - [TRACK_UPDATE] track=1 frame_count=66 score=0.561 plates=0 ocr_submitted=False
15:11:09 detection_processor.py:2139 - [DEDUP_SUMMARY] kept=1/1 tracks after deduplication
15:11:09 detection_manager.py:563 - [DEDUP_NEW] track=1 first seen — allow
15:11:09 detection_manager.py:353 - [TRACKING] fid=321584 active=1 filtered=1 eligible=1
15:11:09 detection_manager.py:287 - [SAVE_DEFER] fid=321584 no plate visible — keeping tracks eligible for next frame
15:11:09 detection_processor.py:719 - [VEHICLE] conf=0.898 size=1733×1006px bbox=[571,290,2304,1296] detect_time=22ms
15:11:09 detection_manager.py:258 - [VEHICLE] fid=320336 conf=0.898 size=1733×1006px
15:11:09 detection_processor.py:2065 - [FRAME_SCORE] track=? | sharpness=0.037 (plate=0.000 frame=0.037) | conf=0.898 | area=0.584 | center=0.758 | SCORE=0.477
15:11:09 detection_processor.py:1719 - [TRACK_UPDATE] track=1 frame_count=67 score=0.561 plates=0 ocr_submitted=False
15:11:09 detection_processor.py:2139 - [DEDUP_SUMMARY] kept=1/1 tracks after deduplication
15:11:09 detection_manager.py:563 - [DEDUP_NEW] track=1 first seen — allow
15:11:09 detection_manager.py:353 - [TRACKING] fid=320336 active=1 filtered=1 eligible=1
15:11:09 detection_manager.py:287 - [SAVE_DEFER] fid=320336 no plate visible — keeping tracks eligible for next frame
15:11:09 detection_processor.py:719 - [VEHICLE] conf=0.898 size=1733×1007px bbox=[571,288,2304,1296] detect_time=21ms
15:11:09 detection_manager.py:258 - [VEHICLE] fid=321200 conf=0.898 size=1733×1007px
15:11:09 detection_processor.py:2065 - [FRAME_SCORE] track=? | sharpness=0.040 (plate=0.000 frame=0.040) | conf=0.898 | area=0.585 | center=0.758 | SCORE=0.478
15:11:09 detection_processor.py:1719 - [TRACK_UPDATE] track=1 frame_count=68 score=0.561 plates=0 ocr_submitted=False
15:11:09 detection_processor.py:2139 - [DEDUP_SUMMARY] kept=1/1 tracks after deduplication
15:11:09 detection_manager.py:563 - [DEDUP_NEW] track=1 first seen — allow
15:11:09 detection_manager.py:353 - [TRACKING] fid=321200 active=1 filtered=1 eligible=1
15:11:09 detection_manager.py:287 - [SAVE_DEFER] fid=321200 no plate visible — keeping tracks eligible for next frame
15:11:09 detection_processor.py:719 - [VEHICLE] conf=0.898 size=1736×1014px bbox=[567,281,2304,1296] detect_time=20ms
15:11:09 detection_manager.py:258 - [VEHICLE] fid=321488 conf=0.898 size=1736×1014px
15:11:09 detection_processor.py:2065 - [FRAME_SCORE] track=? | sharpness=0.043 (plate=0.000 frame=0.043) | conf=0.898 | area=0.590 | center=0.760 | SCORE=0.481
15:11:09 detection_processor.py:1719 - [TRACK_UPDATE] track=1 frame_count=69 score=0.561 plates=0 ocr_submitted=False
15:11:09 detection_processor.py:2139 - [DEDUP_SUMMARY] kept=1/1 tracks after deduplication
15:11:09 detection_manager.py:563 - [DEDUP_NEW] track=1 first seen — allow
15:11:09 detection_manager.py:353 - [TRACKING] fid=321488 active=1 filtered=1 eligible=1
15:11:09 detection_manager.py:287 - [SAVE_DEFER] fid=321488 no plate visible — keeping tracks eligible for next frame
15:11:10 detection_processor.py:719 - [VEHICLE] conf=0.898 size=1725×1020px bbox=[578,276,2304,1296] detect_time=21ms
15:11:10 detection_manager.py:258 - [VEHICLE] fid=322256 conf=0.898 size=1725×1020px
15:11:10 detection_processor.py:2065 - [FRAME_SCORE] track=? | sharpness=0.042 (plate=0.000 frame=0.042) | conf=0.898 | area=0.590 | center=0.758 | SCORE=0.480
15:11:10 detection_processor.py:1719 - [TRACK_UPDATE] track=1 frame_count=70 score=0.561 plates=0 ocr_submitted=False
15:11:10 detection_processor.py:2139 - [DEDUP_SUMMARY] kept=1/1 tracks after deduplication
15:11:10 detection_manager.py:563 - [DEDUP_NEW] track=1 first seen — allow
15:11:10 detection_manager.py:353 - [TRACKING] fid=322256 active=1 filtered=1 eligible=1
15:11:10 detection_manager.py:287 - [SAVE_DEFER] fid=322256 no plate visible — keeping tracks eligible for next frame
15:11:10 detection_processor.py:719 - [VEHICLE] conf=0.898 size=1714×1037px bbox=[589,258,2304,1296] detect_time=25ms
15:11:10 detection_manager.py:258 - [VEHICLE] fid=321584 conf=0.898 size=1714×1037px
15:11:10 detection_processor.py:2065 - [FRAME_SCORE] track=? | sharpness=0.038 (plate=0.000 frame=0.038) | conf=0.898 | area=0.596 | center=0.757 | SCORE=0.479
15:11:10 detection_processor.py:1719 - [TRACK_UPDATE] track=1 frame_count=71 score=0.561 plates=0 ocr_submitted=False
15:11:10 detection_processor.py:2139 - [DEDUP_SUMMARY] kept=1/1 tracks after deduplication
15:11:10 detection_manager.py:563 - [DEDUP_NEW] track=1 first seen — allow
15:11:10 detection_manager.py:353 - [TRACKING] fid=321584 active=1 filtered=1 eligible=1
15:11:10 detection_manager.py:287 - [SAVE_DEFER] fid=321584 no plate visible — keeping tracks eligible for next frame
15:11:10 detection_processor.py:719 - [VEHICLE] conf=0.898 size=1690×1061px bbox=[611,235,2301,1296] detect_time=24ms
15:11:10 detection_manager.py:258 - [VEHICLE] fid=320720 conf=0.898 size=1690×1061px
15:11:10 detection_processor.py:2065 - [FRAME_SCORE] track=? | sharpness=0.030 (plate=0.000 frame=0.030) | conf=0.898 | area=0.601 | center=0.753 | SCORE=0.477
15:11:10 detection_processor.py:1719 - [TRACK_UPDATE] track=1 frame_count=72 score=0.561 plates=0 ocr_submitted=False
15:11:10 detection_processor.py:2139 - [DEDUP_SUMMARY] kept=1/1 tracks after deduplication
15:11:10 detection_manager.py:563 - [DEDUP_NEW] track=1 first seen — allow
15:11:10 detection_manager.py:353 - [TRACKING] fid=320720 active=1 filtered=1 eligible=1
15:11:10 detection_manager.py:287 - [SAVE_DEFER] fid=320720 no plate visible — keeping tracks eligible for next frame
15:11:10 detection_processor.py:719 - [VEHICLE] conf=0.898 size=1670×1086px bbox=[629,209,2300,1296] detect_time=23ms
15:11:10 detection_manager.py:258 - [VEHICLE] fid=320816 conf=0.898 size=1670×1086px
15:11:10 detection_processor.py:2065 - [FRAME_SCORE] track=? | sharpness=0.027 (plate=0.000 frame=0.027) | conf=0.898 | area=0.608 | center=0.751 | SCORE=0.477
15:11:10 detection_processor.py:1719 - [TRACK_UPDATE] track=1 frame_count=73 score=0.561 plates=0 ocr_submitted=False
15:11:10 detection_processor.py:2139 - [DEDUP_SUMMARY] kept=1/1 tracks after deduplication
15:11:10 detection_manager.py:563 - [DEDUP_NEW] track=1 first seen — allow
15:11:10 detection_manager.py:353 - [TRACKING] fid=320816 active=1 filtered=1 eligible=1
15:11:10 detection_manager.py:287 - [SAVE_DEFER] fid=320816 no plate visible — keeping tracks eligible for next frame
15:11:10 detection_processor.py:719 - [VEHICLE] conf=0.898 size=1643×1129px bbox=[659,167,2303,1296] detect_time=24ms
15:11:10 detection_manager.py:258 - [VEHICLE] fid=321584 conf=0.898 size=1643×1129px
15:11:10 detection_processor.py:2065 - [FRAME_SCORE] track=? | sharpness=0.025 (plate=0.000 frame=0.025) | conf=0.898 | area=0.622 | center=0.743 | SCORE=0.478
15:11:10 detection_processor.py:1719 - [TRACK_UPDATE] track=1 frame_count=74 score=0.561 plates=0 ocr_submitted=False
15:11:10 detection_processor.py:2139 - [DEDUP_SUMMARY] kept=1/1 tracks after deduplication
15:11:10 detection_manager.py:563 - [DEDUP_NEW] track=1 first seen — allow
15:11:10 detection_manager.py:353 - [TRACKING] fid=321584 active=1 filtered=1 eligible=1
15:11:10 detection_manager.py:287 - [SAVE_DEFER] fid=321584 no plate visible — keeping tracks eligible for next frame
15:11:11 detection_processor.py:719 - [VEHICLE] conf=0.898 size=1613×1162px bbox=[688,133,2301,1296] detect_time=20ms
15:11:11 detection_manager.py:258 - [VEHICLE] fid=321584 conf=0.898 size=1613×1162px
15:11:11 detection_processor.py:2065 - [FRAME_SCORE] track=? | sharpness=0.036 (plate=0.000 frame=0.036) | conf=0.898 | area=0.628 | center=0.736 | SCORE=0.483
15:11:11 detection_processor.py:1719 - [TRACK_UPDATE] track=1 frame_count=75 score=0.561 plates=0 ocr_submitted=False
15:11:11 detection_processor.py:2139 - [DEDUP_SUMMARY] kept=1/1 tracks after deduplication
15:11:11 detection_manager.py:563 - [DEDUP_NEW] track=1 first seen — allow
15:11:11 detection_manager.py:353 - [TRACKING] fid=321584 active=1 filtered=1 eligible=1
15:11:11 detection_manager.py:287 - [SAVE_DEFER] fid=321584 no plate visible — keeping tracks eligible for next frame
15:11:11 detection_processor.py:719 - [VEHICLE] conf=0.898 size=1593×1205px bbox=[708,90,2301,1296] detect_time=29ms
15:11:11 detection_manager.py:258 - [VEHICLE] fid=321296 conf=0.898 size=1593×1205px
15:11:11 detection_processor.py:2065 - [FRAME_SCORE] track=? | sharpness=0.028 (plate=0.000 frame=0.028) | conf=0.898 | area=0.644 | center=0.731 | SCORE=0.482
15:11:11 detection_processor.py:1719 - [TRACK_UPDATE] track=1 frame_count=76 score=0.561 plates=0 ocr_submitted=False
15:11:11 detection_processor.py:2139 - [DEDUP_SUMMARY] kept=1/1 tracks after deduplication
15:11:11 detection_manager.py:563 - [DEDUP_NEW] track=1 first seen — allow
15:11:11 detection_manager.py:353 - [TRACKING] fid=321296 active=1 filtered=1 eligible=1
15:11:11 detection_manager.py:287 - [SAVE_DEFER] fid=321296 no plate visible — keeping tracks eligible for next frame
15:11:11 detection_processor.py:719 - [VEHICLE] conf=0.898 size=1545×1274px bbox=[757,21,2303,1296] detect_time=23ms
15:11:11 detection_manager.py:258 - [VEHICLE] fid=321584 conf=0.898 size=1545×1274px
15:11:11 detection_processor.py:2065 - [FRAME_SCORE] track=? | sharpness=0.022 (plate=0.000 frame=0.022) | conf=0.898 | area=0.660 | center=0.714 | SCORE=0.482
15:11:11 detection_processor.py:1719 - [TRACK_UPDATE] track=1 frame_count=77 score=0.561 plates=0 ocr_submitted=False
15:11:11 detection_processor.py:2139 - [DEDUP_SUMMARY] kept=1/1 tracks after deduplication
15:11:11 detection_manager.py:563 - [DEDUP_NEW] track=1 first seen — allow
15:11:11 detection_manager.py:353 - [TRACKING] fid=321584 active=1 filtered=1 eligible=1
15:11:11 detection_manager.py:287 - [SAVE_DEFER] fid=321584 no plate visible — keeping tracks eligible for next frame
15:11:11 detection_processor.py:719 - [VEHICLE] conf=0.898 size=1505×1296px bbox=[797,0,2303,1296] detect_time=28ms
15:11:11 detection_manager.py:258 - [VEHICLE] fid=320336 conf=0.898 size=1505×1296px
15:11:11 detection_processor.py:2065 - [FRAME_SCORE] track=? | sharpness=0.032 (plate=0.000 frame=0.032) | conf=0.898 | area=0.653 | center=0.699 | SCORE=0.483
15:11:11 detection_processor.py:1719 - [TRACK_UPDATE] track=1 frame_count=78 score=0.561 plates=0 ocr_submitted=False
15:11:11 detection_processor.py:2139 - [DEDUP_SUMMARY] kept=1/1 tracks after deduplication
15:11:11 detection_manager.py:563 - [DEDUP_NEW] track=1 first seen — allow
15:11:11 detection_manager.py:353 - [TRACKING] fid=320336 active=1 filtered=1 eligible=1
15:11:11 detection_manager.py:287 - [SAVE_DEFER] fid=320336 no plate visible — keeping tracks eligible for next frame
15:11:11 detection_processor.py:719 - [VEHICLE] conf=0.898 size=1465×1295px bbox=[836,0,2302,1295] detect_time=27ms
15:11:11 detection_manager.py:258 - [VEHICLE] fid=321296 conf=0.898 size=1465×1295px
15:11:11 detection_processor.py:2065 - [FRAME_SCORE] track=? | sharpness=0.023 (plate=0.000 frame=0.023) | conf=0.898 | area=0.636 | center=0.685 | SCORE=0.474
15:11:11 detection_processor.py:1719 - [TRACK_UPDATE] track=1 frame_count=79 score=0.561 plates=0 ocr_submitted=False
15:11:11 detection_processor.py:2139 - [DEDUP_SUMMARY] kept=1/1 tracks after deduplication
15:11:11 detection_manager.py:563 - [DEDUP_NEW] track=1 first seen — allow
15:11:11 detection_manager.py:353 - [TRACKING] fid=321296 active=1 filtered=1 eligible=1
15:11:11 detection_manager.py:287 - [SAVE_DEFER] fid=321296 no plate visible — keeping tracks eligible for next frame
15:11:12 detection_processor.py:719 - [VEHICLE] conf=0.898 size=1426×1296px bbox=[873,0,2300,1296] detect_time=22ms
15:11:12 detection_manager.py:258 - [VEHICLE] fid=321296 conf=0.898 size=1426×1296px
15:11:12 detection_processor.py:2065 - [FRAME_SCORE] track=? | sharpness=0.023 (plate=0.000 frame=0.023) | conf=0.898 | area=0.619 | center=0.671 | SCORE=0.469
15:11:12 detection_processor.py:1719 - [TRACK_UPDATE] track=1 frame_count=80 score=0.561 plates=0 ocr_submitted=False
15:11:12 detection_processor.py:2139 - [DEDUP_SUMMARY] kept=1/1 tracks after deduplication
15:11:12 detection_manager.py:563 - [DEDUP_NEW] track=1 first seen — allow
15:11:12 detection_manager.py:353 - [TRACKING] fid=321296 active=1 filtered=1 eligible=1
15:11:12 detection_manager.py:287 - [SAVE_DEFER] fid=321296 no plate visible — keeping tracks eligible for next frame
15:11:12 detection_processor.py:719 - [VEHICLE] conf=0.898 size=1407×1295px bbox=[896,0,2304,1296] detect_time=21ms
15:11:12 detection_manager.py:258 - [VEHICLE] fid=321680 conf=0.898 size=1407×1295px
15:11:12 detection_processor.py:2065 - [FRAME_SCORE] track=? | sharpness=0.023 (plate=0.000 frame=0.023) | conf=0.898 | area=0.611 | center=0.661 | SCORE=0.467
15:11:12 detection_processor.py:1719 - [TRACK_UPDATE] track=1 frame_count=81 score=0.561 plates=0 ocr_submitted=False
15:11:12 detection_processor.py:2139 - [DEDUP_SUMMARY] kept=1/1 tracks after deduplication
15:11:12 detection_manager.py:563 - [DEDUP_NEW] track=1 first seen — allow
15:11:12 detection_manager.py:353 - [TRACKING] fid=321680 active=1 filtered=1 eligible=1
15:11:12 detection_manager.py:287 - [SAVE_DEFER] fid=321680 no plate visible — keeping tracks eligible for next frame
15:11:12 detection_processor.py:719 - [VEHICLE] conf=0.898 size=1389×1296px bbox=[912,0,2301,1296] detect_time=23ms
15:11:12 detection_manager.py:258 - [VEHICLE] fid=320240 conf=0.898 size=1389×1296px
15:11:12 detection_processor.py:2065 - [FRAME_SCORE] track=? | sharpness=0.026 (plate=0.000 frame=0.026) | conf=0.898 | area=0.603 | center=0.656 | SCORE=0.466
15:11:12 detection_processor.py:1719 - [TRACK_UPDATE] track=1 frame_count=82 score=0.561 plates=0 ocr_submitted=False
15:11:12 detection_processor.py:2139 - [DEDUP_SUMMARY] kept=1/1 tracks after deduplication
15:11:12 detection_manager.py:563 - [DEDUP_NEW] track=1 first seen — allow
15:11:12 detection_manager.py:353 - [TRACKING] fid=320240 active=1 filtered=1 eligible=1
15:11:12 detection_manager.py:287 - [SAVE_DEFER] fid=320240 no plate visible — keeping tracks eligible for next frame
15:11:12 detection_processor.py:719 - [VEHICLE] conf=0.898 size=1389×1294px bbox=[914,1,2304,1296] detect_time=22ms
15:11:12 detection_manager.py:258 - [VEHICLE] fid=320336 conf=0.898 size=1389×1294px
15:11:12 detection_processor.py:2065 - [FRAME_SCORE] track=? | sharpness=0.025 (plate=0.000 frame=0.025) | conf=0.898 | area=0.603 | center=0.654 | SCORE=0.465
15:11:12 detection_processor.py:1719 - [TRACK_UPDATE] track=1 frame_count=83 score=0.561 plates=0 ocr_submitted=False
15:11:12 detection_processor.py:2139 - [DEDUP_SUMMARY] kept=1/1 tracks after deduplication
15:11:12 detection_manager.py:563 - [DEDUP_NEW] track=1 first seen — allow
15:11:12 detection_manager.py:353 - [TRACKING] fid=320336 active=1 filtered=1 eligible=1
15:11:12 detection_manager.py:287 - [SAVE_DEFER] fid=320336 no plate visible — keeping tracks eligible for next frame
15:11:12 detection_processor.py:719 - [VEHICLE] conf=0.898 size=1385×1295px bbox=[917,1,2303,1296] detect_time=23ms
15:11:12 detection_manager.py:258 - [VEHICLE] fid=322256 conf=0.898 size=1385×1295px
15:11:12 detection_processor.py:2065 - [FRAME_SCORE] track=? | sharpness=0.027 (plate=0.000 frame=0.027) | conf=0.898 | area=0.601 | center=0.653 | SCORE=0.466
15:11:12 detection_processor.py:1719 - [TRACK_UPDATE] track=1 frame_count=84 score=0.561 plates=0 ocr_submitted=False
15:11:12 detection_processor.py:2139 - [DEDUP_SUMMARY] kept=1/1 tracks after deduplication
15:11:12 detection_manager.py:563 - [DEDUP_NEW] track=1 first seen — allow
15:11:12 detection_manager.py:353 - [TRACKING] fid=322256 active=1 filtered=1 eligible=1
15:11:12 detection_manager.py:287 - [SAVE_DEFER] fid=322256 no plate visible — keeping tracks eligible for next frame
15:11:13 detection_processor.py:719 - [VEHICLE] conf=0.898 size=1389×1296px bbox=[914,0,2304,1296] detect_time=24ms
15:11:13 detection_manager.py:258 - [VEHICLE] fid=320720 conf=0.898 size=1389×1296px
15:11:13 detection_processor.py:2065 - [FRAME_SCORE] track=? | sharpness=0.029 (plate=0.000 frame=0.029) | conf=0.898 | area=0.603 | center=0.654 | SCORE=0.467
15:11:13 detection_processor.py:1719 - [TRACK_UPDATE] track=1 frame_count=85 score=0.561 plates=0 ocr_submitted=False
15:11:13 detection_processor.py:2139 - [DEDUP_SUMMARY] kept=1/1 tracks after deduplication
15:11:13 detection_manager.py:563 - [DEDUP_NEW] track=1 first seen — allow
15:11:13 detection_manager.py:353 - [TRACKING] fid=320720 active=1 filtered=1 eligible=1
15:11:13 detection_manager.py:287 - [SAVE_DEFER] fid=320720 no plate visible — keeping tracks eligible for next frame
15:11:13 detection_processor.py:719 - [VEHICLE] conf=0.898 size=1384×1296px bbox=[917,0,2301,1296] detect_time=26ms
15:11:13 detection_manager.py:258 - [VEHICLE] fid=322448 conf=0.898 size=1384×1296px
15:11:13 detection_processor.py:2065 - [FRAME_SCORE] track=? | sharpness=0.028 (plate=0.000 frame=0.028) | conf=0.898 | area=0.601 | center=0.654 | SCORE=0.466
15:11:13 detection_processor.py:1719 - [TRACK_UPDATE] track=1 frame_count=86 score=0.561 plates=0 ocr_submitted=False
15:11:13 detection_processor.py:2139 - [DEDUP_SUMMARY] kept=1/1 tracks after deduplication
15:11:13 detection_manager.py:563 - [DEDUP_NEW] track=1 first seen — allow
15:11:13 detection_manager.py:353 - [TRACKING] fid=322448 active=1 filtered=1 eligible=1
15:11:13 detection_manager.py:287 - [SAVE_DEFER] fid=322448 no plate visible — keeping tracks eligible for next frame
15:11:13 detection_processor.py:719 - [VEHICLE] conf=0.898 size=1383×1296px bbox=[917,0,2301,1296] detect_time=22ms
15:11:13 detection_manager.py:258 - [VEHICLE] fid=320816 conf=0.898 size=1383×1296px
15:11:13 detection_processor.py:2065 - [FRAME_SCORE] track=? | sharpness=0.030 (plate=0.000 frame=0.030) | conf=0.898 | area=0.601 | center=0.654 | SCORE=0.467
15:11:13 detection_processor.py:1719 - [TRACK_UPDATE] track=1 frame_count=87 score=0.561 plates=0 ocr_submitted=False
15:11:13 detection_processor.py:2139 - [DEDUP_SUMMARY] kept=1/1 tracks after deduplication
15:11:13 detection_manager.py:563 - [DEDUP_NEW] track=1 first seen — allow
15:11:13 detection_manager.py:353 - [TRACKING] fid=320816 active=1 filtered=1 eligible=1
15:11:13 detection_manager.py:287 - [SAVE_DEFER] fid=320816 no plate visible — keeping tracks eligible for next frame
15:11:13 detection_processor.py:719 - [VEHICLE] conf=0.898 size=1383×1296px bbox=[917,0,2301,1296] detect_time=23ms
15:11:13 detection_manager.py:258 - [VEHICLE] fid=321200 conf=0.898 size=1383×1296px
15:11:13 detection_processor.py:2065 - [FRAME_SCORE] track=? | sharpness=0.031 (plate=0.000 frame=0.031) | conf=0.898 | area=0.601 | center=0.654 | SCORE=0.467
15:11:13 detection_processor.py:1719 - [TRACK_UPDATE] track=1 frame_count=88 score=0.561 plates=0 ocr_submitted=False
15:11:13 detection_processor.py:2139 - [DEDUP_SUMMARY] kept=1/1 tracks after deduplication
15:11:13 detection_manager.py:563 - [DEDUP_NEW] track=1 first seen — allow
15:11:13 detection_manager.py:353 - [TRACKING] fid=321200 active=1 filtered=1 eligible=1
15:11:13 detection_manager.py:287 - [SAVE_DEFER] fid=321200 no plate visible — keeping tracks eligible for next frame
15:11:13 detection_processor.py:719 - [VEHICLE] conf=0.898 size=1381×1295px bbox=[919,0,2301,1296] detect_time=22ms
15:11:13 detection_manager.py:258 - [VEHICLE] fid=320816 conf=0.898 size=1381×1295px
15:11:13 detection_processor.py:2065 - [FRAME_SCORE] track=? | sharpness=0.034 (plate=0.000 frame=0.034) | conf=0.898 | area=0.600 | center=0.653 | SCORE=0.468
15:11:13 detection_processor.py:1719 - [TRACK_UPDATE] track=1 frame_count=89 score=0.561 plates=0 ocr_submitted=False
15:11:13 detection_processor.py:2139 - [DEDUP_SUMMARY] kept=1/1 tracks after deduplication
15:11:13 detection_manager.py:563 - [DEDUP_NEW] track=1 first seen — allow
15:11:13 detection_manager.py:353 - [TRACKING] fid=320816 active=1 filtered=1 eligible=1
15:11:13 detection_manager.py:287 - [SAVE_DEFER] fid=320816 no plate visible — keeping tracks eligible for next frame
15:11:14 detection_processor.py:719 - [VEHICLE] conf=0.898 size=1383×1296px bbox=[919,0,2303,1296] detect_time=28ms
15:11:14 detection_manager.py:258 - [VEHICLE] fid=321584 conf=0.898 size=1383×1296px
15:11:14 detection_processor.py:2065 - [FRAME_SCORE] track=? | sharpness=0.030 (plate=0.000 frame=0.030) | conf=0.898 | area=0.601 | center=0.653 | SCORE=0.467
15:11:14 detection_processor.py:1719 - [TRACK_UPDATE] track=1 frame_count=90 score=0.561 plates=0 ocr_submitted=False
15:11:14 detection_processor.py:2139 - [DEDUP_SUMMARY] kept=1/1 tracks after deduplication
15:11:14 detection_manager.py:563 - [DEDUP_NEW] track=1 first seen — allow
15:11:14 detection_manager.py:353 - [TRACKING] fid=321584 active=1 filtered=1 eligible=1
15:11:14 detection_manager.py:287 - [SAVE_DEFER] fid=321584 no plate visible — keeping tracks eligible for next frame
15:11:14 detection_processor.py:719 - [VEHICLE] conf=0.898 size=1381×1296px bbox=[919,0,2301,1296] detect_time=21ms
15:11:14 detection_manager.py:258 - [VEHICLE] fid=321680 conf=0.898 size=1381×1296px
15:11:14 detection_processor.py:2065 - [FRAME_SCORE] track=? | sharpness=0.029 (plate=0.000 frame=0.029) | conf=0.898 | area=0.600 | center=0.653 | SCORE=0.466
15:11:14 detection_processor.py:1719 - [TRACK_UPDATE] track=1 frame_count=91 score=0.561 plates=0 ocr_submitted=False
15:11:14 detection_processor.py:2139 - [DEDUP_SUMMARY] kept=1/1 tracks after deduplication
15:11:14 detection_manager.py:563 - [DEDUP_NEW] track=1 first seen — allow
15:11:14 detection_manager.py:353 - [TRACKING] fid=321680 active=1 filtered=1 eligible=1
15:11:14 detection_manager.py:287 - [SAVE_DEFER] fid=321680 no plate visible — keeping tracks eligible for next frame
15:11:14 detection_processor.py:719 - [VEHICLE] conf=0.898 size=1382×1296px bbox=[921,0,2303,1296] detect_time=27ms
15:11:14 detection_manager.py:258 - [VEHICLE] fid=320720 conf=0.898 size=1382×1296px
15:11:14 detection_processor.py:2065 - [FRAME_SCORE] track=? | sharpness=0.022 (plate=0.000 frame=0.022) | conf=0.898 | area=0.600 | center=0.652 | SCORE=0.463
15:11:14 detection_processor.py:1719 - [TRACK_UPDATE] track=1 frame_count=92 score=0.561 plates=0 ocr_submitted=False
15:11:14 detection_processor.py:2139 - [DEDUP_SUMMARY] kept=1/1 tracks after deduplication
15:11:14 detection_manager.py:563 - [DEDUP_NEW] track=1 first seen — allow
15:11:14 detection_manager.py:353 - [TRACKING] fid=320720 active=1 filtered=1 eligible=1
15:11:14 detection_manager.py:287 - [SAVE_DEFER] fid=320720 no plate visible — keeping tracks eligible for next frame
15:11:14 detection_processor.py:719 - [VEHICLE] conf=0.898 size=1385×1296px bbox=[917,0,2303,1296] detect_time=26ms
15:11:14 detection_manager.py:258 - [VEHICLE] fid=321488 conf=0.898 size=1385×1296px
15:11:14 detection_processor.py:2065 - [FRAME_SCORE] track=? | sharpness=0.022 (plate=0.000 frame=0.022) | conf=0.898 | area=0.602 | center=0.653 | SCORE=0.464
15:11:14 detection_processor.py:1719 - [TRACK_UPDATE] track=1 frame_count=93 score=0.561 plates=0 ocr_submitted=False
15:11:14 detection_processor.py:2139 - [DEDUP_SUMMARY] kept=1/1 tracks after deduplication
15:11:14 detection_manager.py:563 - [DEDUP_NEW] track=1 first seen — allow
15:11:14 detection_manager.py:353 - [TRACKING] fid=321488 active=1 filtered=1 eligible=1
15:11:14 detection_manager.py:287 - [SAVE_DEFER] fid=321488 no plate visible — keeping tracks eligible for next frame
15:11:14 detection_processor.py:719 - [VEHICLE] conf=0.898 size=1391×1296px bbox=[913,0,2304,1296] detect_time=23ms
15:11:14 detection_manager.py:258 - [VEHICLE] fid=322160 conf=0.898 size=1391×1296px
15:11:14 detection_processor.py:2065 - [FRAME_SCORE] track=? | sharpness=0.022 (plate=0.000 frame=0.022) | conf=0.898 | area=0.604 | center=0.655 | SCORE=0.464
15:11:14 detection_processor.py:1719 - [TRACK_UPDATE] track=1 frame_count=94 score=0.561 plates=0 ocr_submitted=False
15:11:14 detection_processor.py:2139 - [DEDUP_SUMMARY] kept=1/1 tracks after deduplication
15:11:14 detection_manager.py:563 - [DEDUP_NEW] track=1 first seen — allow
15:11:14 detection_manager.py:353 - [TRACKING] fid=322160 active=1 filtered=1 eligible=1
15:11:14 detection_manager.py:287 - [SAVE_DEFER] fid=322160 no plate visible — keeping tracks eligible for next frame
15:11:15 detection_processor.py:719 - [VEHICLE] conf=0.898 size=1401×1296px bbox=[902,0,2304,1296] detect_time=24ms
15:11:15 detection_manager.py:258 - [VEHICLE] fid=321200 conf=0.898 size=1401×1296px
15:11:15 detection_processor.py:2065 - [FRAME_SCORE] track=? | sharpness=0.022 (plate=0.000 frame=0.022) | conf=0.898 | area=0.608 | center=0.659 | SCORE=0.466
15:11:15 detection_processor.py:1719 - [TRACK_UPDATE] track=1 frame_count=95 score=0.561 plates=0 ocr_submitted=False
15:11:15 detection_processor.py:2139 - [DEDUP_SUMMARY] kept=1/1 tracks after deduplication
15:11:15 detection_manager.py:563 - [DEDUP_NEW] track=1 first seen — allow
15:11:15 detection_manager.py:353 - [TRACKING] fid=321200 active=1 filtered=1 eligible=1
15:11:15 detection_manager.py:287 - [SAVE_DEFER] fid=321200 no plate visible — keeping tracks eligible for next frame
15:11:15 detection_processor.py:719 - [VEHICLE] conf=0.898 size=1422×1296px bbox=[881,0,2304,1296] detect_time=23ms
15:11:15 detection_manager.py:258 - [VEHICLE] fid=320720 conf=0.898 size=1422×1296px
15:11:15 detection_processor.py:2065 - [FRAME_SCORE] track=? | sharpness=0.018 (plate=0.000 frame=0.018) | conf=0.898 | area=0.618 | center=0.667 | SCORE=0.467
15:11:15 detection_processor.py:1719 - [TRACK_UPDATE] track=1 frame_count=96 score=0.561 plates=0 ocr_submitted=False
15:11:15 detection_processor.py:2139 - [DEDUP_SUMMARY] kept=1/1 tracks after deduplication
15:11:15 detection_manager.py:563 - [DEDUP_NEW] track=1 first seen — allow
15:11:15 detection_manager.py:353 - [TRACKING] fid=320720 active=1 filtered=1 eligible=1
15:11:15 detection_manager.py:287 - [SAVE_DEFER] fid=320720 no plate visible — keeping tracks eligible for next frame
15:11:15 detection_processor.py:719 - [VEHICLE] conf=0.898 size=1449×1296px bbox=[855,0,2304,1296] detect_time=21ms
15:11:15 detection_manager.py:258 - [VEHICLE] fid=320240 conf=0.898 size=1449×1296px
15:11:15 detection_processor.py:2065 - [FRAME_SCORE] track=? | sharpness=0.020 (plate=0.000 frame=0.020) | conf=0.898 | area=0.629 | center=0.677 | SCORE=0.471
15:11:15 detection_processor.py:1719 - [TRACK_UPDATE] track=1 frame_count=97 score=0.561 plates=0 ocr_submitted=False
15:11:15 detection_processor.py:2139 - [DEDUP_SUMMARY] kept=1/1 tracks after deduplication
15:11:15 detection_manager.py:563 - [DEDUP_NEW] track=1 first seen — allow
15:11:15 detection_manager.py:353 - [TRACKING] fid=320240 active=1 filtered=1 eligible=1
15:11:15 detection_manager.py:287 - [SAVE_DEFER] fid=320240 no plate visible — keeping tracks eligible for next frame
15:11:15 detection_processor.py:719 - [VEHICLE] conf=0.898 size=1456×1296px bbox=[845,0,2302,1296] detect_time=29ms
15:11:15 detection_manager.py:258 - [VEHICLE] fid=322256 conf=0.898 size=1456×1296px
15:11:15 detection_processor.py:2065 - [FRAME_SCORE] track=? | sharpness=0.026 (plate=0.000 frame=0.026) | conf=0.898 | area=0.632 | center=0.681 | SCORE=0.474
15:11:15 detection_processor.py:1719 - [TRACK_UPDATE] track=1 frame_count=98 score=0.561 plates=0 ocr_submitted=False
15:11:15 detection_processor.py:2139 - [DEDUP_SUMMARY] kept=1/1 tracks after deduplication
15:11:15 detection_manager.py:563 - [DEDUP_NEW] track=1 first seen — allow
15:11:15 detection_manager.py:353 - [TRACKING] fid=322256 active=1 filtered=1 eligible=1
15:11:15 detection_manager.py:287 - [SAVE_DEFER] fid=322256 no plate visible — keeping tracks eligible for next frame
15:11:15 detection_processor.py:719 - [VEHICLE] conf=0.898 size=1469×1296px bbox=[831,0,2301,1296] detect_time=20ms
15:11:15 detection_manager.py:258 - [VEHICLE] fid=320240 conf=0.898 size=1469×1296px
15:11:15 detection_processor.py:2065 - [FRAME_SCORE] track=? | sharpness=0.027 (plate=0.000 frame=0.027) | conf=0.898 | area=0.638 | center=0.687 | SCORE=0.476
15:11:15 detection_processor.py:1719 - [TRACK_UPDATE] track=1 frame_count=99 score=0.561 plates=0 ocr_submitted=False
15:11:15 detection_processor.py:2139 - [DEDUP_SUMMARY] kept=1/1 tracks after deduplication
15:11:15 detection_manager.py:563 - [DEDUP_NEW] track=1 first seen — allow
15:11:15 detection_manager.py:353 - [TRACKING] fid=320240 active=1 filtered=1 eligible=1
15:11:15 detection_manager.py:287 - [SAVE_DEFER] fid=320240 no plate visible — keeping tracks eligible for next frame
15:11:16 detection_processor.py:719 - [VEHICLE] conf=0.898 size=1481×1285px bbox=[818,11,2299,1296] detect_time=23ms
15:11:16 detection_manager.py:258 - [VEHICLE] fid=321488 conf=0.898 size=1481×1285px
15:11:16 detection_processor.py:2065 - [FRAME_SCORE] track=? | sharpness=0.030 (plate=0.000 frame=0.030) | conf=0.898 | area=0.638 | center=0.692 | SCORE=0.478
15:11:16 detection_processor.py:1719 - [TRACK_UPDATE] track=1 frame_count=100 score=0.561 plates=0 ocr_submitted=False
15:11:16 detection_processor.py:2139 - [DEDUP_SUMMARY] kept=1/1 tracks after deduplication
15:11:16 detection_manager.py:563 - [DEDUP_NEW] track=1 first seen — allow
15:11:16 detection_manager.py:353 - [TRACKING] fid=321488 active=1 filtered=1 eligible=1
15:11:16 detection_manager.py:287 - [SAVE_DEFER] fid=321488 no plate visible — keeping tracks eligible for next frame
15:11:16 detection_processor.py:719 - [VEHICLE] conf=0.898 size=1499×1251px bbox=[805,45,2304,1296] detect_time=21ms
15:11:16 detection_manager.py:258 - [VEHICLE] fid=321584 conf=0.898 size=1499×1251px
15:11:16 detection_processor.py:2065 - [FRAME_SCORE] track=? | sharpness=0.032 (plate=0.000 frame=0.032) | conf=0.898 | area=0.628 | center=0.695 | SCORE=0.477
15:11:16 detection_processor.py:1719 - [TRACK_UPDATE] track=1 frame_count=101 score=0.561 plates=0 ocr_submitted=False
15:11:16 detection_processor.py:2139 - [DEDUP_SUMMARY] kept=1/1 tracks after deduplication
15:11:16 detection_manager.py:563 - [DEDUP_NEW] track=1 first seen — allow
15:11:16 detection_manager.py:353 - [TRACKING] fid=321584 active=1 filtered=1 eligible=1
15:11:16 detection_manager.py:287 - [SAVE_DEFER] fid=321584 no plate visible — keeping tracks eligible for next frame
15:11:16 detection_processor.py:719 - [VEHICLE] conf=0.898 size=1511×1196px bbox=[790,100,2301,1296] detect_time=26ms
15:11:16 detection_manager.py:258 - [VEHICLE] fid=322352 conf=0.898 size=1511×1196px
15:11:16 detection_processor.py:2065 - [FRAME_SCORE] track=? | sharpness=0.030 (plate=0.000 frame=0.030) | conf=0.898 | area=0.605 | center=0.700 | SCORE=0.472
15:11:16 detection_processor.py:1719 - [TRACK_UPDATE] track=1 frame_count=102 score=0.561 plates=0 ocr_submitted=False
15:11:16 detection_processor.py:2139 - [DEDUP_SUMMARY] kept=1/1 tracks after deduplication
15:11:16 detection_manager.py:563 - [DEDUP_NEW] track=1 first seen — allow
15:11:16 detection_manager.py:353 - [TRACKING] fid=322352 active=1 filtered=1 eligible=1
15:11:16 detection_manager.py:287 - [SAVE_DEFER] fid=322352 no plate visible — keeping tracks eligible for next frame
15:11:16 detection_processor.py:719 - [VEHICLE] conf=0.898 size=1520×1166px bbox=[780,128,2301,1294] detect_time=24ms
15:11:16 detection_manager.py:258 - [VEHICLE] fid=320240 conf=0.898 size=1520×1166px
15:11:16 detection_processor.py:2065 - [FRAME_SCORE] track=? | sharpness=0.027 (plate=0.000 frame=0.027) | conf=0.898 | area=0.594 | center=0.702 | SCORE=0.469
15:11:16 detection_processor.py:1719 - [TRACK_UPDATE] track=1 frame_count=103 score=0.561 plates=0 ocr_submitted=False
15:11:16 detection_processor.py:2139 - [DEDUP_SUMMARY] kept=1/1 tracks after deduplication
15:11:16 detection_manager.py:563 - [DEDUP_NEW] track=1 first seen — allow
15:11:16 detection_manager.py:353 - [TRACKING] fid=320240 active=1 filtered=1 eligible=1
15:11:16 detection_manager.py:287 - [SAVE_DEFER] fid=320240 no plate visible — keeping tracks eligible for next frame
15:11:16 detection_processor.py:719 - [VEHICLE] conf=0.898 size=1534×1140px bbox=[765,156,2299,1296] detect_time=22ms
15:11:16 detection_manager.py:258 - [VEHICLE] fid=322064 conf=0.898 size=1534×1140px
15:11:16 detection_processor.py:2065 - [FRAME_SCORE] track=? | sharpness=0.028 (plate=0.000 frame=0.028) | conf=0.898 | area=0.586 | center=0.706 | SCORE=0.468
15:11:16 detection_processor.py:1719 - [TRACK_UPDATE] track=1 frame_count=104 score=0.561 plates=0 ocr_submitted=False
15:11:16 detection_processor.py:2139 - [DEDUP_SUMMARY] kept=1/1 tracks after deduplication
15:11:16 detection_manager.py:563 - [DEDUP_NEW] track=1 first seen — allow
15:11:16 detection_manager.py:353 - [TRACKING] fid=322064 active=1 filtered=1 eligible=1
15:11:16 detection_manager.py:287 - [SAVE_DEFER] fid=322064 no plate visible — keeping tracks eligible for next frame
15:11:17 detection_processor.py:719 - [VEHICLE] conf=0.898 size=1550×1112px bbox=[751,183,2301,1296] detect_time=22ms
15:11:17 detection_manager.py:258 - [VEHICLE] fid=322064 conf=0.898 size=1550×1112px
15:11:17 detection_processor.py:2065 - [FRAME_SCORE] track=? | sharpness=0.026 (plate=0.000 frame=0.026) | conf=0.898 | area=0.578 | center=0.709 | SCORE=0.466
15:11:17 detection_processor.py:1719 - [TRACK_UPDATE] track=1 frame_count=105 score=0.561 plates=0 ocr_submitted=False
15:11:17 detection_processor.py:2139 - [DEDUP_SUMMARY] kept=1/1 tracks after deduplication
15:11:17 detection_manager.py:563 - [DEDUP_NEW] track=1 first seen — allow
15:11:17 detection_manager.py:353 - [TRACKING] fid=322064 active=1 filtered=1 eligible=1
15:11:17 detection_manager.py:287 - [SAVE_DEFER] fid=322064 no plate visible — keeping tracks eligible for next frame
15:11:17 detection_processor.py:719 - [VEHICLE] conf=0.898 size=1563×1083px bbox=[737,213,2301,1296] detect_time=22ms
15:11:17 detection_manager.py:258 - [VEHICLE] fid=321488 conf=0.898 size=1563×1083px
15:11:17 detection_processor.py:2065 - [FRAME_SCORE] track=? | sharpness=0.032 (plate=0.000 frame=0.032) | conf=0.898 | area=0.567 | center=0.711 | SCORE=0.467
15:11:17 detection_processor.py:1719 - [TRACK_UPDATE] track=1 frame_count=106 score=0.561 plates=0 ocr_submitted=False
15:11:17 detection_processor.py:2139 - [DEDUP_SUMMARY] kept=1/1 tracks after deduplication
15:11:17 detection_manager.py:563 - [DEDUP_NEW] track=1 first seen — allow
15:11:17 detection_manager.py:353 - [TRACKING] fid=321488 active=1 filtered=1 eligible=1
15:11:17 detection_manager.py:287 - [SAVE_DEFER] fid=321488 no plate visible — keeping tracks eligible for next frame
15:11:17 detection_processor.py:719 - [VEHICLE] conf=0.898 size=1572×1061px bbox=[729,232,2301,1293] detect_time=22ms
15:11:17 detection_manager.py:258 - [VEHICLE] fid=321392 conf=0.898 size=1572×1061px
15:11:17 detection_processor.py:2065 - [FRAME_SCORE] track=? | sharpness=0.030 (plate=0.000 frame=0.030) | conf=0.898 | area=0.559 | center=0.712 | SCORE=0.464
15:11:17 detection_processor.py:1719 - [TRACK_UPDATE] track=1 frame_count=107 score=0.561 plates=0 ocr_submitted=False
15:11:17 detection_processor.py:2139 - [DEDUP_SUMMARY] kept=1/1 tracks after deduplication
15:11:17 detection_manager.py:563 - [DEDUP_NEW] track=1 first seen — allow
15:11:17 detection_manager.py:353 - [TRACKING] fid=321392 active=1 filtered=1 eligible=1
15:11:17 detection_manager.py:287 - [SAVE_DEFER] fid=321392 no plate visible — keeping tracks eligible for next frame
15:11:17 detection_processor.py:719 - [VEHICLE] conf=0.857 size=1581×1049px bbox=[719,243,2301,1293] detect_time=25ms
15:11:17 detection_manager.py:258 - [VEHICLE] fid=321584 conf=0.857 size=1581×1049px
15:11:17 detection_processor.py:2065 - [FRAME_SCORE] track=? | sharpness=0.022 (plate=0.000 frame=0.022) | conf=0.857 | area=0.556 | center=0.714 | SCORE=0.448
15:11:17 detection_processor.py:1719 - [TRACK_UPDATE] track=1 frame_count=108 score=0.561 plates=0 ocr_submitted=False
15:11:17 detection_processor.py:2139 - [DEDUP_SUMMARY] kept=1/1 tracks after deduplication
15:11:17 detection_manager.py:563 - [DEDUP_NEW] track=1 first seen — allow
15:11:17 detection_manager.py:353 - [TRACKING] fid=321584 active=1 filtered=1 eligible=1
15:11:17 detection_manager.py:287 - [SAVE_DEFER] fid=321584 no plate visible — keeping tracks eligible for next frame
15:11:17 detection_processor.py:719 - [VEHICLE] conf=0.885 size=1576×1035px bbox=[725,260,2301,1295] detect_time=22ms
15:11:17 detection_manager.py:258 - [VEHICLE] fid=321488 conf=0.885 size=1576×1035px
15:11:17 detection_processor.py:2065 - [FRAME_SCORE] track=? | sharpness=0.024 (plate=0.000 frame=0.024) | conf=0.885 | area=0.546 | center=0.710 | SCORE=0.455
15:11:17 detection_processor.py:1719 - [TRACK_UPDATE] track=1 frame_count=109 score=0.561 plates=0 ocr_submitted=False
15:11:17 detection_processor.py:2139 - [DEDUP_SUMMARY] kept=1/1 tracks after deduplication
15:11:17 detection_manager.py:563 - [DEDUP_NEW] track=1 first seen — allow
15:11:17 detection_manager.py:353 - [TRACKING] fid=321488 active=1 filtered=1 eligible=1
15:11:17 detection_manager.py:287 - [SAVE_DEFER] fid=321488 no plate visible — keeping tracks eligible for next frame
15:11:18 detection_processor.py:719 - [VEHICLE] conf=0.898 size=1570×1017px bbox=[730,277,2301,1294] detect_time=24ms
15:11:18 detection_manager.py:258 - [VEHICLE] fid=322352 conf=0.898 size=1570×1017px
15:11:18 detection_processor.py:2065 - [FRAME_SCORE] track=? | sharpness=0.031 (plate=0.000 frame=0.031) | conf=0.898 | area=0.535 | center=0.706 | SCORE=0.460
15:11:18 detection_processor.py:1719 - [TRACK_UPDATE] track=1 frame_count=110 score=0.561 plates=0 ocr_submitted=False
15:11:18 detection_processor.py:2139 - [DEDUP_SUMMARY] kept=1/1 tracks after deduplication
15:11:18 detection_manager.py:563 - [DEDUP_NEW] track=1 first seen — allow
15:11:18 detection_manager.py:353 - [TRACKING] fid=322352 active=1 filtered=1 eligible=1
15:11:18 detection_manager.py:287 - [SAVE_DEFER] fid=322352 no plate visible — keeping tracks eligible for next frame
15:11:18 detection_processor.py:719 - [VEHICLE] conf=0.898 size=1573×1006px bbox=[729,289,2303,1296] detect_time=24ms
15:11:18 detection_manager.py:258 - [VEHICLE] fid=320240 conf=0.898 size=1573×1006px
15:11:18 detection_processor.py:2065 - [FRAME_SCORE] track=? | sharpness=0.048 (plate=0.000 frame=0.048) | conf=0.898 | area=0.531 | center=0.704 | SCORE=0.465
15:11:18 detection_processor.py:1719 - [TRACK_UPDATE] track=1 frame_count=111 score=0.561 plates=0 ocr_submitted=False
15:11:18 detection_processor.py:2139 - [DEDUP_SUMMARY] kept=1/1 tracks after deduplication
15:11:18 detection_manager.py:563 - [DEDUP_NEW] track=1 first seen — allow
15:11:18 detection_manager.py:353 - [TRACKING] fid=320240 active=1 filtered=1 eligible=1
15:11:18 detection_manager.py:287 - [SAVE_DEFER] fid=320240 no plate visible — keeping tracks eligible for next frame
15:11:18 detection_processor.py:719 - [VEHICLE] conf=0.898 size=1580×999px bbox=[722,297,2303,1296] detect_time=22ms
15:11:18 detection_manager.py:258 - [VEHICLE] fid=321776 conf=0.898 size=1580×999px
15:11:18 detection_processor.py:2065 - [FRAME_SCORE] track=? | sharpness=0.044 (plate=0.000 frame=0.044) | conf=0.898 | area=0.529 | center=0.705 | SCORE=0.463
15:11:18 detection_processor.py:1719 - [TRACK_UPDATE] track=1 frame_count=112 score=0.561 plates=0 ocr_submitted=False
15:11:18 detection_processor.py:2139 - [DEDUP_SUMMARY] kept=1/1 tracks after deduplication
15:11:18 detection_manager.py:563 - [DEDUP_NEW] track=1 first seen — allow
15:11:18 detection_manager.py:353 - [TRACKING] fid=321776 active=1 filtered=1 eligible=1
15:11:18 detection_manager.py:287 - [SAVE_DEFER] fid=321776 no plate visible — keeping tracks eligible for next frame
15:11:18 detection_processor.py:719 - [VEHICLE] conf=0.898 size=1598×993px bbox=[704,299,2303,1293] detect_time=24ms
15:11:18 detection_manager.py:258 - [VEHICLE] fid=320720 conf=0.898 size=1598×993px
15:11:18 detection_processor.py:2065 - [FRAME_SCORE] track=? | sharpness=0.033 (plate=0.000 frame=0.033) | conf=0.898 | area=0.532 | center=0.712 | SCORE=0.460
15:11:18 detection_processor.py:1719 - [TRACK_UPDATE] track=1 frame_count=113 score=0.561 plates=0 ocr_submitted=False
15:11:18 detection_processor.py:2139 - [DEDUP_SUMMARY] kept=1/1 tracks after deduplication
15:11:18 detection_manager.py:563 - [DEDUP_NEW] track=1 first seen — allow
15:11:18 detection_manager.py:353 - [TRACKING] fid=320720 active=1 filtered=1 eligible=1
15:11:18 detection_manager.py:287 - [SAVE_DEFER] fid=320720 no plate visible — keeping tracks eligible for next frame
15:11:18 detection_processor.py:719 - [VEHICLE] conf=0.872 size=1622×985px bbox=[680,304,2303,1290] detect_time=23ms
15:11:18 detection_manager.py:258 - [VEHICLE] fid=322160 conf=0.872 size=1622×985px
15:11:18 detection_processor.py:2065 - [FRAME_SCORE] track=? | sharpness=0.026 (plate=0.000 frame=0.026) | conf=0.872 | area=0.536 | center=0.720 | SCORE=0.451
15:11:18 detection_processor.py:1719 - [TRACK_UPDATE] track=1 frame_count=114 score=0.561 plates=0 ocr_submitted=False
15:11:18 detection_processor.py:2139 - [DEDUP_SUMMARY] kept=1/1 tracks after deduplication
15:11:18 detection_manager.py:563 - [DEDUP_NEW] track=1 first seen — allow
15:11:18 detection_manager.py:353 - [TRACKING] fid=322160 active=1 filtered=1 eligible=1
15:11:18 detection_manager.py:287 - [SAVE_DEFER] fid=322160 no plate visible — keeping tracks eligible for next frame
15:11:19 detection_processor.py:719 - [VEHICLE] conf=0.885 size=1641×987px bbox=[660,304,2301,1291] detect_time=24ms
15:11:19 detection_manager.py:258 - [VEHICLE] fid=321584 conf=0.885 size=1641×987px
15:11:19 detection_processor.py:2065 - [FRAME_SCORE] track=? | sharpness=0.025 (plate=0.000 frame=0.025) | conf=0.885 | area=0.543 | center=0.727 | SCORE=0.457
15:11:19 detection_processor.py:1719 - [TRACK_UPDATE] track=1 frame_count=115 score=0.561 plates=0 ocr_submitted=False
15:11:19 detection_processor.py:2139 - [DEDUP_SUMMARY] kept=1/1 tracks after deduplication
15:11:19 detection_manager.py:563 - [DEDUP_NEW] track=1 first seen — allow
15:11:19 detection_manager.py:353 - [TRACKING] fid=321584 active=1 filtered=1 eligible=1
15:11:19 detection_manager.py:287 - [SAVE_DEFER] fid=321584 no plate visible — keeping tracks eligible for next frame
15:11:19 detection_processor.py:719 - [VEHICLE] conf=0.898 size=1657×981px bbox=[645,310,2303,1292] detect_time=22ms
15:11:19 detection_manager.py:258 - [VEHICLE] fid=321392 conf=0.898 size=1657×981px
15:11:19 detection_processor.py:2065 - [FRAME_SCORE] track=? | sharpness=0.025 (plate=0.000 frame=0.025) | conf=0.898 | area=0.545 | center=0.730 | SCORE=0.461
15:11:19 detection_processor.py:1719 - [TRACK_UPDATE] track=1 frame_count=116 score=0.561 plates=0 ocr_submitted=False
15:11:19 detection_processor.py:2139 - [DEDUP_SUMMARY] kept=1/1 tracks after deduplication
15:11:19 detection_manager.py:563 - [DEDUP_NEW] track=1 first seen — allow
15:11:19 detection_manager.py:353 - [TRACKING] fid=321392 active=1 filtered=1 eligible=1
15:11:19 detection_manager.py:287 - [SAVE_DEFER] fid=321392 no plate visible — keeping tracks eligible for next frame
15:11:19 detection_processor.py:719 - [VEHICLE] conf=0.898 size=1692×975px bbox=[612,320,2304,1295] detect_time=22ms
15:11:19 detection_manager.py:258 - [VEHICLE] fid=322064 conf=0.898 size=1692×975px
15:11:19 detection_processor.py:2065 - [FRAME_SCORE] track=? | sharpness=0.026 (plate=0.000 frame=0.026) | conf=0.898 | area=0.553 | center=0.739 | SCORE=0.464
15:11:19 detection_processor.py:1719 - [TRACK_UPDATE] track=1 frame_count=117 score=0.561 plates=0 ocr_submitted=False
15:11:19 detection_processor.py:2139 - [DEDUP_SUMMARY] kept=1/1 tracks after deduplication
15:11:19 detection_manager.py:563 - [DEDUP_NEW] track=1 first seen — allow
15:11:19 detection_manager.py:353 - [TRACKING] fid=322064 active=1 filtered=1 eligible=1
15:11:19 detection_manager.py:287 - [SAVE_DEFER] fid=322064 no plate visible — keeping tracks eligible for next frame
15:11:19 detection_processor.py:719 - [VEHICLE] conf=0.898 size=1709×965px bbox=[595,331,2304,1296] detect_time=25ms
15:11:19 detection_manager.py:258 - [VEHICLE] fid=321200 conf=0.898 size=1709×965px
15:11:19 detection_processor.py:2065 - [FRAME_SCORE] track=? | sharpness=0.042 (plate=0.000 frame=0.042) | conf=0.898 | area=0.553 | center=0.743 | SCORE=0.471
15:11:19 detection_processor.py:1719 - [TRACK_UPDATE] track=1 frame_count=118 score=0.561 plates=0 ocr_submitted=False
15:11:19 detection_processor.py:2139 - [DEDUP_SUMMARY] kept=1/1 tracks after deduplication
15:11:19 detection_manager.py:563 - [DEDUP_NEW] track=1 first seen — allow
15:11:19 detection_manager.py:353 - [TRACKING] fid=321200 active=1 filtered=1 eligible=1
15:11:19 detection_manager.py:287 - [SAVE_DEFER] fid=321200 no plate visible — keeping tracks eligible for next frame
15:11:19 detection_processor.py:719 - [VEHICLE] conf=0.898 size=1731×957px bbox=[572,338,2304,1296] detect_time=22ms
15:11:19 detection_manager.py:258 - [VEHICLE] fid=321680 conf=0.898 size=1731×957px
15:11:19 detection_processor.py:2065 - [FRAME_SCORE] track=? | sharpness=0.048 (plate=0.000 frame=0.048) | conf=0.898 | area=0.555 | center=0.749 | SCORE=0.475
15:11:19 detection_processor.py:1719 - [TRACK_UPDATE] track=1 frame_count=119 score=0.561 plates=0 ocr_submitted=False
15:11:19 detection_processor.py:2139 - [DEDUP_SUMMARY] kept=1/1 tracks after deduplication
15:11:19 detection_manager.py:563 - [DEDUP_NEW] track=1 first seen — allow
15:11:19 detection_manager.py:353 - [TRACKING] fid=321680 active=1 filtered=1 eligible=1
15:11:19 detection_manager.py:287 - [SAVE_DEFER] fid=321680 no plate visible — keeping tracks eligible for next frame
15:11:20 detection_processor.py:719 - [VEHICLE] conf=0.898 size=1746×952px bbox=[558,344,2304,1296] detect_time=23ms
15:11:20 detection_manager.py:258 - [VEHICLE] fid=321200 conf=0.898 size=1746×952px
15:11:20 detection_processor.py:2065 - [FRAME_SCORE] track=? | sharpness=0.050 (plate=0.000 frame=0.050) | conf=0.898 | area=0.557 | center=0.752 | SCORE=0.476
15:11:20 detection_processor.py:1719 - [TRACK_UPDATE] track=1 frame_count=120 score=0.561 plates=0 ocr_submitted=False
15:11:20 detection_processor.py:2139 - [DEDUP_SUMMARY] kept=1/1 tracks after deduplication
15:11:20 detection_manager.py:563 - [DEDUP_NEW] track=1 first seen — allow
15:11:20 detection_manager.py:353 - [TRACKING] fid=321200 active=1 filtered=1 eligible=1
15:11:20 detection_processor.py:820 - [PLATE] conf=0.500 size=529×78px ar=6.78 bbox=[1772,1219,2302,1297] vehicle=0
15:11:20 detection_manager.py:276 - [PLATE] fid=321200 conf=0.500 size=529×78px ar=6.78
15:11:20 detection_processor.py:2065 - [FRAME_SCORE] track=? | sharpness=0.504 (plate=0.504 frame=0.050) | conf=0.898 | area=0.557 | center=0.752 | SCORE=0.658
15:11:20 detection_processor.py:1910 - [BEST_FRAME_UPDATE] track=1 score 0.561→0.658 old_fid=206384 new_fid=320720 frame_count=121 plate_visible=YES plates_so_far=0
15:11:20 detection_processor.py:1588 - [OCR_GATE] PASS track=1: frames=1 score=0.658 — submitting for OCR
15:11:20 detection_manager.py:297 - [FRAME_SAME] fid=321200 — saving current frame ✓
15:11:20 detection_processor.py:1103 - [UPLOAD] path=detection_20260610_151120_167.jpg | size=649KB | write_time=24ms | success=True
15:11:20 detection_processor.py:1129 - Saved original image only: /home/camuser/aicamera/edge/captured_images/detection_20260610_151120_167.jpg (optimized for performance)
15:11:20 detection_manager.py:509 - [DB_SAVE] fid=321200 id=1828 plate='—' conf=0.000 method=— v=1 p=1 img=✓ db=9ms
15:11:20 detection_manager.py:598 - [TRACK_SAVED] track=1 plate='?' frames=121 score=0.658 — dedup active 30.0s
15:11:20 detection_manager.py:316 - [OCR_PENDING] record=1828 tracks=[1]
15:11:20 detection_manager.py:322 - [PIPELINE_DONE] fid=321200 vehicles=1 plates=1 ocr=0 total=167ms
15:11:20 detection_processor.py:719 - [VEHICLE] conf=0.898 size=1777×946px bbox=[527,350,2304,1296] detect_time=26ms
15:11:20 detection_manager.py:258 - [VEHICLE] fid=206384 conf=0.898 size=1777×946px
15:11:20 detection_processor.py:2065 - [FRAME_SCORE] track=? | sharpness=0.043 (plate=0.000 frame=0.043) | conf=0.898 | area=0.563 | center=0.761 | SCORE=0.475
15:11:20 detection_processor.py:1719 - [TRACK_UPDATE] track=1 frame_count=122 score=0.658 plates=1 ocr_submitted=False
15:11:20 detection_processor.py:2139 - [DEDUP_SUMMARY] kept=1/1 tracks after deduplication
15:11:20 detection_manager.py:553 - [DEDUP_BLOCK] track=1 elapsed=0.2s < 30.0s prev='' — skip
15:11:20 detection_manager.py:353 - [TRACKING] fid=206384 active=1 filtered=1 eligible=0
15:11:20 detection_manager.py:357 - [DEDUP_SKIP] fid=206384 all 1 vehicle(s) are duplicates — skip save
15:11:20 detection_processor.py:719 - [VEHICLE] conf=0.898 size=1795×944px bbox=[505,352,2300,1296] detect_time=21ms
15:11:20 detection_manager.py:258 - [VEHICLE] fid=206384 conf=0.898 size=1795×944px
15:11:20 detection_processor.py:2065 - [FRAME_SCORE] track=? | sharpness=0.036 (plate=0.000 frame=0.036) | conf=0.898 | area=0.568 | center=0.768 | SCORE=0.474
15:11:20 detection_processor.py:1719 - [TRACK_UPDATE] track=1 frame_count=123 score=0.658 plates=1 ocr_submitted=False
15:11:20 detection_processor.py:2139 - [DEDUP_SUMMARY] kept=1/1 tracks after deduplication
15:11:20 detection_manager.py:553 - [DEDUP_BLOCK] track=1 elapsed=0.3s < 30.0s prev='' — skip
15:11:20 detection_manager.py:353 - [TRACKING] fid=206384 active=1 filtered=1 eligible=0
15:11:20 detection_manager.py:357 - [DEDUP_SKIP] fid=206384 all 1 vehicle(s) are duplicates — skip save
15:11:20 detection_processor.py:719 - [VEHICLE] conf=0.885 size=1814×917px bbox=[474,355,2288,1272] detect_time=21ms
15:11:20 detection_manager.py:258 - [VEHICLE] fid=206384 conf=0.885 size=1814×917px
15:11:20 detection_processor.py:2065 - [FRAME_SCORE] track=? | sharpness=0.032 (plate=0.000 frame=0.032) | conf=0.885 | area=0.557 | center=0.786 | SCORE=0.469
15:11:20 detection_processor.py:1719 - [TRACK_UPDATE] track=1 frame_count=124 score=0.658 plates=1 ocr_submitted=False
15:11:20 detection_processor.py:2139 - [DEDUP_SUMMARY] kept=1/1 tracks after deduplication
15:11:20 detection_manager.py:553 - [DEDUP_BLOCK] track=1 elapsed=0.5s < 30.0s prev='' — skip
15:11:20 detection_manager.py:353 - [TRACKING] fid=206384 active=1 filtered=1 eligible=0
15:11:20 detection_manager.py:357 - [DEDUP_SKIP] fid=206384 all 1 vehicle(s) are duplicates — skip save
15:11:20 detection_processor.py:719 - [VEHICLE] conf=0.898 size=1782×936px bbox=[447,359,2229,1296] detect_time=22ms
15:11:20 detection_manager.py:258 - [VEHICLE] fid=206384 conf=0.898 size=1782×936px
15:11:20 detection_processor.py:2065 - [FRAME_SCORE] track=? | sharpness=0.033 (plate=0.000 frame=0.033) | conf=0.898 | area=0.559 | center=0.804 | SCORE=0.475
15:11:20 detection_processor.py:1719 - [TRACK_UPDATE] track=1 frame_count=125 score=0.658 plates=1 ocr_submitted=False
15:11:20 detection_processor.py:2139 - [DEDUP_SUMMARY] kept=1/1 tracks after deduplication
15:11:20 detection_manager.py:553 - [DEDUP_BLOCK] track=1 elapsed=0.7s < 30.0s prev='' — skip
15:11:20 detection_manager.py:353 - [TRACKING] fid=206384 active=1 filtered=1 eligible=0
15:11:20 detection_manager.py:357 - [DEDUP_SKIP] fid=206384 all 1 vehicle(s) are duplicates — skip save
15:11:21 detection_processor.py:719 - [VEHICLE] conf=0.898 size=1764×934px bbox=[421,362,2185,1296] detect_time=20ms
15:11:21 detection_manager.py:258 - [VEHICLE] fid=206384 conf=0.898 size=1764×934px
15:11:21 detection_processor.py:2065 - [FRAME_SCORE] track=? | sharpness=0.034 (plate=0.000 frame=0.034) | conf=0.898 | area=0.552 | center=0.822 | SCORE=0.475
15:11:21 detection_processor.py:1719 - [TRACK_UPDATE] track=1 frame_count=126 score=0.658 plates=1 ocr_submitted=False
15:11:21 detection_processor.py:2139 - [DEDUP_SUMMARY] kept=1/1 tracks after deduplication
15:11:21 detection_manager.py:553 - [DEDUP_BLOCK] track=1 elapsed=0.8s < 30.0s prev='' — skip
15:11:21 detection_manager.py:353 - [TRACKING] fid=206384 active=1 filtered=1 eligible=0
15:11:21 detection_manager.py:357 - [DEDUP_SKIP] fid=206384 all 1 vehicle(s) are duplicates — skip save
15:11:21 detection_processor.py:719 - [VEHICLE] conf=0.898 size=1712×925px bbox=[401,371,2114,1296] detect_time=19ms
15:11:21 detection_manager.py:258 - [VEHICLE] fid=206384 conf=0.898 size=1712×925px
15:11:21 detection_processor.py:2065 - [FRAME_SCORE] track=? | sharpness=0.058 (plate=0.000 frame=0.058) | conf=0.898 | area=0.531 | center=0.839 | SCORE=0.482
15:11:21 detection_processor.py:1719 - [TRACK_UPDATE] track=1 frame_count=127 score=0.658 plates=1 ocr_submitted=False
15:11:21 detection_processor.py:2139 - [DEDUP_SUMMARY] kept=1/1 tracks after deduplication
15:11:21 detection_manager.py:553 - [DEDUP_BLOCK] track=1 elapsed=1.0s < 30.0s prev='' — skip
15:11:21 detection_manager.py:353 - [TRACKING] fid=206384 active=1 filtered=1 eligible=0
15:11:21 detection_manager.py:357 - [DEDUP_SKIP] fid=206384 all 1 vehicle(s) are duplicates — skip save
15:11:21 detection_processor.py:719 - [VEHICLE] conf=0.898 size=1694×919px bbox=[380,374,2074,1294] detect_time=17ms
15:11:21 detection_manager.py:258 - [VEHICLE] fid=206384 conf=0.898 size=1694×919px
15:11:21 detection_processor.py:2065 - [FRAME_SCORE] track=? | sharpness=0.062 (plate=0.000 frame=0.062) | conf=0.898 | area=0.522 | center=0.848 | SCORE=0.483
15:11:21 detection_processor.py:1719 - [TRACK_UPDATE] track=1 frame_count=128 score=0.658 plates=1 ocr_submitted=False
15:11:21 detection_processor.py:2139 - [DEDUP_SUMMARY] kept=1/1 tracks after deduplication
15:11:21 detection_manager.py:553 - [DEDUP_BLOCK] track=1 elapsed=1.2s < 30.0s prev='' — skip
15:11:21 detection_manager.py:353 - [TRACKING] fid=206384 active=1 filtered=1 eligible=0
15:11:21 detection_manager.py:357 - [DEDUP_SKIP] fid=206384 all 1 vehicle(s) are duplicates — skip save
15:11:21 detection_processor.py:719 - [VEHICLE] conf=0.898 size=1644×907px bbox=[363,386,2008,1294] detect_time=16ms
15:11:21 detection_manager.py:258 - [VEHICLE] fid=321200 conf=0.898 size=1644×907px
15:11:21 detection_processor.py:2065 - [FRAME_SCORE] track=? | sharpness=0.135 (plate=0.000 frame=0.135) | conf=0.898 | area=0.500 | center=0.853 | SCORE=0.509
15:11:21 detection_processor.py:1719 - [TRACK_UPDATE] track=1 frame_count=129 score=0.658 plates=1 ocr_submitted=False
15:11:21 detection_processor.py:2139 - [DEDUP_SUMMARY] kept=1/1 tracks after deduplication
15:11:21 detection_manager.py:553 - [DEDUP_BLOCK] track=1 elapsed=1.4s < 30.0s prev='' — skip
15:11:21 detection_manager.py:353 - [TRACKING] fid=321200 active=1 filtered=1 eligible=0
15:11:21 detection_manager.py:357 - [DEDUP_SKIP] fid=321200 all 1 vehicle(s) are duplicates — skip save
15:11:21 detection_processor.py:719 - [VEHICLE] conf=0.898 size=1633×905px bbox=[344,389,1977,1294] detect_time=22ms
15:11:21 detection_manager.py:258 - [VEHICLE] fid=206384 conf=0.898 size=1633×905px
15:11:21 detection_processor.py:2065 - [FRAME_SCORE] track=? | sharpness=0.100 (plate=0.000 frame=0.100) | conf=0.898 | area=0.495 | center=0.853 | SCORE=0.494
15:11:21 detection_processor.py:1719 - [TRACK_UPDATE] track=1 frame_count=130 score=0.658 plates=1 ocr_submitted=False
15:11:21 detection_processor.py:2139 - [DEDUP_SUMMARY] kept=1/1 tracks after deduplication
15:11:21 detection_manager.py:553 - [DEDUP_BLOCK] track=1 elapsed=1.5s < 30.0s prev='' — skip
15:11:21 detection_manager.py:353 - [TRACKING] fid=206384 active=1 filtered=1 eligible=0
15:11:21 detection_manager.py:357 - [DEDUP_SKIP] fid=206384 all 1 vehicle(s) are duplicates — skip save
15:11:21 detection_processor.py:719 - [VEHICLE] conf=0.898 size=1586×900px bbox=[331,391,1917,1291] detect_time=19ms
15:11:21 detection_manager.py:258 - [VEHICLE] fid=321200 conf=0.898 size=1586×900px
15:11:21 detection_processor.py:2065 - [FRAME_SCORE] track=? | sharpness=0.203 (plate=0.000 frame=0.203) | conf=0.898 | area=0.478 | center=0.853 | SCORE=0.531
15:11:21 detection_processor.py:1719 - [TRACK_UPDATE] track=1 frame_count=131 score=0.658 plates=1 ocr_submitted=False
15:11:21 detection_processor.py:2139 - [DEDUP_SUMMARY] kept=1/1 tracks after deduplication
15:11:21 detection_manager.py:553 - [DEDUP_BLOCK] track=1 elapsed=1.7s < 30.0s prev='' — skip
15:11:21 detection_manager.py:353 - [TRACKING] fid=321200 active=1 filtered=1 eligible=0
15:11:21 detection_manager.py:357 - [DEDUP_SKIP] fid=321200 all 1 vehicle(s) are duplicates — skip save
15:11:22 detection_processor.py:719 - [VEHICLE] conf=0.898 size=1543×893px bbox=[328,394,1871,1287] detect_time=23ms
15:11:22 detection_manager.py:258 - [VEHICLE] fid=206384 conf=0.898 size=1543×893px
15:11:22 detection_processor.py:2065 - [FRAME_SCORE] track=? | sharpness=0.206 (plate=0.000 frame=0.206) | conf=0.898 | area=0.462 | center=0.849 | SCORE=0.529
15:11:22 detection_processor.py:1719 - [TRACK_UPDATE] track=1 frame_count=132 score=0.658 plates=1 ocr_submitted=False
15:11:22 detection_processor.py:2139 - [DEDUP_SUMMARY] kept=1/1 tracks after deduplication
15:11:22 detection_manager.py:553 - [DEDUP_BLOCK] track=1 elapsed=1.9s < 30.0s prev='' — skip
15:11:22 detection_manager.py:353 - [TRACKING] fid=206384 active=1 filtered=1 eligible=0
15:11:22 detection_manager.py:357 - [DEDUP_SKIP] fid=206384 all 1 vehicle(s) are duplicates — skip save
15:11:22 detection_processor.py:719 - [VEHICLE] conf=0.898 size=1522×888px bbox=[313,398,1836,1286] detect_time=16ms
15:11:22 detection_manager.py:258 - [VEHICLE] fid=206384 conf=0.898 size=1522×888px
15:11:22 detection_processor.py:2065 - [FRAME_SCORE] track=? | sharpness=0.214 (plate=0.000 frame=0.214) | conf=0.898 | area=0.453 | center=0.842 | SCORE=0.530
15:11:22 detection_processor.py:1719 - [TRACK_UPDATE] track=1 frame_count=133 score=0.658 plates=1 ocr_submitted=False
15:11:22 detection_processor.py:2139 - [DEDUP_SUMMARY] kept=1/1 tracks after deduplication
15:11:22 detection_manager.py:553 - [DEDUP_BLOCK] track=1 elapsed=2.0s < 30.0s prev='' — skip
15:11:22 detection_manager.py:353 - [TRACKING] fid=206384 active=1 filtered=1 eligible=0
15:11:22 detection_manager.py:357 - [DEDUP_SKIP] fid=206384 all 1 vehicle(s) are duplicates — skip save
15:11:22 detection_processor.py:719 - [VEHICLE] conf=0.898 size=1507×894px bbox=[309,398,1816,1293] detect_time=18ms
15:11:22 detection_manager.py:258 - [VEHICLE] fid=206384 conf=0.898 size=1507×894px
15:11:22 detection_processor.py:2065 - [FRAME_SCORE] track=? | sharpness=0.225 (plate=0.000 frame=0.225) | conf=0.898 | area=0.452 | center=0.836 | SCORE=0.533
15:11:22 detection_processor.py:1719 - [TRACK_UPDATE] track=1 frame_count=134 score=0.658 plates=1 ocr_submitted=False
15:11:22 detection_processor.py:2139 - [DEDUP_SUMMARY] kept=1/1 tracks after deduplication
15:11:22 detection_manager.py:553 - [DEDUP_BLOCK] track=1 elapsed=2.2s < 30.0s prev='' — skip
15:11:22 detection_manager.py:353 - [TRACKING] fid=206384 active=1 filtered=1 eligible=0
15:11:22 detection_manager.py:357 - [DEDUP_SKIP] fid=206384 all 1 vehicle(s) are duplicates — skip save
15:11:22 detection_processor.py:719 - [VEHICLE] conf=0.898 size=1490×888px bbox=[302,401,1793,1289] detect_time=24ms
15:11:22 detection_manager.py:258 - [VEHICLE] fid=206384 conf=0.898 size=1490×888px
15:11:22 detection_processor.py:2065 - [FRAME_SCORE] track=? | sharpness=0.218 (plate=0.000 frame=0.218) | conf=0.898 | area=0.443 | center=0.831 | SCORE=0.528
15:11:22 detection_processor.py:1719 - [TRACK_UPDATE] track=1 frame_count=135 score=0.658 plates=1 ocr_submitted=False
15:11:22 detection_processor.py:2139 - [DEDUP_SUMMARY] kept=1/1 tracks after deduplication
15:11:22 detection_manager.py:553 - [DEDUP_BLOCK] track=1 elapsed=2.4s < 30.0s prev='' — skip
15:11:22 detection_manager.py:353 - [TRACKING] fid=206384 active=1 filtered=1 eligible=0
15:11:22 detection_manager.py:357 - [DEDUP_SKIP] fid=206384 all 1 vehicle(s) are duplicates — skip save
15:11:22 detection_processor.py:719 - [VEHICLE] conf=0.898 size=1483×882px bbox=[290,400,1773,1282] detect_time=19ms
15:11:22 detection_manager.py:258 - [VEHICLE] fid=206384 conf=0.898 size=1483×882px
15:11:22 detection_processor.py:2065 - [FRAME_SCORE] track=? | sharpness=0.226 (plate=0.000 frame=0.226) | conf=0.898 | area=0.438 | center=0.828 | SCORE=0.530
15:11:22 detection_processor.py:1719 - [TRACK_UPDATE] track=1 frame_count=136 score=0.658 plates=1 ocr_submitted=False
15:11:22 detection_processor.py:2139 - [DEDUP_SUMMARY] kept=1/1 tracks after deduplication
15:11:22 detection_manager.py:553 - [DEDUP_BLOCK] track=1 elapsed=2.5s < 30.0s prev='' — skip
15:11:22 detection_manager.py:353 - [TRACKING] fid=206384 active=1 filtered=1 eligible=0
15:11:22 detection_manager.py:357 - [DEDUP_SKIP] fid=206384 all 1 vehicle(s) are duplicates — skip save
15:11:22 detection_processor.py:719 - [VEHICLE] conf=0.898 size=1447×865px bbox=[284,407,1732,1272] detect_time=21ms
15:11:22 detection_manager.py:258 - [VEHICLE] fid=206384 conf=0.898 size=1447×865px
15:11:22 detection_processor.py:2065 - [FRAME_SCORE] track=? | sharpness=0.203 (plate=0.000 frame=0.203) | conf=0.898 | area=0.419 | center=0.819 | SCORE=0.516
15:11:22 detection_processor.py:1719 - [TRACK_UPDATE] track=1 frame_count=137 score=0.658 plates=1 ocr_submitted=False
15:11:22 detection_processor.py:2139 - [DEDUP_SUMMARY] kept=1/1 tracks after deduplication
15:11:22 detection_manager.py:553 - [DEDUP_BLOCK] track=1 elapsed=2.7s < 30.0s prev='' — skip
15:11:22 detection_manager.py:353 - [TRACKING] fid=206384 active=1 filtered=1 eligible=0
15:11:22 detection_manager.py:357 - [DEDUP_SKIP] fid=206384 all 1 vehicle(s) are duplicates — skip save
15:11:23 detection_processor.py:719 - [VEHICLE] conf=0.898 size=1428×853px bbox=[274,408,1702,1261] detect_time=20ms
15:11:23 detection_manager.py:258 - [VEHICLE] fid=206384 conf=0.898 size=1428×853px
15:11:23 detection_processor.py:2065 - [FRAME_SCORE] track=? | sharpness=0.188 (plate=0.000 frame=0.188) | conf=0.898 | area=0.408 | center=0.812 | SCORE=0.507
15:11:23 detection_processor.py:1719 - [TRACK_UPDATE] track=1 frame_count=138 score=0.658 plates=1 ocr_submitted=False
15:11:23 detection_processor.py:2139 - [DEDUP_SUMMARY] kept=1/1 tracks after deduplication
15:11:23 detection_manager.py:553 - [DEDUP_BLOCK] track=1 elapsed=2.9s < 30.0s prev='' — skip
15:11:23 detection_manager.py:353 - [TRACKING] fid=206384 active=1 filtered=1 eligible=0
15:11:23 detection_manager.py:357 - [DEDUP_SKIP] fid=206384 all 1 vehicle(s) are duplicates — skip save
15:11:23 detection_processor.py:719 - [VEHICLE] conf=0.898 size=1407×834px bbox=[263,407,1671,1242] detect_time=22ms
15:11:23 detection_manager.py:258 - [VEHICLE] fid=206384 conf=0.898 size=1407×834px
15:11:23 detection_processor.py:2065 - [FRAME_SCORE] track=? | sharpness=0.172 (plate=0.000 frame=0.172) | conf=0.898 | area=0.393 | center=0.807 | SCORE=0.497
15:11:23 detection_processor.py:1719 - [TRACK_UPDATE] track=1 frame_count=139 score=0.658 plates=1 ocr_submitted=False
15:11:23 detection_processor.py:2139 - [DEDUP_SUMMARY] kept=1/1 tracks after deduplication
15:11:23 detection_manager.py:553 - [DEDUP_BLOCK] track=1 elapsed=3.1s < 30.0s prev='' — skip
15:11:23 detection_manager.py:353 - [TRACKING] fid=206384 active=1 filtered=1 eligible=0
15:11:23 detection_manager.py:357 - [DEDUP_SKIP] fid=206384 all 1 vehicle(s) are duplicates — skip save
15:11:23 detection_processor.py:719 - [VEHICLE] conf=0.898 size=1363×807px bbox=[249,411,1612,1218] detect_time=15ms
15:11:23 detection_manager.py:258 - [VEHICLE] fid=206384 conf=0.898 size=1363×807px
15:11:23 detection_processor.py:2065 - [FRAME_SCORE] track=? | sharpness=0.210 (plate=0.000 frame=0.210) | conf=0.898 | area=0.369 | center=0.791 | SCORE=0.506
15:11:23 detection_processor.py:1719 - [TRACK_UPDATE] track=1 frame_count=140 score=0.658 plates=1 ocr_submitted=False
15:11:23 detection_processor.py:2139 - [DEDUP_SUMMARY] kept=1/1 tracks after deduplication
15:11:23 detection_manager.py:553 - [DEDUP_BLOCK] track=1 elapsed=3.2s < 30.0s prev='' — skip
15:11:23 detection_manager.py:353 - [TRACKING] fid=206384 active=1 filtered=1 eligible=0
15:11:23 detection_manager.py:357 - [DEDUP_SKIP] fid=206384 all 1 vehicle(s) are duplicates — skip save
15:11:23 detection_processor.py:719 - [VEHICLE] conf=0.898 size=1338×789px bbox=[243,413,1581,1202] detect_time=23ms
15:11:23 detection_manager.py:258 - [VEHICLE] fid=206384 conf=0.898 size=1338×789px
15:11:23 detection_processor.py:2065 - [FRAME_SCORE] track=? | sharpness=0.223 (plate=0.000 frame=0.223) | conf=0.898 | area=0.354 | center=0.782 | SCORE=0.508
15:11:23 detection_processor.py:1719 - [TRACK_UPDATE] track=1 frame_count=141 score=0.658 plates=1 ocr_submitted=False
15:11:23 detection_processor.py:2139 - [DEDUP_SUMMARY] kept=1/1 tracks after deduplication
15:11:23 detection_manager.py:553 - [DEDUP_BLOCK] track=1 elapsed=3.4s < 30.0s prev='' — skip
15:11:23 detection_manager.py:353 - [TRACKING] fid=206384 active=1 filtered=1 eligible=0
15:11:23 detection_manager.py:357 - [DEDUP_SKIP] fid=206384 all 1 vehicle(s) are duplicates — skip save
15:11:23 detection_processor.py:719 - [VEHICLE] conf=0.898 size=1311×770px bbox=[239,416,1550,1187] detect_time=17ms
15:11:23 detection_manager.py:258 - [VEHICLE] fid=206384 conf=0.898 size=1311×770px
15:11:23 detection_processor.py:2065 - [FRAME_SCORE] track=? | sharpness=0.233 (plate=0.000 frame=0.233) | conf=0.898 | area=0.339 | center=0.773 | SCORE=0.508
15:11:23 detection_processor.py:1719 - [TRACK_UPDATE] track=1 frame_count=142 score=0.658 plates=1 ocr_submitted=False
15:11:23 detection_processor.py:2139 - [DEDUP_SUMMARY] kept=1/1 tracks after deduplication
15:11:23 detection_manager.py:553 - [DEDUP_BLOCK] track=1 elapsed=3.6s < 30.0s prev='' — skip
15:11:23 detection_manager.py:353 - [TRACKING] fid=206384 active=1 filtered=1 eligible=0
15:11:23 detection_manager.py:357 - [DEDUP_SKIP] fid=206384 all 1 vehicle(s) are duplicates — skip save
15:11:23 detection_processor.py:719 - [VEHICLE] conf=0.898 size=1297×759px bbox=[241,420,1538,1180] detect_time=22ms
15:11:23 detection_manager.py:258 - [VEHICLE] fid=206384 conf=0.898 size=1297×759px
15:11:23 detection_processor.py:2065 - [FRAME_SCORE] track=? | sharpness=0.252 (plate=0.000 frame=0.252) | conf=0.898 | area=0.330 | center=0.771 | SCORE=0.513
15:11:23 detection_processor.py:1719 - [TRACK_UPDATE] track=1 frame_count=143 score=0.658 plates=1 ocr_submitted=False
15:11:23 detection_processor.py:2139 - [DEDUP_SUMMARY] kept=1/1 tracks after deduplication
15:11:23 detection_manager.py:553 - [DEDUP_BLOCK] track=1 elapsed=3.7s < 30.0s prev='' — skip
15:11:23 detection_manager.py:353 - [TRACKING] fid=206384 active=1 filtered=1 eligible=0
15:11:23 detection_manager.py:357 - [DEDUP_SKIP] fid=206384 all 1 vehicle(s) are duplicates — skip save
15:11:24 detection_processor.py:719 - [VEHICLE] conf=0.898 size=1266×747px bbox=[248,420,1515,1167] detect_time=23ms
15:11:24 detection_manager.py:258 - [VEHICLE] fid=206384 conf=0.898 size=1266×747px
15:11:24 detection_processor.py:2065 - [FRAME_SCORE] track=? | sharpness=0.242 (plate=0.000 frame=0.242) | conf=0.898 | area=0.317 | center=0.767 | SCORE=0.506
15:11:24 detection_processor.py:1719 - [TRACK_UPDATE] track=1 frame_count=144 score=0.658 plates=1 ocr_submitted=False
15:11:24 detection_processor.py:2139 - [DEDUP_SUMMARY] kept=1/1 tracks after deduplication
15:11:24 detection_manager.py:553 - [DEDUP_BLOCK] track=1 elapsed=3.9s < 30.0s prev='' — skip
15:11:24 detection_manager.py:353 - [TRACKING] fid=206384 active=1 filtered=1 eligible=0
15:11:24 detection_manager.py:357 - [DEDUP_SKIP] fid=206384 all 1 vehicle(s) are duplicates — skip save
15:11:24 detection_processor.py:719 - [VEHICLE] conf=0.898 size=1245×739px bbox=[250,423,1495,1162] detect_time=24ms
15:11:24 detection_manager.py:258 - [VEHICLE] fid=206384 conf=0.898 size=1245×739px
15:11:24 detection_processor.py:2065 - [FRAME_SCORE] track=? | sharpness=0.241 (plate=0.000 frame=0.241) | conf=0.898 | area=0.308 | center=0.762 | SCORE=0.504
15:11:24 detection_processor.py:1719 - [TRACK_UPDATE] track=1 frame_count=145 score=0.658 plates=1 ocr_submitted=False
15:11:24 detection_processor.py:2139 - [DEDUP_SUMMARY] kept=1/1 tracks after deduplication
15:11:24 detection_manager.py:553 - [DEDUP_BLOCK] track=1 elapsed=4.1s < 30.0s prev='' — skip
15:11:24 detection_manager.py:353 - [TRACKING] fid=206384 active=1 filtered=1 eligible=0
15:11:24 detection_manager.py:357 - [DEDUP_SKIP] fid=206384 all 1 vehicle(s) are duplicates — skip save
15:11:24 detection_processor.py:719 - [VEHICLE] conf=0.898 size=1201×727px bbox=[268,423,1469,1150] detect_time=14ms
15:11:24 detection_manager.py:258 - [VEHICLE] fid=321776 conf=0.898 size=1201×727px
15:11:24 detection_processor.py:2065 - [FRAME_SCORE] track=? | sharpness=0.231 (plate=0.000 frame=0.231) | conf=0.898 | area=0.292 | center=0.761 | SCORE=0.496
15:11:24 detection_processor.py:1719 - [TRACK_UPDATE] track=1 frame_count=146 score=0.658 plates=1 ocr_submitted=False
15:11:24 detection_processor.py:2139 - [DEDUP_SUMMARY] kept=1/1 tracks after deduplication
15:11:24 detection_manager.py:553 - [DEDUP_BLOCK] track=1 elapsed=4.3s < 30.0s prev='' — skip
15:11:24 detection_manager.py:353 - [TRACKING] fid=321776 active=1 filtered=1 eligible=0
15:11:24 detection_manager.py:357 - [DEDUP_SKIP] fid=321776 all 1 vehicle(s) are duplicates — skip save
15:11:24 detection_processor.py:719 - [VEHICLE] conf=0.898 size=1178×710px bbox=[280,428,1458,1139] detect_time=15ms
15:11:24 detection_manager.py:258 - [VEHICLE] fid=321584 conf=0.898 size=1178×710px
15:11:24 detection_processor.py:2065 - [FRAME_SCORE] track=? | sharpness=0.246 (plate=0.000 frame=0.246) | conf=0.898 | area=0.280 | center=0.763 | SCORE=0.500
15:11:24 detection_processor.py:1719 - [TRACK_UPDATE] track=1 frame_count=147 score=0.658 plates=1 ocr_submitted=False
15:11:24 detection_processor.py:2139 - [DEDUP_SUMMARY] kept=1/1 tracks after deduplication
15:11:24 detection_manager.py:553 - [DEDUP_BLOCK] track=1 elapsed=4.4s < 30.0s prev='' — skip
15:11:24 detection_manager.py:353 - [TRACKING] fid=321584 active=1 filtered=1 eligible=0
15:11:24 detection_manager.py:357 - [DEDUP_SKIP] fid=321584 all 1 vehicle(s) are duplicates — skip save
15:11:24 detection_processor.py:719 - [VEHICLE] conf=0.898 size=1142×697px bbox=[298,434,1440,1131] detect_time=18ms
15:11:24 detection_manager.py:258 - [VEHICLE] fid=206384 conf=0.898 size=1142×697px
15:11:24 detection_processor.py:2065 - [FRAME_SCORE] track=? | sharpness=0.249 (plate=0.000 frame=0.249) | conf=0.898 | area=0.267 | center=0.763 | SCORE=0.499
15:11:24 detection_processor.py:1719 - [TRACK_UPDATE] track=1 frame_count=148 score=0.658 plates=1 ocr_submitted=False
15:11:24 detection_processor.py:2139 - [DEDUP_SUMMARY] kept=1/1 tracks after deduplication
15:11:24 detection_manager.py:553 - [DEDUP_BLOCK] track=1 elapsed=4.6s < 30.0s prev='' — skip
15:11:24 detection_manager.py:353 - [TRACKING] fid=206384 active=1 filtered=1 eligible=0
15:11:24 detection_manager.py:357 - [DEDUP_SKIP] fid=206384 all 1 vehicle(s) are duplicates — skip save
15:11:24 detection_processor.py:719 - [VEHICLE] conf=0.898 size=1120×682px bbox=[311,439,1432,1121] detect_time=14ms
15:11:24 detection_manager.py:258 - [VEHICLE] fid=320816 conf=0.898 size=1120×682px
15:11:24 detection_processor.py:2065 - [FRAME_SCORE] track=? | sharpness=0.228 (plate=0.000 frame=0.228) | conf=0.898 | area=0.256 | center=0.765 | SCORE=0.488
15:11:24 detection_processor.py:1719 - [TRACK_UPDATE] track=1 frame_count=149 score=0.658 plates=1 ocr_submitted=False
15:11:24 detection_processor.py:2139 - [DEDUP_SUMMARY] kept=1/1 tracks after deduplication
15:11:24 detection_manager.py:553 - [DEDUP_BLOCK] track=1 elapsed=4.7s < 30.0s prev='' — skip
15:11:24 detection_manager.py:353 - [TRACKING] fid=320816 active=1 filtered=1 eligible=0
15:11:24 detection_manager.py:357 - [DEDUP_SKIP] fid=320816 all 1 vehicle(s) are duplicates — skip save
15:11:25 detection_processor.py:719 - [VEHICLE] conf=0.898 size=1093×670px bbox=[330,442,1424,1113] detect_time=23ms
15:11:25 detection_manager.py:258 - [VEHICLE] fid=206384 conf=0.898 size=1093×670px
15:11:25 detection_processor.py:2065 - [FRAME_SCORE] track=? | sharpness=0.222 (plate=0.000 frame=0.222) | conf=0.898 | area=0.246 | center=0.770 | SCORE=0.484
15:11:25 detection_processor.py:1719 - [TRACK_UPDATE] track=1 frame_count=150 score=0.658 plates=1 ocr_submitted=False
15:11:25 detection_processor.py:2139 - [DEDUP_SUMMARY] kept=1/1 tracks after deduplication
15:11:25 detection_manager.py:553 - [DEDUP_BLOCK] track=1 elapsed=4.9s < 30.0s prev='' — skip
15:11:25 detection_manager.py:353 - [TRACKING] fid=206384 active=1 filtered=1 eligible=0
15:11:25 detection_manager.py:357 - [DEDUP_SKIP] fid=206384 all 1 vehicle(s) are duplicates — skip save
15:11:25 detection_processor.py:719 - [VEHICLE] conf=0.898 size=1058×657px bbox=[358,445,1417,1102] detect_time=17ms
15:11:25 detection_manager.py:258 - [VEHICLE] fid=320816 conf=0.898 size=1058×657px
15:11:25 detection_processor.py:2065 - [FRAME_SCORE] track=? | sharpness=0.196 (plate=0.000 frame=0.196) | conf=0.898 | area=0.233 | center=0.778 | SCORE=0.472
15:11:25 detection_processor.py:1719 - [TRACK_UPDATE] track=1 frame_count=151 score=0.658 plates=1 ocr_submitted=False
15:11:25 detection_processor.py:2139 - [DEDUP_SUMMARY] kept=1/1 tracks after deduplication
15:11:25 detection_manager.py:553 - [DEDUP_BLOCK] track=1 elapsed=5.1s < 30.0s prev='' — skip
15:11:25 detection_manager.py:353 - [TRACKING] fid=320816 active=1 filtered=1 eligible=0
15:11:25 detection_manager.py:357 - [DEDUP_SKIP] fid=320816 all 1 vehicle(s) are duplicates — skip save
15:11:25 detection_processor.py:719 - [VEHICLE] conf=0.898 size=1027×641px bbox=[386,447,1414,1088] detect_time=17ms
15:11:25 detection_manager.py:258 - [VEHICLE] fid=322352 conf=0.898 size=1027×641px
15:11:25 detection_processor.py:2065 - [FRAME_SCORE] track=? | sharpness=0.218 (plate=0.000 frame=0.218) | conf=0.898 | area=0.221 | center=0.789 | SCORE=0.480
15:11:25 detection_processor.py:1719 - [TRACK_UPDATE] track=1 frame_count=152 score=0.658 plates=1 ocr_submitted=False
15:11:25 detection_processor.py:2139 - [DEDUP_SUMMARY] kept=1/1 tracks after deduplication
15:11:25 detection_manager.py:553 - [DEDUP_BLOCK] track=1 elapsed=5.3s < 30.0s prev='' — skip
15:11:25 detection_manager.py:353 - [TRACKING] fid=322352 active=1 filtered=1 eligible=0
15:11:25 detection_manager.py:357 - [DEDUP_SKIP] fid=322352 all 1 vehicle(s) are duplicates — skip save
15:11:25 detection_processor.py:719 - [VEHICLE] conf=0.898 size=991×630px bbox=[422,448,1413,1078] detect_time=16ms
15:11:25 detection_manager.py:258 - [VEHICLE] fid=206384 conf=0.898 size=991×630px
15:11:25 detection_processor.py:2065 - [FRAME_SCORE] track=? | sharpness=0.183 (plate=0.000 frame=0.183) | conf=0.898 | area=0.209 | center=0.803 | SCORE=0.465
15:11:25 detection_processor.py:1719 - [TRACK_UPDATE] track=1 frame_count=153 score=0.658 plates=1 ocr_submitted=False
15:11:25 detection_processor.py:2139 - [DEDUP_SUMMARY] kept=1/1 tracks after deduplication
15:11:25 detection_manager.py:553 - [DEDUP_BLOCK] track=1 elapsed=5.4s < 30.0s prev='' — skip
15:11:25 detection_manager.py:353 - [TRACKING] fid=206384 active=1 filtered=1 eligible=0
15:11:25 detection_manager.py:357 - [DEDUP_SKIP] fid=206384 all 1 vehicle(s) are duplicates — skip save
15:11:25 detection_processor.py:719 - [VEHICLE] conf=0.898 size=969×613px bbox=[448,454,1418,1067] detect_time=18ms
15:11:25 detection_manager.py:258 - [VEHICLE] fid=322448 conf=0.898 size=969×613px
15:11:25 detection_processor.py:2065 - [FRAME_SCORE] track=? | sharpness=0.218 (plate=0.000 frame=0.218) | conf=0.898 | area=0.199 | center=0.814 | SCORE=0.478
15:11:25 detection_processor.py:1719 - [TRACK_UPDATE] track=1 frame_count=154 score=0.658 plates=1 ocr_submitted=False
15:11:25 detection_processor.py:2139 - [DEDUP_SUMMARY] kept=1/1 tracks after deduplication
15:11:25 detection_manager.py:553 - [DEDUP_BLOCK] track=1 elapsed=5.6s < 30.0s prev='' — skip
15:11:25 detection_manager.py:353 - [TRACKING] fid=322448 active=1 filtered=1 eligible=0
15:11:25 detection_manager.py:357 - [DEDUP_SKIP] fid=322448 all 1 vehicle(s) are duplicates — skip save
15:11:25 detection_processor.py:719 - [VEHICLE] conf=0.898 size=925×592px bbox=[487,461,1412,1054] detect_time=16ms
15:11:25 detection_manager.py:258 - [VEHICLE] fid=206384 conf=0.898 size=925×592px
15:11:25 detection_processor.py:2065 - [FRAME_SCORE] track=? | sharpness=0.158 (plate=0.000 frame=0.158) | conf=0.898 | area=0.184 | center=0.826 | SCORE=0.452
15:11:25 detection_processor.py:1719 - [TRACK_UPDATE] track=1 frame_count=155 score=0.658 plates=1 ocr_submitted=False
15:11:25 detection_processor.py:2139 - [DEDUP_SUMMARY] kept=1/1 tracks after deduplication
15:11:25 detection_manager.py:553 - [DEDUP_BLOCK] track=1 elapsed=5.8s < 30.0s prev='' — skip
15:11:25 detection_manager.py:353 - [TRACKING] fid=206384 active=1 filtered=1 eligible=0
15:11:25 detection_manager.py:357 - [DEDUP_SKIP] fid=206384 all 1 vehicle(s) are duplicates — skip save
15:11:26 detection_processor.py:719 - [VEHICLE] conf=0.898 size=903×584px bbox=[510,463,1414,1048] detect_time=19ms
15:11:26 detection_manager.py:258 - [VEHICLE] fid=206384 conf=0.898 size=903×584px
15:11:26 detection_processor.py:2065 - [FRAME_SCORE] track=? | sharpness=0.184 (plate=0.000 frame=0.184) | conf=0.898 | area=0.177 | center=0.835 | SCORE=0.462
15:11:26 detection_processor.py:1719 - [TRACK_UPDATE] track=1 frame_count=156 score=0.658 plates=1 ocr_submitted=False
15:11:26 detection_processor.py:2139 - [DEDUP_SUMMARY] kept=1/1 tracks after deduplication
15:11:26 detection_manager.py:553 - [DEDUP_BLOCK] track=1 elapsed=5.9s < 30.0s prev='' — skip
15:11:26 detection_manager.py:353 - [TRACKING] fid=206384 active=1 filtered=1 eligible=0
15:11:26 detection_manager.py:357 - [DEDUP_SKIP] fid=206384 all 1 vehicle(s) are duplicates — skip save
15:11:26 detection_processor.py:719 - [VEHICLE] conf=0.898 size=883×549px bbox=[533,478,1416,1027] detect_time=20ms
15:11:26 detection_manager.py:258 - [VEHICLE] fid=206384 conf=0.898 size=883×549px
15:11:26 detection_processor.py:2065 - [FRAME_SCORE] track=? | sharpness=0.219 (plate=0.000 frame=0.219) | conf=0.898 | area=0.163 | center=0.844 | SCORE=0.474
15:11:26 detection_processor.py:1719 - [TRACK_UPDATE] track=1 frame_count=157 score=0.658 plates=1 ocr_submitted=False
15:11:26 detection_processor.py:2139 - [DEDUP_SUMMARY] kept=1/1 tracks after deduplication
15:11:26 detection_manager.py:553 - [DEDUP_BLOCK] track=1 elapsed=6.1s < 30.0s prev='' — skip
15:11:26 detection_manager.py:353 - [TRACKING] fid=206384 active=1 filtered=1 eligible=0
15:11:26 detection_manager.py:357 - [DEDUP_SKIP] fid=206384 all 1 vehicle(s) are duplicates — skip save
15:11:26 detection_processor.py:719 - [VEHICLE] conf=0.898 size=852×527px bbox=[565,489,1417,1017] detect_time=21ms
15:11:26 detection_manager.py:258 - [VEHICLE] fid=206384 conf=0.898 size=852×527px
15:11:26 detection_processor.py:2065 - [FRAME_SCORE] track=? | sharpness=0.248 (plate=0.000 frame=0.248) | conf=0.898 | area=0.151 | center=0.855 | SCORE=0.484
15:11:26 detection_processor.py:1719 - [TRACK_UPDATE] track=1 frame_count=158 score=0.658 plates=1 ocr_submitted=False
15:11:26 detection_processor.py:2139 - [DEDUP_SUMMARY] kept=1/1 tracks after deduplication
15:11:26 detection_manager.py:553 - [DEDUP_BLOCK] track=1 elapsed=6.3s < 30.0s prev='' — skip
15:11:26 detection_manager.py:353 - [TRACKING] fid=206384 active=1 filtered=1 eligible=0
15:11:26 detection_manager.py:357 - [DEDUP_SKIP] fid=206384 all 1 vehicle(s) are duplicates — skip save
15:11:26 detection_processor.py:719 - [VEHICLE] conf=0.898 size=838×510px bbox=[581,491,1419,1001] detect_time=28ms
15:11:26 detection_manager.py:258 - [VEHICLE] fid=206384 conf=0.898 size=838×510px
15:11:26 detection_processor.py:2065 - [FRAME_SCORE] track=? | sharpness=0.252 (plate=0.000 frame=0.252) | conf=0.898 | area=0.143 | center=0.863 | SCORE=0.485
15:11:26 detection_processor.py:1719 - [TRACK_UPDATE] track=1 frame_count=159 score=0.658 plates=1 ocr_submitted=False
15:11:26 detection_processor.py:2139 - [DEDUP_SUMMARY] kept=1/1 tracks after deduplication
15:11:26 detection_manager.py:553 - [DEDUP_BLOCK] track=1 elapsed=6.4s < 30.0s prev='' — skip
15:11:26 detection_manager.py:353 - [TRACKING] fid=206384 active=1 filtered=1 eligible=0
15:11:26 detection_manager.py:357 - [DEDUP_SKIP] fid=206384 all 1 vehicle(s) are duplicates — skip save
15:11:26 detection_processor.py:719 - [VEHICLE] conf=0.898 size=814×501px bbox=[605,493,1420,994] detect_time=16ms
15:11:26 detection_manager.py:258 - [VEHICLE] fid=206384 conf=0.898 size=814×501px
15:11:26 detection_processor.py:2065 - [FRAME_SCORE] track=? | sharpness=0.249 (plate=0.000 frame=0.249) | conf=0.898 | area=0.137 | center=0.872 | SCORE=0.484
15:11:26 detection_processor.py:1719 - [TRACK_UPDATE] track=1 frame_count=160 score=0.658 plates=1 ocr_submitted=False
15:11:26 detection_processor.py:2139 - [DEDUP_SUMMARY] kept=1/1 tracks after deduplication
15:11:26 detection_manager.py:553 - [DEDUP_BLOCK] track=1 elapsed=6.6s < 30.0s prev='' — skip
15:11:26 detection_manager.py:353 - [TRACKING] fid=206384 active=1 filtered=1 eligible=0
15:11:26 detection_manager.py:357 - [DEDUP_SKIP] fid=206384 all 1 vehicle(s) are duplicates — skip save
15:11:26 detection_processor.py:719 - [VEHICLE] conf=0.898 size=801×499px bbox=[620,494,1421,994] detect_time=17ms
15:11:26 detection_manager.py:258 - [VEHICLE] fid=322064 conf=0.898 size=801×499px
15:11:26 detection_processor.py:2065 - [FRAME_SCORE] track=? | sharpness=0.244 (plate=0.000 frame=0.244) | conf=0.898 | area=0.134 | center=0.877 | SCORE=0.482
15:11:26 detection_processor.py:1719 - [TRACK_UPDATE] track=1 frame_count=161 score=0.658 plates=1 ocr_submitted=False
15:11:26 detection_processor.py:2139 - [DEDUP_SUMMARY] kept=1/1 tracks after deduplication
15:11:26 detection_manager.py:553 - [DEDUP_BLOCK] track=1 elapsed=6.8s < 30.0s prev='' — skip
15:11:26 detection_manager.py:353 - [TRACKING] fid=322064 active=1 filtered=1 eligible=0
15:11:26 detection_manager.py:357 - [DEDUP_SKIP] fid=322064 all 1 vehicle(s) are duplicates — skip save
15:11:27 detection_processor.py:719 - [VEHICLE] conf=0.898 size=780×494px bbox=[643,499,1423,994] detect_time=18ms
15:11:27 detection_manager.py:258 - [VEHICLE] fid=206384 conf=0.898 size=780×494px
15:11:27 detection_processor.py:2065 - [FRAME_SCORE] track=? | sharpness=0.260 (plate=0.000 frame=0.260) | conf=0.898 | area=0.129 | center=0.883 | SCORE=0.487
15:11:27 detection_processor.py:1719 - [TRACK_UPDATE] track=1 frame_count=162 score=0.658 plates=1 ocr_submitted=False
15:11:27 detection_processor.py:2139 - [DEDUP_SUMMARY] kept=1/1 tracks after deduplication
15:11:27 detection_manager.py:553 - [DEDUP_BLOCK] track=1 elapsed=7.0s < 30.0s prev='' — skip
15:11:27 detection_manager.py:353 - [TRACKING] fid=206384 active=1 filtered=1 eligible=0
15:11:27 detection_manager.py:357 - [DEDUP_SKIP] fid=206384 all 1 vehicle(s) are duplicates — skip save
15:11:27 detection_processor.py:719 - [VEHICLE] conf=0.898 size=772×492px bbox=[653,502,1425,994] detect_time=24ms
15:11:27 detection_manager.py:258 - [VEHICLE] fid=206384 conf=0.898 size=772×492px
15:11:27 detection_processor.py:2065 - [FRAME_SCORE] track=? | sharpness=0.258 (plate=0.000 frame=0.258) | conf=0.898 | area=0.127 | center=0.886 | SCORE=0.487
15:11:27 detection_processor.py:1719 - [TRACK_UPDATE] track=1 frame_count=163 score=0.658 plates=1 ocr_submitted=False
15:11:27 detection_processor.py:2139 - [DEDUP_SUMMARY] kept=1/1 tracks after deduplication
15:11:27 detection_manager.py:553 - [DEDUP_BLOCK] track=1 elapsed=7.1s < 30.0s prev='' — skip
15:11:27 detection_manager.py:353 - [TRACKING] fid=206384 active=1 filtered=1 eligible=0
15:11:27 detection_manager.py:357 - [DEDUP_SKIP] fid=206384 all 1 vehicle(s) are duplicates — skip save
15:11:27 detection_processor.py:719 - [VEHICLE] conf=0.898 size=757×491px bbox=[670,502,1428,994] detect_time=20ms
15:11:27 detection_manager.py:258 - [VEHICLE] fid=206384 conf=0.898 size=757×491px
15:11:27 detection_processor.py:2065 - [FRAME_SCORE] track=? | sharpness=0.259 (plate=0.000 frame=0.259) | conf=0.898 | area=0.125 | center=0.891 | SCORE=0.487
15:11:27 detection_processor.py:1719 - [TRACK_UPDATE] track=1 frame_count=164 score=0.658 plates=1 ocr_submitted=False
15:11:27 detection_processor.py:2139 - [DEDUP_SUMMARY] kept=1/1 tracks after deduplication
15:11:27 detection_manager.py:553 - [DEDUP_BLOCK] track=1 elapsed=7.3s < 30.0s prev='' — skip
15:11:27 detection_manager.py:353 - [TRACKING] fid=206384 active=1 filtered=1 eligible=0
15:11:27 detection_manager.py:357 - [DEDUP_SKIP] fid=206384 all 1 vehicle(s) are duplicates — skip save
15:11:27 detection_processor.py:719 - [VEHICLE] conf=0.898 size=751×490px bbox=[680,503,1432,994] detect_time=21ms
15:11:27 detection_manager.py:258 - [VEHICLE] fid=206384 conf=0.898 size=751×490px
15:11:27 detection_processor.py:2065 - [FRAME_SCORE] track=? | sharpness=0.266 (plate=0.000 frame=0.266) | conf=0.898 | area=0.124 | center=0.895 | SCORE=0.490
15:11:27 detection_processor.py:1719 - [TRACK_UPDATE] track=1 frame_count=165 score=0.658 plates=1 ocr_submitted=False
15:11:27 detection_processor.py:2139 - [DEDUP_SUMMARY] kept=1/1 tracks after deduplication
15:11:27 detection_manager.py:553 - [DEDUP_BLOCK] track=1 elapsed=7.5s < 30.0s prev='' — skip
15:11:27 detection_manager.py:353 - [TRACKING] fid=206384 active=1 filtered=1 eligible=0
15:11:27 detection_manager.py:357 - [DEDUP_SKIP] fid=206384 all 1 vehicle(s) are duplicates — skip save
15:11:27 detection_processor.py:719 - [VEHICLE] conf=0.898 size=738×490px bbox=[695,504,1433,994] detect_time=18ms
15:11:27 detection_manager.py:258 - [VEHICLE] fid=206384 conf=0.898 size=738×490px
15:11:27 detection_processor.py:2065 - [FRAME_SCORE] track=? | sharpness=0.267 (plate=0.000 frame=0.267) | conf=0.898 | area=0.121 | center=0.899 | SCORE=0.490
15:11:27 detection_processor.py:1719 - [TRACK_UPDATE] track=1 frame_count=166 score=0.658 plates=1 ocr_submitted=False
15:11:27 detection_processor.py:2139 - [DEDUP_SUMMARY] kept=1/1 tracks after deduplication
15:11:27 detection_manager.py:553 - [DEDUP_BLOCK] track=1 elapsed=7.6s < 30.0s prev='' — skip
15:11:27 detection_manager.py:353 - [TRACKING] fid=206384 active=1 filtered=1 eligible=0
15:11:27 detection_manager.py:357 - [DEDUP_SKIP] fid=206384 all 1 vehicle(s) are duplicates — skip save
15:11:27 detection_processor.py:719 - [VEHICLE] conf=0.898 size=719×480px bbox=[713,513,1433,994] detect_time=22ms
15:11:27 detection_manager.py:258 - [VEHICLE] fid=206384 conf=0.898 size=719×480px
15:11:28 detection_processor.py:2065 - [FRAME_SCORE] track=? | sharpness=0.243 (plate=0.000 frame=0.243) | conf=0.898 | area=0.116 | center=0.900 | SCORE=0.480
15:11:28 detection_processor.py:1719 - [TRACK_UPDATE] track=1 frame_count=167 score=0.658 plates=1 ocr_submitted=False
15:11:28 detection_processor.py:2139 - [DEDUP_SUMMARY] kept=1/1 tracks after deduplication
15:11:28 detection_manager.py:553 - [DEDUP_BLOCK] track=1 elapsed=7.8s < 30.0s prev='' — skip
15:11:28 detection_manager.py:353 - [TRACKING] fid=206384 active=1 filtered=1 eligible=0
15:11:28 detection_manager.py:357 - [DEDUP_SKIP] fid=206384 all 1 vehicle(s) are duplicates — skip save
15:11:28 detection_processor.py:719 - [VEHICLE] conf=0.898 size=704×478px bbox=[732,510,1437,988] detect_time=23ms
15:11:28 detection_manager.py:258 - [VEHICLE] fid=206384 conf=0.898 size=704×478px
15:11:28 detection_processor.py:2065 - [FRAME_SCORE] track=? | sharpness=0.226 (plate=0.000 frame=0.226) | conf=0.898 | area=0.113 | center=0.908 | SCORE=0.473
15:11:28 detection_processor.py:1719 - [TRACK_UPDATE] track=1 frame_count=168 score=0.658 plates=1 ocr_submitted=False
15:11:28 detection_processor.py:2139 - [DEDUP_SUMMARY] kept=1/1 tracks after deduplication
15:11:28 detection_manager.py:553 - [DEDUP_BLOCK] track=1 elapsed=8.0s < 30.0s prev='' — skip
15:11:28 detection_manager.py:353 - [TRACKING] fid=206384 active=1 filtered=1 eligible=0
15:11:28 detection_manager.py:357 - [DEDUP_SKIP] fid=206384 all 1 vehicle(s) are duplicates — skip save
15:11:28 detection_processor.py:719 - [VEHICLE] conf=0.857 size=695×466px bbox=[743,508,1438,975] detect_time=18ms
15:11:28 detection_manager.py:258 - [VEHICLE] fid=321680 conf=0.857 size=695×466px
15:11:28 detection_processor.py:2065 - [FRAME_SCORE] track=? | sharpness=0.228 (plate=0.000 frame=0.228) | conf=0.857 | area=0.109 | center=0.915 | SCORE=0.462
15:11:28 detection_processor.py:1719 - [TRACK_UPDATE] track=1 frame_count=169 score=0.658 plates=1 ocr_submitted=False
15:11:28 detection_processor.py:2139 - [DEDUP_SUMMARY] kept=1/1 tracks after deduplication
15:11:28 detection_manager.py:553 - [DEDUP_BLOCK] track=1 elapsed=8.2s < 30.0s prev='' — skip
15:11:28 detection_manager.py:353 - [TRACKING] fid=321680 active=1 filtered=1 eligible=0
15:11:28 detection_manager.py:357 - [DEDUP_SKIP] fid=321680 all 1 vehicle(s) are duplicates — skip save
15:11:28 detection_processor.py:714 - 🚗 Vehicles detected: 0 (filtered from 1)
15:11:29 websocket_sender.py:759 - Sent 1 detection records to server
15:11:30 mqtt_health_sender.py:118 - Sent 50 health record(s) via MQTT
15:11:41 detection_processor.py:714 - 🚗 Vehicles detected: 1 (filtered from 1)
15:11:41 detection_processor.py:719 - [VEHICLE] conf=0.885 size=780×336px bbox=[1024,541,1805,878] detect_time=16ms
15:11:41 detection_manager.py:258 - [VEHICLE] fid=323696 conf=0.885 size=780×336px
15:11:41 detection_processor.py:2065 - [FRAME_SCORE] track=? | sharpness=0.254 (plate=0.000 frame=0.254) | conf=0.885 | area=0.088 | center=0.796 | SCORE=0.464
15:11:41 detection_processor.py:1719 - [TRACK_UPDATE] track=1 frame_count=170 score=0.658 plates=1 ocr_submitted=False
15:11:41 detection_processor.py:2139 - [DEDUP_SUMMARY] kept=1/1 tracks after deduplication
15:11:41 detection_manager.py:553 - [DEDUP_BLOCK] track=1 elapsed=21.2s < 30.0s prev='' — skip
15:11:41 detection_manager.py:353 - [TRACKING] fid=323696 active=1 filtered=1 eligible=0
15:11:41 detection_manager.py:357 - [DEDUP_SKIP] fid=323696 all 1 vehicle(s) are duplicates — skip save
15:11:41 detection_processor.py:719 - [VEHICLE] conf=0.898 size=793×338px bbox=[1028,540,1821,878] detect_time=18ms
15:11:41 detection_manager.py:258 - [VEHICLE] fid=323696 conf=0.898 size=793×338px
15:11:41 detection_processor.py:2065 - [FRAME_SCORE] track=? | sharpness=0.243 (plate=0.000 frame=0.243) | conf=0.898 | area=0.090 | center=0.789 | SCORE=0.463
15:11:41 detection_processor.py:1719 - [TRACK_UPDATE] track=1 frame_count=171 score=0.658 plates=1 ocr_submitted=False
15:11:41 detection_processor.py:2139 - [DEDUP_SUMMARY] kept=1/1 tracks after deduplication
15:11:41 detection_manager.py:553 - [DEDUP_BLOCK] track=1 elapsed=21.3s < 30.0s prev='' — skip
15:11:41 detection_manager.py:353 - [TRACKING] fid=323696 active=1 filtered=1 eligible=0
15:11:41 detection_manager.py:357 - [DEDUP_SKIP] fid=323696 all 1 vehicle(s) are duplicates — skip save
15:11:41 detection_processor.py:719 - [VEHICLE] conf=0.898 size=803×333px bbox=[1035,545,1838,878] detect_time=18ms
15:11:41 detection_manager.py:258 - [VEHICLE] fid=323696 conf=0.898 size=803×333px
15:11:41 detection_processor.py:2065 - [FRAME_SCORE] track=? | sharpness=0.222 (plate=0.000 frame=0.222) | conf=0.898 | area=0.090 | center=0.779 | SCORE=0.454
15:11:41 detection_processor.py:1719 - [TRACK_UPDATE] track=1 frame_count=172 score=0.658 plates=1 ocr_submitted=False
15:11:41 detection_processor.py:2139 - [DEDUP_SUMMARY] kept=1/1 tracks after deduplication
15:11:41 detection_manager.py:553 - [DEDUP_BLOCK] track=1 elapsed=21.5s < 30.0s prev='' — skip
15:11:41 detection_manager.py:353 - [TRACKING] fid=323696 active=1 filtered=1 eligible=0
15:11:41 detection_manager.py:357 - [DEDUP_SKIP] fid=323696 all 1 vehicle(s) are duplicates — skip save
15:11:41 detection_processor.py:719 - [VEHICLE] conf=0.872 size=812×340px bbox=[1047,550,1859,891] detect_time=16ms
15:11:41 detection_manager.py:258 - [VEHICLE] fid=323696 conf=0.872 size=812×340px
15:11:41 detection_processor.py:2065 - [FRAME_SCORE] track=? | sharpness=0.242 (plate=0.000 frame=0.242) | conf=0.872 | area=0.093 | center=0.766 | SCORE=0.454
15:11:41 detection_processor.py:1719 - [TRACK_UPDATE] track=1 frame_count=173 score=0.658 plates=1 ocr_submitted=False
15:11:41 detection_processor.py:2139 - [DEDUP_SUMMARY] kept=1/1 tracks after deduplication
15:11:41 detection_manager.py:553 - [DEDUP_BLOCK] track=1 elapsed=21.7s < 30.0s prev='' — skip
15:11:41 detection_manager.py:353 - [TRACKING] fid=323696 active=1 filtered=1 eligible=0
15:11:41 detection_manager.py:357 - [DEDUP_SKIP] fid=323696 all 1 vehicle(s) are duplicates — skip save
15:11:41 detection_processor.py:719 - [VEHICLE] conf=0.885 size=819×332px bbox=[1052,546,1872,878] detect_time=17ms
15:11:41 detection_manager.py:258 - [VEHICLE] fid=323696 conf=0.885 size=819×332px
15:11:42 detection_processor.py:2065 - [FRAME_SCORE] track=? | sharpness=0.238 (plate=0.000 frame=0.238) | conf=0.885 | area=0.091 | center=0.760 | SCORE=0.455
15:11:42 detection_processor.py:1719 - [TRACK_UPDATE] track=1 frame_count=174 score=0.658 plates=1 ocr_submitted=False
15:11:42 detection_processor.py:2139 - [DEDUP_SUMMARY] kept=1/1 tracks after deduplication
15:11:42 detection_manager.py:553 - [DEDUP_BLOCK] track=1 elapsed=21.8s < 30.0s prev='' — skip
15:11:42 detection_manager.py:353 - [TRACKING] fid=323696 active=1 filtered=1 eligible=0
15:11:42 detection_manager.py:357 - [DEDUP_SKIP] fid=323696 all 1 vehicle(s) are duplicates — skip save
15:11:42 detection_processor.py:719 - [VEHICLE] conf=0.885 size=833×335px bbox=[1063,543,1897,879] detect_time=22ms
15:11:42 detection_manager.py:258 - [VEHICLE] fid=323696 conf=0.885 size=833×335px
15:11:42 detection_processor.py:2065 - [FRAME_SCORE] track=? | sharpness=0.260 (plate=0.000 frame=0.260) | conf=0.885 | area=0.094 | center=0.747 | SCORE=0.463
15:11:42 detection_processor.py:1719 - [TRACK_UPDATE] track=1 frame_count=175 score=0.658 plates=1 ocr_submitted=False
15:11:42 detection_processor.py:2139 - [DEDUP_SUMMARY] kept=1/1 tracks after deduplication
15:11:42 detection_manager.py:553 - [DEDUP_BLOCK] track=1 elapsed=22.0s < 30.0s prev='' — skip
15:11:42 detection_manager.py:353 - [TRACKING] fid=323696 active=1 filtered=1 eligible=0
15:11:42 detection_manager.py:357 - [DEDUP_SKIP] fid=323696 all 1 vehicle(s) are duplicates — skip save
15:11:42 detection_processor.py:719 - [VEHICLE] conf=0.872 size=831×351px bbox=[1077,545,1909,897] detect_time=17ms
15:11:42 detection_manager.py:258 - [VEHICLE] fid=323696 conf=0.872 size=831×351px
15:11:42 detection_processor.py:2065 - [FRAME_SCORE] track=? | sharpness=0.224 (plate=0.000 frame=0.224) | conf=0.872 | area=0.098 | center=0.736 | SCORE=0.444
15:11:42 detection_processor.py:1719 - [TRACK_UPDATE] track=1 frame_count=176 score=0.658 plates=1 ocr_submitted=False
15:11:42 detection_processor.py:2139 - [DEDUP_SUMMARY] kept=1/1 tracks after deduplication
15:11:42 detection_manager.py:553 - [DEDUP_BLOCK] track=1 elapsed=22.2s < 30.0s prev='' — skip
15:11:42 detection_manager.py:353 - [TRACKING] fid=323696 active=1 filtered=1 eligible=0
15:11:42 detection_manager.py:357 - [DEDUP_SKIP] fid=323696 all 1 vehicle(s) are duplicates — skip save
15:11:42 detection_processor.py:719 - [VEHICLE] conf=0.885 size=839×346px bbox=[1082,541,1921,888] detect_time=20ms
15:11:42 detection_manager.py:258 - [VEHICLE] fid=322160 conf=0.885 size=839×346px
15:11:42 detection_processor.py:2065 - [FRAME_SCORE] track=? | sharpness=0.244 (plate=0.000 frame=0.244) | conf=0.885 | area=0.097 | center=0.731 | SCORE=0.456
15:11:42 detection_processor.py:1719 - [TRACK_UPDATE] track=1 frame_count=177 score=0.658 plates=1 ocr_submitted=False
15:11:42 detection_processor.py:2139 - [DEDUP_SUMMARY] kept=1/1 tracks after deduplication
15:11:42 detection_manager.py:553 - [DEDUP_BLOCK] track=1 elapsed=22.3s < 30.0s prev='' — skip
15:11:42 detection_manager.py:353 - [TRACKING] fid=322160 active=1 filtered=1 eligible=0
15:11:42 detection_manager.py:357 - [DEDUP_SKIP] fid=322160 all 1 vehicle(s) are duplicates — skip save
15:11:42 detection_processor.py:719 - [VEHICLE] conf=0.885 size=838×360px bbox=[1095,537,1934,898] detect_time=19ms
15:11:42 detection_manager.py:258 - [VEHICLE] fid=320240 conf=0.885 size=838×360px
15:11:42 detection_processor.py:2065 - [FRAME_SCORE] track=? | sharpness=0.245 (plate=0.000 frame=0.245) | conf=0.885 | area=0.101 | center=0.721 | SCORE=0.456
15:11:42 detection_processor.py:1719 - [TRACK_UPDATE] track=1 frame_count=178 score=0.658 plates=1 ocr_submitted=False
15:11:42 detection_processor.py:2139 - [DEDUP_SUMMARY] kept=1/1 tracks after deduplication
15:11:42 detection_manager.py:553 - [DEDUP_BLOCK] track=1 elapsed=22.5s < 30.0s prev='' — skip
15:11:42 detection_manager.py:353 - [TRACKING] fid=320240 active=1 filtered=1 eligible=0
15:11:42 detection_manager.py:357 - [DEDUP_SKIP] fid=320240 all 1 vehicle(s) are duplicates — skip save
15:11:42 detection_processor.py:719 - [VEHICLE] conf=0.885 size=841×370px bbox=[1106,540,1948,911] detect_time=20ms
15:11:42 detection_manager.py:258 - [VEHICLE] fid=321200 conf=0.885 size=841×370px
15:11:42 detection_processor.py:2065 - [FRAME_SCORE] track=? | sharpness=0.251 (plate=0.000 frame=0.251) | conf=0.885 | area=0.105 | center=0.710 | SCORE=0.458
15:11:42 detection_processor.py:1719 - [TRACK_UPDATE] track=1 frame_count=179 score=0.658 plates=1 ocr_submitted=False
15:11:42 detection_processor.py:2139 - [DEDUP_SUMMARY] kept=1/1 tracks after deduplication
15:11:42 detection_manager.py:553 - [DEDUP_BLOCK] track=1 elapsed=22.7s < 30.0s prev='' — skip
15:11:42 detection_manager.py:353 - [TRACKING] fid=321200 active=1 filtered=1 eligible=0
15:11:42 detection_manager.py:357 - [DEDUP_SKIP] fid=321200 all 1 vehicle(s) are duplicates — skip save
15:11:43 detection_processor.py:719 - [VEHICLE] conf=0.885 size=839×380px bbox=[1116,538,1955,919] detect_time=18ms
15:11:43 detection_manager.py:258 - [VEHICLE] fid=321200 conf=0.885 size=839×380px
15:11:43 detection_processor.py:2065 - [FRAME_SCORE] track=? | sharpness=0.245 (plate=0.000 frame=0.245) | conf=0.885 | area=0.107 | center=0.704 | SCORE=0.456
15:11:43 detection_processor.py:1719 - [TRACK_UPDATE] track=1 frame_count=180 score=0.658 plates=1 ocr_submitted=False
15:11:43 detection_processor.py:2139 - [DEDUP_SUMMARY] kept=1/1 tracks after deduplication
15:11:43 detection_manager.py:553 - [DEDUP_BLOCK] track=1 elapsed=22.9s < 30.0s prev='' — skip
15:11:43 detection_manager.py:353 - [TRACKING] fid=321200 active=1 filtered=1 eligible=0
15:11:43 detection_manager.py:357 - [DEDUP_SKIP] fid=321200 all 1 vehicle(s) are duplicates — skip save
15:11:43 detection_processor.py:719 - [VEHICLE] conf=0.885 size=829×395px bbox=[1134,533,1964,928] detect_time=18ms
15:11:43 detection_manager.py:258 - [VEHICLE] fid=321200 conf=0.885 size=829×395px
15:11:43 detection_processor.py:2065 - [FRAME_SCORE] track=? | sharpness=0.231 (plate=0.000 frame=0.231) | conf=0.885 | area=0.110 | center=0.693 | SCORE=0.449
15:11:43 detection_processor.py:1719 - [TRACK_UPDATE] track=1 frame_count=181 score=0.658 plates=1 ocr_submitted=False
15:11:43 detection_processor.py:2139 - [DEDUP_SUMMARY] kept=1/1 tracks after deduplication
15:11:43 detection_manager.py:553 - [DEDUP_BLOCK] track=1 elapsed=23.0s < 30.0s prev='' — skip
15:11:43 detection_manager.py:353 - [TRACKING] fid=321200 active=1 filtered=1 eligible=0
15:11:43 detection_manager.py:357 - [DEDUP_SKIP] fid=321200 all 1 vehicle(s) are duplicates — skip save
15:11:43 detection_processor.py:719 - [VEHICLE] conf=0.898 size=829×412px bbox=[1147,531,1976,943] detect_time=22ms
15:11:43 detection_manager.py:258 - [VEHICLE] fid=321200 conf=0.898 size=829×412px
15:11:43 detection_processor.py:2065 - [FRAME_SCORE] track=? | sharpness=0.240 (plate=0.000 frame=0.240) | conf=0.898 | area=0.115 | center=0.683 | SCORE=0.457
15:11:43 detection_processor.py:1719 - [TRACK_UPDATE] track=1 frame_count=182 score=0.658 plates=1 ocr_submitted=False
15:11:43 detection_processor.py:2139 - [DEDUP_SUMMARY] kept=1/1 tracks after deduplication
15:11:43 detection_manager.py:553 - [DEDUP_BLOCK] track=1 elapsed=23.2s < 30.0s prev='' — skip
15:11:43 detection_manager.py:353 - [TRACKING] fid=321200 active=1 filtered=1 eligible=0
15:11:43 detection_manager.py:357 - [DEDUP_SKIP] fid=321200 all 1 vehicle(s) are duplicates — skip save
15:11:43 detection_processor.py:719 - [VEHICLE] conf=0.898 size=823×423px bbox=[1159,527,1982,951] detect_time=19ms
15:11:43 detection_manager.py:258 - [VEHICLE] fid=321200 conf=0.898 size=823×423px
15:11:43 detection_processor.py:2065 - [FRAME_SCORE] track=? | sharpness=0.236 (plate=0.000 frame=0.236) | conf=0.898 | area=0.117 | center=0.676 | SCORE=0.455
15:11:43 detection_processor.py:1719 - [TRACK_UPDATE] track=1 frame_count=183 score=0.658 plates=1 ocr_submitted=False
15:11:43 detection_processor.py:2139 - [DEDUP_SUMMARY] kept=1/1 tracks after deduplication
15:11:43 detection_manager.py:553 - [DEDUP_BLOCK] track=1 elapsed=23.4s < 30.0s prev='' — skip
15:11:43 detection_manager.py:353 - [TRACKING] fid=321200 active=1 filtered=1 eligible=0
15:11:43 detection_manager.py:357 - [DEDUP_SKIP] fid=321200 all 1 vehicle(s) are duplicates — skip save
15:11:43 detection_processor.py:719 - [VEHICLE] conf=0.898 size=818×440px bbox=[1173,520,1991,961] detect_time=24ms
15:11:43 detection_manager.py:258 - [VEHICLE] fid=206384 conf=0.898 size=818×440px
15:11:43 detection_processor.py:2065 - [FRAME_SCORE] track=? | sharpness=0.215 (plate=0.000 frame=0.215) | conf=0.898 | area=0.121 | center=0.667 | SCORE=0.446
15:11:43 detection_processor.py:1719 - [TRACK_UPDATE] track=1 frame_count=184 score=0.658 plates=1 ocr_submitted=False
15:11:43 detection_processor.py:2139 - [DEDUP_SUMMARY] kept=1/1 tracks after deduplication
15:11:43 detection_manager.py:553 - [DEDUP_BLOCK] track=1 elapsed=23.5s < 30.0s prev='' — skip
15:11:43 detection_manager.py:353 - [TRACKING] fid=206384 active=1 filtered=1 eligible=0
15:11:43 detection_manager.py:357 - [DEDUP_SKIP] fid=206384 all 1 vehicle(s) are duplicates — skip save
15:11:43 detection_processor.py:719 - [VEHICLE] conf=0.885 size=806×452px bbox=[1171,516,1978,969] detect_time=19ms
15:11:43 detection_manager.py:258 - [VEHICLE] fid=321680 conf=0.885 size=806×452px
15:11:43 detection_processor.py:2065 - [FRAME_SCORE] track=? | sharpness=0.217 (plate=0.000 frame=0.217) | conf=0.885 | area=0.122 | center=0.672 | SCORE=0.444
15:11:43 detection_processor.py:1719 - [TRACK_UPDATE] track=1 frame_count=185 score=0.658 plates=1 ocr_submitted=False
15:11:43 detection_processor.py:2139 - [DEDUP_SUMMARY] kept=1/1 tracks after deduplication
15:11:43 detection_manager.py:553 - [DEDUP_BLOCK] track=1 elapsed=23.7s < 30.0s prev='' — skip
15:11:43 detection_manager.py:353 - [TRACKING] fid=321680 active=1 filtered=1 eligible=0
15:11:43 detection_manager.py:357 - [DEDUP_SKIP] fid=321680 all 1 vehicle(s) are duplicates — skip save
15:11:44 detection_processor.py:719 - [VEHICLE] conf=0.885 size=786×474px bbox=[1176,508,1962,983] detect_time=22ms
15:11:44 detection_manager.py:258 - [VEHICLE] fid=206384 conf=0.885 size=786×474px
15:11:44 detection_processor.py:2065 - [FRAME_SCORE] track=? | sharpness=0.228 (plate=0.000 frame=0.228) | conf=0.885 | area=0.125 | center=0.676 | SCORE=0.449
15:11:44 detection_processor.py:1719 - [TRACK_UPDATE] track=1 frame_count=186 score=0.658 plates=1 ocr_submitted=False
15:11:44 detection_processor.py:2139 - [DEDUP_SUMMARY] kept=1/1 tracks after deduplication
15:11:44 detection_manager.py:553 - [DEDUP_BLOCK] track=1 elapsed=23.9s < 30.0s prev='' — skip
15:11:44 detection_manager.py:353 - [TRACKING] fid=206384 active=1 filtered=1 eligible=0
15:11:44 detection_manager.py:357 - [DEDUP_SKIP] fid=206384 all 1 vehicle(s) are duplicates — skip save
15:11:44 detection_processor.py:719 - [VEHICLE] conf=0.898 size=794×489px bbox=[1150,504,1945,994] detect_time=19ms
15:11:44 detection_manager.py:258 - [VEHICLE] fid=206384 conf=0.898 size=794×489px
15:11:44 detection_processor.py:2065 - [FRAME_SCORE] track=? | sharpness=0.235 (plate=0.000 frame=0.235) | conf=0.898 | area=0.130 | center=0.691 | SCORE=0.458
15:11:44 detection_processor.py:1719 - [TRACK_UPDATE] track=1 frame_count=187 score=0.658 plates=1 ocr_submitted=False
15:11:44 detection_processor.py:2139 - [DEDUP_SUMMARY] kept=1/1 tracks after deduplication
15:11:44 detection_manager.py:553 - [DEDUP_BLOCK] track=1 elapsed=24.1s < 30.0s prev='' — skip
15:11:44 detection_manager.py:353 - [TRACKING] fid=206384 active=1 filtered=1 eligible=0
15:11:44 detection_manager.py:357 - [DEDUP_SKIP] fid=206384 all 1 vehicle(s) are duplicates — skip save
15:11:44 detection_processor.py:719 - [VEHICLE] conf=0.898 size=815×486px bbox=[1102,508,1918,994] detect_time=21ms
15:11:44 detection_manager.py:258 - [VEHICLE] fid=206384 conf=0.898 size=815×486px
15:11:44 detection_processor.py:2065 - [FRAME_SCORE] track=? | sharpness=0.247 (plate=0.000 frame=0.247) | conf=0.898 | area=0.133 | center=0.718 | SCORE=0.466
15:11:44 detection_processor.py:1719 - [TRACK_UPDATE] track=1 frame_count=188 score=0.658 plates=1 ocr_submitted=False
15:11:44 detection_processor.py:2139 - [DEDUP_SUMMARY] kept=1/1 tracks after deduplication
15:11:44 detection_manager.py:553 - [DEDUP_BLOCK] track=1 elapsed=24.2s < 30.0s prev='' — skip
15:11:44 detection_manager.py:353 - [TRACKING] fid=206384 active=1 filtered=1 eligible=0
15:11:44 detection_manager.py:357 - [DEDUP_SKIP] fid=206384 all 1 vehicle(s) are duplicates — skip save
15:11:44 detection_processor.py:719 - [VEHICLE] conf=0.898 size=841×497px bbox=[1040,496,1881,994] detect_time=21ms
15:11:44 detection_manager.py:258 - [VEHICLE] fid=206384 conf=0.898 size=841×497px
15:11:44 camera.py:1153 - Video feed summary - frames:300 fps:7.1 latency:1ms src:camera_lores_software
15:11:44 detection_processor.py:2065 - [FRAME_SCORE] track=? | sharpness=0.240 (plate=0.000 frame=0.240) | conf=0.898 | area=0.140 | center=0.755 | SCORE=0.469
15:11:44 detection_processor.py:1719 - [TRACK_UPDATE] track=1 frame_count=189 score=0.658 plates=1 ocr_submitted=False
15:11:44 detection_processor.py:2139 - [DEDUP_SUMMARY] kept=1/1 tracks after deduplication
15:11:44 detection_manager.py:553 - [DEDUP_BLOCK] track=1 elapsed=24.4s < 30.0s prev='' — skip
15:11:44 detection_manager.py:353 - [TRACKING] fid=206384 active=1 filtered=1 eligible=0
15:11:44 detection_manager.py:357 - [DEDUP_SKIP] fid=206384 all 1 vehicle(s) are duplicates — skip save
15:11:44 detection_processor.py:719 - [VEHICLE] conf=0.898 size=859×530px bbox=[978,492,1838,1023] detect_time=20ms
15:11:44 detection_manager.py:258 - [VEHICLE] fid=206384 conf=0.898 size=859×530px
15:11:44 detection_processor.py:2065 - [FRAME_SCORE] track=? | sharpness=0.259 (plate=0.000 frame=0.259) | conf=0.898 | area=0.153 | center=0.789 | SCORE=0.482
15:11:44 detection_processor.py:1719 - [TRACK_UPDATE] track=1 frame_count=190 score=0.658 plates=1 ocr_submitted=False
15:11:44 detection_processor.py:2139 - [DEDUP_SUMMARY] kept=1/1 tracks after deduplication
15:11:44 detection_manager.py:553 - [DEDUP_BLOCK] track=1 elapsed=24.6s < 30.0s prev='' — skip
15:11:44 detection_manager.py:353 - [TRACKING] fid=206384 active=1 filtered=1 eligible=0
15:11:44 detection_manager.py:357 - [DEDUP_SKIP] fid=206384 all 1 vehicle(s) are duplicates — skip save
15:11:44 detection_processor.py:719 - [VEHICLE] conf=0.898 size=899×561px bbox=[895,483,1794,1045] detect_time=19ms
15:11:44 detection_manager.py:258 - [VEHICLE] fid=206384 conf=0.898 size=899×561px
15:11:44 detection_processor.py:2065 - [FRAME_SCORE] track=? | sharpness=0.257 (plate=0.000 frame=0.257) | conf=0.898 | area=0.169 | center=0.830 | SCORE=0.489
15:11:44 detection_processor.py:1719 - [TRACK_UPDATE] track=1 frame_count=191 score=0.658 plates=1 ocr_submitted=False
15:11:44 detection_processor.py:2139 - [DEDUP_SUMMARY] kept=1/1 tracks after deduplication
15:11:44 detection_manager.py:553 - [DEDUP_BLOCK] track=1 elapsed=24.7s < 30.0s prev='' — skip
15:11:44 detection_manager.py:353 - [TRACKING] fid=206384 active=1 filtered=1 eligible=0
15:11:44 detection_manager.py:357 - [DEDUP_SKIP] fid=206384 all 1 vehicle(s) are duplicates — skip save
15:11:45 detection_processor.py:719 - [VEHICLE] conf=0.898 size=948×609px bbox=[797,461,1746,1071] detect_time=18ms
15:11:45 detection_manager.py:258 - [VEHICLE] fid=206384 conf=0.898 size=948×609px
15:11:45 detection_processor.py:2065 - [FRAME_SCORE] track=? | sharpness=0.235 (plate=0.000 frame=0.235) | conf=0.898 | area=0.194 | center=0.873 | SCORE=0.490
15:11:45 detection_processor.py:1719 - [TRACK_UPDATE] track=1 frame_count=192 score=0.658 plates=1 ocr_submitted=False
15:11:45 detection_processor.py:2139 - [DEDUP_SUMMARY] kept=1/1 tracks after deduplication
15:11:45 detection_manager.py:553 - [DEDUP_BLOCK] track=1 elapsed=24.9s < 30.0s prev='' — skip
15:11:45 detection_manager.py:353 - [TRACKING] fid=206384 active=1 filtered=1 eligible=0
15:11:45 detection_manager.py:357 - [DEDUP_SKIP] fid=206384 all 1 vehicle(s) are duplicates — skip save
15:11:45 detection_processor.py:719 - [VEHICLE] conf=0.898 size=1045×645px bbox=[632,451,1678,1097] detect_time=14ms
15:11:45 detection_manager.py:258 - [VEHICLE] fid=206384 conf=0.898 size=1045×645px
15:11:45 detection_processor.py:2065 - [FRAME_SCORE] track=? | sharpness=0.216 (plate=0.000 frame=0.216) | conf=0.898 | area=0.226 | center=0.905 | SCORE=0.491
15:11:45 detection_processor.py:1719 - [TRACK_UPDATE] track=1 frame_count=193 score=0.658 plates=1 ocr_submitted=False
15:11:45 detection_processor.py:2139 - [DEDUP_SUMMARY] kept=1/1 tracks after deduplication
15:11:45 detection_manager.py:553 - [DEDUP_BLOCK] track=1 elapsed=25.1s < 30.0s prev='' — skip
15:11:45 detection_manager.py:353 - [TRACKING] fid=206384 active=1 filtered=1 eligible=0
15:11:45 detection_manager.py:357 - [DEDUP_SKIP] fid=206384 all 1 vehicle(s) are duplicates — skip save
15:11:45 detection_processor.py:719 - [VEHICLE] conf=0.898 size=1155×677px bbox=[512,447,1667,1125] detect_time=17ms
15:11:45 detection_manager.py:258 - [VEHICLE] fid=322352 conf=0.898 size=1155×677px
15:11:45 detection_processor.py:2065 - [FRAME_SCORE] track=? | sharpness=0.214 (plate=0.000 frame=0.214) | conf=0.898 | area=0.262 | center=0.885 | SCORE=0.496
15:11:45 detection_processor.py:1719 - [TRACK_UPDATE] track=1 frame_count=194 score=0.658 plates=1 ocr_submitted=False
15:11:45 detection_processor.py:2139 - [DEDUP_SUMMARY] kept=1/1 tracks after deduplication
15:11:45 detection_manager.py:553 - [DEDUP_BLOCK] track=1 elapsed=25.2s < 30.0s prev='' — skip
15:11:45 detection_manager.py:353 - [TRACKING] fid=322352 active=1 filtered=1 eligible=0
15:11:45 detection_manager.py:357 - [DEDUP_SKIP] fid=322352 all 1 vehicle(s) are duplicates — skip save
15:11:45 detection_processor.py:719 - [VEHICLE] conf=0.898 size=1345×721px bbox=[317,437,1662,1158] detect_time=18ms
15:11:45 detection_manager.py:258 - [VEHICLE] fid=206384 conf=0.898 size=1345×721px
15:11:45 detection_processor.py:2065 - [FRAME_SCORE] track=? | sharpness=0.242 (plate=0.000 frame=0.242) | conf=0.898 | area=0.325 | center=0.833 | SCORE=0.515
15:11:45 detection_processor.py:1719 - [TRACK_UPDATE] track=1 frame_count=195 score=0.658 plates=1 ocr_submitted=False
15:11:45 detection_processor.py:2139 - [DEDUP_SUMMARY] kept=1/1 tracks after deduplication
15:11:45 detection_manager.py:553 - [DEDUP_BLOCK] track=1 elapsed=25.4s < 30.0s prev='' — skip
15:11:45 detection_manager.py:353 - [TRACKING] fid=206384 active=1 filtered=1 eligible=0
15:11:45 detection_manager.py:357 - [DEDUP_SKIP] fid=206384 all 1 vehicle(s) are duplicates — skip save
15:11:45 detection_processor.py:719 - [VEHICLE] conf=0.898 size=1504×761px bbox=[153,425,1657,1187] detect_time=18ms
15:11:45 detection_manager.py:258 - [VEHICLE] fid=206384 conf=0.898 size=1504×761px
15:11:45 detection_processor.py:2065 - [FRAME_SCORE] track=? | sharpness=0.148 (plate=0.000 frame=0.148) | conf=0.898 | area=0.384 | center=0.778 | SCORE=0.483
15:11:45 detection_processor.py:1719 - [TRACK_UPDATE] track=1 frame_count=196 score=0.658 plates=1 ocr_submitted=False
15:11:45 detection_processor.py:2139 - [DEDUP_SUMMARY] kept=1/1 tracks after deduplication
15:11:45 detection_manager.py:553 - [DEDUP_BLOCK] track=1 elapsed=25.6s < 30.0s prev='' — skip
15:11:45 detection_manager.py:353 - [TRACKING] fid=206384 active=1 filtered=1 eligible=0
15:11:45 detection_manager.py:357 - [DEDUP_SKIP] fid=206384 all 1 vehicle(s) are duplicates — skip save
15:11:45 detection_processor.py:719 - [VEHICLE] conf=0.898 size=1646×822px bbox=[0,399,1647,1222] detect_time=20ms
15:11:45 detection_manager.py:258 - [VEHICLE] fid=206384 conf=0.898 size=1646×822px
15:11:45 detection_processor.py:2065 - [FRAME_SCORE] track=? | sharpness=0.224 (plate=0.000 frame=0.224) | conf=0.898 | area=0.454 | center=0.723 | SCORE=0.522
15:11:45 detection_processor.py:1719 - [TRACK_UPDATE] track=1 frame_count=197 score=0.658 plates=1 ocr_submitted=False
15:11:45 detection_processor.py:2139 - [DEDUP_SUMMARY] kept=1/1 tracks after deduplication
15:11:45 detection_manager.py:553 - [DEDUP_BLOCK] track=1 elapsed=25.8s < 30.0s prev='' — skip
15:11:45 detection_manager.py:353 - [TRACKING] fid=206384 active=1 filtered=1 eligible=0
15:11:45 detection_manager.py:357 - [DEDUP_SKIP] fid=206384 all 1 vehicle(s) are duplicates — skip save
15:11:45 health_monitor.py:725 - Health check started
15:11:46 detection_processor.py:719 - [VEHICLE] conf=0.898 size=1637×855px bbox=[0,392,1638,1247] detect_time=19ms
15:11:46 detection_manager.py:258 - [VEHICLE] fid=206384 conf=0.898 size=1637×855px
15:11:46 detection_processor.py:2065 - [FRAME_SCORE] track=? | sharpness=0.246 (plate=0.000 frame=0.246) | conf=0.898 | area=0.469 | center=0.716 | SCORE=0.533
15:11:46 detection_processor.py:1719 - [TRACK_UPDATE] track=1 frame_count=198 score=0.658 plates=1 ocr_submitted=False
15:11:46 detection_processor.py:2139 - [DEDUP_SUMMARY] kept=1/1 tracks after deduplication
15:11:46 detection_manager.py:553 - [DEDUP_BLOCK] track=1 elapsed=25.9s < 30.0s prev='' — skip
15:11:46 detection_manager.py:353 - [TRACKING] fid=206384 active=1 filtered=1 eligible=0
15:11:46 detection_manager.py:357 - [DEDUP_SKIP] fid=206384 all 1 vehicle(s) are duplicates — skip save
15:11:46 detection_processor.py:719 - [VEHICLE] conf=0.898 size=1626×883px bbox=[1,377,1628,1260] detect_time=19ms
15:11:46 detection_manager.py:258 - [VEHICLE] fid=206384 conf=0.898 size=1626×883px
15:11:46 detection_processor.py:2065 - [FRAME_SCORE] track=? | sharpness=0.243 (plate=0.000 frame=0.243) | conf=0.898 | area=0.481 | center=0.714 | SCORE=0.534
15:11:46 detection_processor.py:1719 - [TRACK_UPDATE] track=1 frame_count=199 score=0.658 plates=1 ocr_submitted=False
15:11:46 detection_processor.py:2139 - [DEDUP_SUMMARY] kept=1/1 tracks after deduplication
15:11:46 detection_manager.py:553 - [DEDUP_BLOCK] track=1 elapsed=26.1s < 30.0s prev='' — skip
15:11:46 detection_manager.py:353 - [TRACKING] fid=206384 active=1 filtered=1 eligible=0
15:11:46 detection_manager.py:357 - [DEDUP_SKIP] fid=206384 all 1 vehicle(s) are duplicates — skip save
15:11:46 detection_processor.py:719 - [VEHICLE] conf=0.898 size=1588×884px bbox=[1,363,1589,1247] detect_time=16ms
15:11:46 detection_manager.py:258 - [VEHICLE] fid=206384 conf=0.898 size=1588×884px
15:11:46 detection_processor.py:2065 - [FRAME_SCORE] track=? | sharpness=0.203 (plate=0.000 frame=0.203) | conf=0.898 | area=0.470 | center=0.705 | SCORE=0.515
15:11:46 detection_processor.py:1719 - [TRACK_UPDATE] track=1 frame_count=200 score=0.658 plates=1 ocr_submitted=False
15:11:46 detection_processor.py:2139 - [DEDUP_SUMMARY] kept=1/1 tracks after deduplication
15:11:46 detection_manager.py:553 - [DEDUP_BLOCK] track=1 elapsed=26.3s < 30.0s prev='' — skip
15:11:46 detection_manager.py:353 - [TRACKING] fid=206384 active=1 filtered=1 eligible=0
15:11:46 detection_manager.py:357 - [DEDUP_SKIP] fid=206384 all 1 vehicle(s) are duplicates — skip save
15:11:46 detection_processor.py:719 - [VEHICLE] conf=0.898 size=1559×894px bbox=[0,340,1560,1234] detect_time=17ms
15:11:46 detection_manager.py:258 - [VEHICLE] fid=206384 conf=0.898 size=1559×894px
15:11:46 detection_processor.py:2065 - [FRAME_SCORE] track=? | sharpness=0.226 (plate=0.000 frame=0.226) | conf=0.898 | area=0.467 | center=0.700 | SCORE=0.523
15:11:46 detection_processor.py:1719 - [TRACK_UPDATE] track=1 frame_count=201 score=0.658 plates=1 ocr_submitted=False
15:11:46 detection_processor.py:2139 - [DEDUP_SUMMARY] kept=1/1 tracks after deduplication
15:11:46 detection_manager.py:553 - [DEDUP_BLOCK] track=1 elapsed=26.4s < 30.0s prev='' — skip
15:11:46 detection_manager.py:353 - [TRACKING] fid=206384 active=1 filtered=1 eligible=0
15:11:46 detection_manager.py:357 - [DEDUP_SKIP] fid=206384 all 1 vehicle(s) are duplicates — skip save
15:11:46 detection_processor.py:719 - [VEHICLE] conf=0.885 size=1520×878px bbox=[0,321,1520,1200] detect_time=17ms
15:11:46 detection_manager.py:258 - [VEHICLE] fid=206384 conf=0.885 size=1520×878px
15:11:46 detection_processor.py:2065 - [FRAME_SCORE] track=? | sharpness=0.234 (plate=0.000 frame=0.234) | conf=0.885 | area=0.448 | center=0.691 | SCORE=0.518
15:11:46 detection_processor.py:1719 - [TRACK_UPDATE] track=1 frame_count=202 score=0.658 plates=1 ocr_submitted=False
15:11:46 detection_processor.py:2139 - [DEDUP_SUMMARY] kept=1/1 tracks after deduplication
15:11:46 detection_manager.py:553 - [DEDUP_BLOCK] track=1 elapsed=26.6s < 30.0s prev='' — skip
15:11:46 detection_manager.py:353 - [TRACKING] fid=206384 active=1 filtered=1 eligible=0
15:11:46 detection_manager.py:357 - [DEDUP_SKIP] fid=206384 all 1 vehicle(s) are duplicates — skip save
15:11:46 detection_processor.py:719 - [VEHICLE] conf=0.898 size=1475×792px bbox=[1,318,1476,1110] detect_time=17ms
15:11:46 detection_manager.py:258 - [VEHICLE] fid=321680 conf=0.898 size=1475×792px
15:11:46 detection_processor.py:2065 - [FRAME_SCORE] track=? | sharpness=0.251 (plate=0.000 frame=0.251) | conf=0.898 | area=0.392 | center=0.683 | SCORE=0.516
15:11:46 detection_processor.py:1719 - [TRACK_UPDATE] track=1 frame_count=203 score=0.658 plates=1 ocr_submitted=False
15:11:46 detection_processor.py:2139 - [DEDUP_SUMMARY] kept=1/1 tracks after deduplication
15:11:46 detection_manager.py:553 - [DEDUP_BLOCK] track=1 elapsed=26.8s < 30.0s prev='' — skip
15:11:46 detection_manager.py:353 - [TRACKING] fid=321680 active=1 filtered=1 eligible=0
15:11:46 detection_manager.py:357 - [DEDUP_SKIP] fid=321680 all 1 vehicle(s) are duplicates — skip save
15:11:47 detection_processor.py:719 - [VEHICLE] conf=0.898 size=1410×824px bbox=[3,304,1413,1129] detect_time=18ms
15:11:47 detection_manager.py:258 - [VEHICLE] fid=320816 conf=0.898 size=1410×824px
15:11:47 detection_processor.py:2065 - [FRAME_SCORE] track=? | sharpness=0.235 (plate=0.000 frame=0.235) | conf=0.898 | area=0.390 | center=0.660 | SCORE=0.507
15:11:47 detection_processor.py:1719 - [TRACK_UPDATE] track=1 frame_count=204 score=0.658 plates=1 ocr_submitted=False
15:11:47 detection_processor.py:2139 - [DEDUP_SUMMARY] kept=1/1 tracks after deduplication
15:11:47 detection_manager.py:553 - [DEDUP_BLOCK] track=1 elapsed=27.0s < 30.0s prev='' — skip
15:11:47 detection_manager.py:353 - [TRACKING] fid=320816 active=1 filtered=1 eligible=0
15:11:47 detection_manager.py:357 - [DEDUP_SKIP] fid=320816 all 1 vehicle(s) are duplicates — skip save
15:11:47 detection_processor.py:719 - [VEHICLE] conf=0.898 size=1348×829px bbox=[3,295,1351,1124] detect_time=20ms
15:11:47 detection_manager.py:258 - [VEHICLE] fid=320240 conf=0.898 size=1348×829px
15:11:47 detection_processor.py:2065 - [FRAME_SCORE] track=? | sharpness=0.245 (plate=0.000 frame=0.245) | conf=0.898 | area=0.374 | center=0.637 | SCORE=0.506
15:11:47 detection_processor.py:1719 - [TRACK_UPDATE] track=1 frame_count=205 score=0.658 plates=1 ocr_submitted=False
15:11:47 detection_processor.py:2139 - [DEDUP_SUMMARY] kept=1/1 tracks after deduplication
15:11:47 detection_manager.py:553 - [DEDUP_BLOCK] track=1 elapsed=27.1s < 30.0s prev='' — skip
15:11:47 detection_manager.py:353 - [TRACKING] fid=320240 active=1 filtered=1 eligible=0
15:11:47 detection_manager.py:357 - [DEDUP_SKIP] fid=320240 all 1 vehicle(s) are duplicates — skip save
15:11:47 detection_processor.py:719 - [VEHICLE] conf=0.898 size=1268×843px bbox=[4,284,1272,1127] detect_time=15ms
15:11:47 detection_manager.py:258 - [VEHICLE] fid=320240 conf=0.898 size=1268×843px
15:11:47 detection_processor.py:2065 - [FRAME_SCORE] track=? | sharpness=0.235 (plate=0.000 frame=0.235) | conf=0.898 | area=0.358 | center=0.609 | SCORE=0.496
15:11:47 detection_processor.py:1719 - [TRACK_UPDATE] track=1 frame_count=206 score=0.658 plates=1 ocr_submitted=False
15:11:47 detection_processor.py:2139 - [DEDUP_SUMMARY] kept=1/1 tracks after deduplication
15:11:47 detection_manager.py:553 - [DEDUP_BLOCK] track=1 elapsed=27.3s < 30.0s prev='' — skip
15:11:47 detection_manager.py:353 - [TRACKING] fid=320240 active=1 filtered=1 eligible=0
15:11:47 detection_manager.py:357 - [DEDUP_SKIP] fid=320240 all 1 vehicle(s) are duplicates — skip save
15:11:47 detection_processor.py:719 - [VEHICLE] conf=0.898 size=1194×866px bbox=[0,274,1195,1140] detect_time=22ms
15:11:47 detection_manager.py:258 - [VEHICLE] fid=320240 conf=0.898 size=1194×866px
15:11:47 detection_processor.py:2065 - [FRAME_SCORE] track=? | sharpness=0.236 (plate=0.000 frame=0.236) | conf=0.898 | area=0.347 | center=0.578 | SCORE=0.491
15:11:47 detection_processor.py:1719 - [TRACK_UPDATE] track=1 frame_count=207 score=0.658 plates=1 ocr_submitted=False
15:11:47 detection_processor.py:2139 - [DEDUP_SUMMARY] kept=1/1 tracks after deduplication
15:11:47 detection_manager.py:553 - [DEDUP_BLOCK] track=1 elapsed=27.5s < 30.0s prev='' — skip
15:11:47 detection_manager.py:353 - [TRACKING] fid=320240 active=1 filtered=1 eligible=0
15:11:47 detection_manager.py:357 - [DEDUP_SKIP] fid=320240 all 1 vehicle(s) are duplicates — skip save
15:11:47 detection_processor.py:719 - [VEHICLE] conf=0.898 size=1121×893px bbox=[0,245,1121,1138] detect_time=20ms
15:11:47 detection_manager.py:258 - [VEHICLE] fid=320240 conf=0.898 size=1121×893px
15:11:47 detection_processor.py:2065 - [FRAME_SCORE] track=? | sharpness=0.212 (plate=0.000 frame=0.212) | conf=0.898 | area=0.335 | center=0.551 | SCORE=0.476
15:11:47 detection_processor.py:1719 - [TRACK_UPDATE] track=1 frame_count=208 score=0.658 plates=1 ocr_submitted=False
15:11:47 detection_processor.py:2139 - [DEDUP_SUMMARY] kept=1/1 tracks after deduplication
15:11:47 detection_manager.py:553 - [DEDUP_BLOCK] track=1 elapsed=27.6s < 30.0s prev='' — skip
15:11:47 detection_manager.py:353 - [TRACKING] fid=320240 active=1 filtered=1 eligible=0
15:11:47 detection_manager.py:357 - [DEDUP_SKIP] fid=320240 all 1 vehicle(s) are duplicates — skip save
15:11:47 detection_processor.py:719 - [VEHICLE] conf=0.898 size=1027×880px bbox=[0,243,1027,1123] detect_time=18ms
15:11:47 detection_manager.py:258 - [VEHICLE] fid=320240 conf=0.898 size=1027×880px
15:11:48 detection_processor.py:2065 - [FRAME_SCORE] track=? | sharpness=0.206 (plate=0.000 frame=0.206) | conf=0.898 | area=0.303 | center=0.516 | SCORE=0.464
15:11:48 detection_processor.py:1719 - [TRACK_UPDATE] track=1 frame_count=209 score=0.658 plates=1 ocr_submitted=False
15:11:48 detection_processor.py:2139 - [DEDUP_SUMMARY] kept=1/1 tracks after deduplication
15:11:48 detection_manager.py:553 - [DEDUP_BLOCK] track=1 elapsed=27.8s < 30.0s prev='' — skip
15:11:48 detection_manager.py:353 - [TRACKING] fid=320240 active=1 filtered=1 eligible=0
15:11:48 detection_manager.py:357 - [DEDUP_SKIP] fid=320240 all 1 vehicle(s) are duplicates — skip save
15:11:48 detection_processor.py:719 - [VEHICLE] conf=0.885 size=940×895px bbox=[0,222,941,1118] detect_time=19ms
15:11:48 detection_manager.py:258 - [VEHICLE] fid=320432 conf=0.885 size=940×895px
15:11:48 detection_processor.py:2065 - [FRAME_SCORE] track=? | sharpness=0.157 (plate=0.000 frame=0.157) | conf=0.885 | area=0.282 | center=0.484 | SCORE=0.433
15:11:48 detection_processor.py:1719 - [TRACK_UPDATE] track=1 frame_count=210 score=0.658 plates=1 ocr_submitted=False
15:11:48 detection_processor.py:2139 - [DEDUP_SUMMARY] kept=1/1 tracks after deduplication
15:11:48 detection_manager.py:553 - [DEDUP_BLOCK] track=1 elapsed=28.0s < 30.0s prev='' — skip
15:11:48 detection_manager.py:353 - [TRACKING] fid=320432 active=1 filtered=1 eligible=0
15:11:48 detection_manager.py:357 - [DEDUP_SKIP] fid=320432 all 1 vehicle(s) are duplicates — skip save
15:11:48 detection_processor.py:719 - [VEHICLE] conf=0.857 size=839×914px bbox=[0,191,840,1105] detect_time=17ms
15:11:48 detection_manager.py:258 - [VEHICLE] fid=321680 conf=0.857 size=839×914px
15:11:48 detection_processor.py:2065 - [FRAME_SCORE] track=? | sharpness=0.177 (plate=0.000 frame=0.177) | conf=0.857 | area=0.257 | center=0.446 | SCORE=0.424
15:11:48 detection_processor.py:1719 - [TRACK_UPDATE] track=1 frame_count=211 score=0.658 plates=1 ocr_submitted=False
15:11:48 detection_processor.py:2139 - [DEDUP_SUMMARY] kept=1/1 tracks after deduplication
15:11:48 detection_manager.py:553 - [DEDUP_BLOCK] track=1 elapsed=28.2s < 30.0s prev='' — skip
15:11:48 detection_manager.py:353 - [TRACKING] fid=321680 active=1 filtered=1 eligible=0
15:11:48 detection_manager.py:357 - [DEDUP_SKIP] fid=321680 all 1 vehicle(s) are duplicates — skip save
15:11:48 detection_processor.py:719 - [VEHICLE] conf=0.857 size=742×888px bbox=[0,200,742,1089] detect_time=29ms
15:11:48 detection_manager.py:258 - [VEHICLE] fid=206384 conf=0.857 size=742×888px
15:11:48 detection_processor.py:2065 - [FRAME_SCORE] track=? | sharpness=0.183 (plate=0.000 frame=0.183) | conf=0.857 | area=0.221 | center=0.409 | SCORE=0.416
15:11:48 detection_processor.py:1719 - [TRACK_UPDATE] track=1 frame_count=212 score=0.658 plates=1 ocr_submitted=False
15:11:48 detection_processor.py:2139 - [DEDUP_SUMMARY] kept=1/1 tracks after deduplication
15:11:48 detection_manager.py:553 - [DEDUP_BLOCK] track=1 elapsed=28.3s < 30.0s prev='' — skip
15:11:48 detection_manager.py:353 - [TRACKING] fid=206384 active=1 filtered=1 eligible=0
15:11:48 detection_manager.py:357 - [DEDUP_SKIP] fid=206384 all 1 vehicle(s) are duplicates — skip save
15:11:48 health_monitor.py:777 - Health check completed: healthy
15:11:48 detection_processor.py:719 - [VEHICLE] conf=0.840 size=662×869px bbox=[0,217,663,1087] detect_time=21ms
15:11:48 detection_manager.py:258 - [VEHICLE] fid=321584 conf=0.840 size=662×869px
15:11:48 detection_processor.py:2065 - [FRAME_SCORE] track=? | sharpness=0.251 (plate=0.000 frame=0.251) | conf=0.840 | area=0.193 | center=0.379 | SCORE=0.429
15:11:48 detection_processor.py:1719 - [TRACK_UPDATE] track=1 frame_count=213 score=0.658 plates=1 ocr_submitted=False
15:11:48 detection_processor.py:2139 - [DEDUP_SUMMARY] kept=1/1 tracks after deduplication
15:11:48 detection_manager.py:553 - [DEDUP_BLOCK] track=1 elapsed=28.5s < 30.0s prev='' — skip
15:11:48 detection_manager.py:353 - [TRACKING] fid=321584 active=1 filtered=1 eligible=0
15:11:48 detection_manager.py:357 - [DEDUP_SKIP] fid=321584 all 1 vehicle(s) are duplicates — skip save
15:11:48 detection_processor.py:719 - [VEHICLE] conf=0.803 size=604×865px bbox=[0,220,605,1085] detect_time=16ms
15:11:48 detection_manager.py:258 - [VEHICLE] fid=321104 conf=0.803 size=604×865px
15:11:48 detection_processor.py:2065 - [FRAME_SCORE] track=? | sharpness=0.231 (plate=0.000 frame=0.231) | conf=0.803 | area=0.175 | center=0.357 | SCORE=0.404
15:11:48 detection_processor.py:1719 - [TRACK_UPDATE] track=1 frame_count=214 score=0.658 plates=1 ocr_submitted=False
15:11:48 detection_processor.py:2139 - [DEDUP_SUMMARY] kept=1/1 tracks after deduplication
15:11:48 detection_manager.py:553 - [DEDUP_BLOCK] track=1 elapsed=28.7s < 30.0s prev='' — skip
15:11:48 detection_manager.py:353 - [TRACKING] fid=321104 active=1 filtered=1 eligible=0
15:11:48 detection_manager.py:357 - [DEDUP_SKIP] fid=321104 all 1 vehicle(s) are duplicates — skip save
15:11:49 detection_processor.py:714 - 🚗 Vehicles detected: 0 (filtered from 1)
15:12:13 client.py:573 - packet queue is empty, aborting
15:12:33 websocket_sender.py:363 - Socket.IO disconnected
15:12:37 websocket_sender.py:358 - Socket.IO connected
15:12:37 websocket_sender.py:363 - Socket.IO disconnected
15:12:38 websocket_sender.py:358 - Socket.IO connected
15:13:49 health_monitor.py:725 - Health check started
15:13:51 health_monitor.py:777 - Health check completed: healthy
15:15:52 health_monitor.py:725 - Health check started
15:15:53 health_monitor.py:777 - Health check completed: healthy
15:16:32 database_manager.py:1196 - Error logging WebSocket action: cannot start a transaction within a transaction
15:16:32 mqtt_health_sender.py:118 - Sent 50 health record(s) via MQTT
15:17:54 health_monitor.py:725 - Health check started
15:17:55 health_monitor.py:777 - Health check completed: healthy
15:19:56 health_monitor.py:725 - Health check started
15:19:58 health_monitor.py:777 - Health check completed: healthy
15:21:32 mqtt_health_sender.py:118 - Sent 36 health record(s) via MQTT
15:21:53 camera_handler.py:1816 - Releasing all camera resources...
15:21:53 camera_handler.py:1760 - Stopping camera with resource cleanup...
15:21:56 camera_handler.py:1809 - Capture thread did not stop gracefully
15:21:56 camera_handler.py:1795 - Camera stopped successfully
15:21:56 camera_handler.py:1839 - All camera resources released
15:21:56 camera_handler.py:708 - Camera resources cleaned up on exit
15:23:11 logging_config.py:158 - Application Initialized
15:23:11 wsgi.py:90 - 📥 importing create_app
15:23:12 import_helper.py:55 - Found project root via parent search: /home/camuser/aicamera
15:23:12 logging_config.py:158 - Application Initialized
15:23:12 __init__.py:38 - Experiments blueprint imported (enabled in config)
15:23:12 __init__.py:54 - WebSocket Sender blueprint imported (enabled in config)
15:23:12 __init__.py:63 - Storage blueprint imported (enabled in config)
15:23:12 __init__.py:80 - MQTT Service blueprint imported
15:23:12 wsgi.py:94 - ✅ create_app imported
15:23:12 wsgi.py:96 - 🚀 calling create_app()
15:23:12 logging_config.py:158 - Application Initialized
15:23:12 app.py:482 - 🚀 === STARTING FLASK APP CREATION ===
15:23:12 app.py:483 - 🔧 [APP] create_app called
15:23:12 dependency_container.py:199 - WebSocket Sender registered (enabled in config)
15:23:12 dependency_container.py:213 - MQTT Health Sender registered (enabled in config)
15:23:12 dependency_container.py:233 - Storage Service registered (enabled in config)
15:23:12 dependency_container.py:249 - BrowserConnectionManager registered (tracking only)
15:23:12 dependency_container.py:100 - Experiment services registered successfully
15:23:12 app.py:522 - 🔧 [APP] create_app: dependency container initialized
15:23:12 base_server.py:112 - Server initialized for threading.
15:23:12 __init__.py:97 - 🔧 Registering blueprints with modular architecture...
15:23:12 __init__.py:100 - 📋 Registering core blueprints...
15:23:12 __init__.py:104 -    ✅ Main blueprint registered
15:23:12 __init__.py:107 -    ✅ Camera blueprint registered
15:23:12 __init__.py:110 -    ✅ Health blueprint registered
15:23:12 __init__.py:113 -    ✅ Streaming blueprint registered
15:23:12 __init__.py:116 -    ✅ Detection blueprint registered
15:23:12 __init__.py:119 -    ✅ Config blueprint registered
15:23:12 __init__.py:124 -    ✅ Experiments blueprint registered (enabled)
15:23:12 __init__.py:131 -    ✅ WebSocket blueprint registered
15:23:12 __init__.py:138 -    ✅ MQTT Service blueprint registered
15:23:12 __init__.py:143 - 🔌 Registering optional blueprints...
15:23:12 __init__.py:148 -    ✅ WebSocket Sender blueprint registered (enabled)
15:23:12 __init__.py:155 -    ✅ Storage blueprint registered (enabled)
15:23:12 __init__.py:160 - 📡 Registering WebSocket events...
15:23:12 __init__.py:164 -    ✅ Main events registered
15:23:12 camera.py:1406 - Registering camera WebSocket events with improved stability
15:23:12 camera.py:1675 - Browser connection tracking added (optional)
15:23:12 __init__.py:167 -    ✅ Camera events registered
15:23:12 detection.py:1035 - Detection WebSocket events registered
15:23:12 __init__.py:170 -    ✅ Detection events registered
15:23:12 __init__.py:173 -    ✅ Health events registered
15:23:12 __init__.py:176 -    ✅ Streaming events registered
15:23:12 __init__.py:179 -    ✅ Config events registered
15:23:12 __init__.py:184 -    ✅ Experiment events registered (enabled)
15:23:12 __init__.py:191 -    ✅ WebSocket events registered
15:23:12 __init__.py:195 -    ✅ WebSocket Sender events registered (enabled)
15:23:12 __init__.py:201 -    ✅ Storage events registered (enabled)
15:23:12 __init__.py:205 - 🎉 Blueprint registration completed successfully!
15:23:12 app.py:545 - 🔧 === ABOUT TO INITIALIZE SERVICES ===
15:23:12 app.py:107 - 🚀 Starting modular service initialization sequence...
15:23:12 app.py:119 - 🔐 Phase 0: Device Registration
15:23:12 app.py:125 - ℹ️ Device registration disabled by configuration
15:23:12 app.py:172 - 📋 Phase 1: Core Infrastructure
15:23:12 app.py:175 - ✅ Core infrastructure ready
15:23:12 app.py:182 - 🔧 Phase 2: Core Components
15:23:12 camera_handler.py:765 - CameraHandler singleton initialized
15:23:12 app.py:188 - ✅ Camera Handler available
15:23:12 logging_config.py:386 - [DETECTION] Starting Detection Processor initialization...
15:23:12 detection_processor.py:152 - 🔍 [DETECTION_PROC] Initializing model instances...
15:23:12 detection_processor.py:157 - 🔍 [DETECTION_PROC] Model instances initialized
15:23:12 detection_processor.py:160 - 🔍 [DETECTION_PROC] Creating AsyncOCRLoader...
15:23:12 async_ocr_loader.py:77 - AsyncOCRLoader initialized
15:23:12 detection_processor.py:162 - 🔍 [DETECTION_PROC] AsyncOCRLoader created successfully
15:23:12 detection_processor.py:168 - 🔍 [DETECTION_PROC] Initializing parallel OCR processor...
15:23:12 detection_processor.py:170 - 🔍 [DETECTION_PROC] Parallel OCR processor initialized
15:23:12 detection_processor.py:173 - 🔍 [DETECTION_PROC] Setting up state tracking...
15:23:12 detection_processor.py:183 - 🔍 [DETECTION_PROC] State tracking initialized
15:23:12 detection_processor.py:190 - DetectionProcessor initialized
15:23:12 detection_processor.py:193 - 🔧 [ENHANCED_DETECTION] Initializing enhanced detection pipeline...
15:23:12 detection_processor.py:237 - 🔧 [ENHANCED_DETECTION] Enhanced detection pipeline initialized successfully
15:23:12 app.py:203 - ✅ Detection Processor available
15:23:12 database_manager.py:54 - DatabaseManager initialized
15:23:12 app.py:216 - ✅ Database Manager available
15:23:12 logging_config.py:388 - [HEALTH] Initialized
15:23:12 app.py:231 - ✅ Health Monitor available
15:23:12 app.py:243 - ⚙️ Phase 3: Core Services
15:23:12 app.py:247 - 🎥 === PHASE 2: Camera Manager Initialization ===
15:23:12 camera_manager.py:88 - Manual capture directory: /home/camuser/aicamera/edge/manual_capture
15:23:12 app.py:249 - 🎥 CameraManager service obtained, starting initialization...
15:23:12 app.py:251 - 🎥 About to call camera_manager.initialize()...
15:23:12 camera_manager.py:173 - 🔧 [CAMERA_MANAGER] Initializing Camera Manager...
15:23:12 camera_handler.py:798 - Initializing camera...
15:23:12 camera_handler.py:824 - Main stream resolution set to (2304, 1296) (quality_enhancement=on)
15:23:12 camera_handler.py:845 - Camera framerate set to 30 FPS floor (FrameDurationLimits: 33333–33333μs)
15:23:12 camera_handler.py:952 - Initial controls applied: AE=auto, AWB=auto, AfMode=Continuous(2), AfSpeed=Fast(1)
15:23:12 camera_handler.py:893 - Camera initialized successfully
15:23:12 camera_manager.py:182 - 🔧 [CAMERA_MANAGER] Camera handler initialized successfully
15:23:12 camera_manager.py:203 - 🔧 [CAMERA_MANAGER] Auto-start enabled - starting camera automatically
15:23:12 camera_manager.py:227 - 🚀 Starting auto-start sequence...
15:23:12 logging_config.py:262 - [CAMERA] frame_capture_loop started
15:23:13 camera_handler.py:1134 - Focus health verified ✅ (samples=20, FoM 1843-2701, variation=858.0, lens=1.0-1.641372799873352)
15:23:13 camera_handler.py:1212 - Camera started
15:23:13 camera_manager.py:339 - Camera started successfully
15:23:13 camera_manager.py:342 - 📊 Skipping metadata update during initialization to prevent hang
15:23:13 camera_manager.py:135 - 📷 [CAMERA_MANAGER] Applying LPR auto-controls: AE=auto/sport, AWB=auto, AF=continuous/fast
15:23:13 camera_manager.py:143 - ✅ [CAMERA_MANAGER] LPR auto-controls applied successfully – ISP is now managing exposure, white-balance and focus.
15:23:13 camera_manager.py:231 - ✅ Camera auto-started successfully
15:23:13 camera_manager.py:236 - 🎥 Auto-streaming enabled - camera should be streaming now
15:23:13 camera_manager.py:240 - ✅ Camera streaming confirmed active
15:23:13 camera_manager.py:244 - 🎯 === AUTO START CAMERA ABOUT TO RETURN TRUE ===
15:23:13 app.py:253 - 🎥 Camera manager initialize() returned: True
15:23:13 app.py:255 - ✅ Camera Manager initialized successfully
15:23:13 app.py:258 - 🎥 Camera auto-start enabled
15:23:13 app.py:267 - 🎥 Camera Manager phase completed
15:23:13 app.py:277 - 🔍 === PHASE 3: Detection Manager Initialization ===
15:23:13 detection_manager.py:85 - DetectionManager initialised (tracking=True)
15:23:13 app.py:280 - 🔍 DetectionManager service obtained, starting initialization...
15:23:13 detection_processor.py:246 - 🔧 [DETECTION_PROC] Starting model loading process...
15:23:13 detection_processor.py:248 - 🔧 [DETECTION_PROC] Loading detection models...
15:23:13 detection_processor.py:251 - 🔧 [DETECTION_PROC] Checking model configuration...
15:23:13 detection_processor.py:260 - 🔧 [DETECTION_PROC] Model configuration validated
15:23:13 detection_processor.py:264 - 🔧 [DETECTION_PROC] Configuring HailoRT logging...
15:23:13 detection_processor.py:267 - 🔧 [DETECTION_PROC] HailoRT logging configured
15:23:13 detection_processor.py:269 - 🔧 [DETECTION_PROC] Importing degirum...
15:23:13 detection_processor.py:272 - 🔧 [DETECTION_PROC] ✅ Degirum available for Hailo AI model loading
15:23:13 detection_processor.py:280 - 🔧 [DETECTION_PROC] Loading vehicle detection model...
15:23:13 detection_processor.py:282 - 🔧 [DETECTION_PROC] Loading vehicle detection model: yolov8n_relu6_car--640x640_quant_hailort_hailo8_1
15:23:13 zoo_manager.py:184 - Local inference with local zoo from '/home/camuser/aicamera/resources' dir
15:23:13 detection_processor.py:288 - 🔧 [DETECTION_PROC] ✅ Vehicle detection model loaded successfully
15:23:13 detection_processor.py:295 - 🔧 [DETECTION_PROC] Loading license plate detection model...
15:23:13 detection_processor.py:297 - 🔧 [DETECTION_PROC] Loading license plate detection model: yolov8n_relu6_lp--640x640_quant_hailort_hailo8_1
15:23:13 zoo_manager.py:184 - Local inference with local zoo from '/home/camuser/aicamera/resources' dir
15:23:13 detection_processor.py:304 - 🔧 [DETECTION_PROC] ✅ License plate detection model loaded successfully
15:23:13 detection_processor.py:311 - 🔧 [DETECTION_PROC] Checking for optional OCR model...
15:23:13 detection_processor.py:313 - 🔧 [DETECTION_PROC] Loading license plate OCR model...
15:23:13 detection_processor.py:315 - 🔧 [DETECTION_PROC] Loading license plate OCR model: yolov8n_relu6_lp_ocr--256x128_quant_hailort_hailo8_1
15:23:13 zoo_manager.py:184 - Local inference with local zoo from '/home/camuser/aicamera/resources' dir
15:23:14 detection_processor.py:323 - 🔧 [DETECTION_PROC] ✅ License plate OCR model loaded successfully
15:23:14 detection_processor.py:331 - 🔧 [DETECTION_PROC] Loading ThaiLPROCR (Tesseract)...
15:23:14 thai_lp_ocr.py:238 - ThaiLPROCR: Tesseract 5.3.0 ready (langs: tha+eng)
15:23:14 detection_processor.py:337 - 🔧 [DETECTION_PROC] ✅ ThaiLPROCR loaded successfully
15:23:14 detection_processor.py:347 - 🔧 [DETECTION_PROC] Initializing parallel OCR processor...
15:23:14 parallel_ocr_processor.py:51 - ✅ Parallel OCR Processor initialized
15:23:14 detection_processor.py:354 - 🔧 [DETECTION_PROC] ✅ Parallel OCR processor initialized
15:23:14 ocr_queue_worker.py:215 - [OCR_WORKER] ocr-worker-0 started
15:23:14 ocr_queue_worker.py:134 - [OCR_WORKER] Started 1 worker thread(s)
15:23:14 detection_processor.py:372 - 🔧 [DETECTION_PROC] ✅ Async OCR queue worker started
15:23:14 detection_processor.py:379 - 🔧 [DETECTION_PROC] Model loading process completed successfully
15:23:14 detection_manager.py:97 - Detection models loaded
15:23:14 database_manager.py:168 - Database tables created successfully
15:23:14 database_manager.py:84 - 🔧 [DATABASE_MANAGER] Database initialized successfully: /home/camuser/aicamera/edge/db/lpr_data.db
15:23:14 detection_manager.py:107 - Auto-start: waiting 5.0s for camera …
15:23:19 detection_manager.py:157 - Detection loop started
15:23:19 detection_manager.py:131 - Detection started
15:23:19 detection_manager.py:112 - Detection auto-started ✓
15:23:19 app.py:283 - ✅ Detection Manager initialized successfully
15:23:19 app.py:286 - 🔍 Detection auto-start enabled - will start in background
15:23:19 app.py:293 - 🔍 Detection Manager phase completed
15:23:19 app.py:302 - 🏥 === PHASE 4: Health Service Initialization ===
15:23:19 health_service.py:48 - HealthService initialized
15:23:19 app.py:305 - 🏥 HealthService service obtained, starting initialization...
15:23:19 health_monitor.py:155 - Health checks table created/verified
15:23:19 health_monitor.py:128 - 🔧 [HEALTH_MONITOR] HealthMonitor initialized successfully
15:23:19 health_service.py:788 - 🏥 Auto-start monitoring thread started - waiting for camera and detection to be ready...
15:23:19 health_service.py:829 - ✅ Auto-start monitoring thread started
15:23:19 health_service.py:85 - 🔧 [HEALTH_SERVICE] HealthService initialized successfully with auto-start monitoring
15:23:19 app.py:308 - ✅ Health Service initialized successfully
15:23:19 app.py:311 - 🏥 Health Monitor auto-start enabled - will start in background
15:23:19 app.py:320 - 🏥 Health Service phase completed
15:23:19 video_streaming.py:122 - Fallback frame initialized with resolution 640x640
15:23:19 video_streaming.py:95 - VideoStreamingService initialized with fallback mechanisms
15:23:19 app.py:332 - ✅ Video Streaming available
15:23:19 app.py:342 - 🔌 Phase 4: Optional Components
15:23:19 app.py:348 - ✅ Storage Monitor available
15:23:19 app.py:358 - 🔌 Phase 5: Optional Services
15:23:19 websocket_sender.py:97 - WebSocketSender Started
15:23:20 websocket_sender.py:128 - WebSocket sender initialized for server: ws://lprserver.tail605477.ts.net/ws/
15:23:20 app.py:366 - ✅ WebSocket Sender initialized successfully
15:23:20 app.py:369 - 📤 WebSocket Sender auto-start enabled
15:23:24 health_service.py:802 - 🎉 Camera and detection are ready - starting health monitoring
15:23:24 health_monitor.py:936 - Health monitoring started (core components)
15:23:24 logging_config.py:307 - HEALTH status changed to: healthy - initialized: True, streaming: True
15:23:24 health_monitor.py:909 - Health monitoring started
15:23:24 health_service.py:805 - ✅ Health monitoring started successfully
15:23:26 websocket_sender.py:128 - WebSocket sender initialized for server: ws://lprserver.tail605477.ts.net/ws/
15:23:26 websocket_sender.py:748 - Detection sender thread started with 60.0s interval (optimized)
15:23:26 websocket_sender.py:293 - Connecting to Socket.IO
15:23:27 websocket_sender.py:358 - Socket.IO connected
15:23:27 websocket_sender.py:342 - Socket.IO connection established
15:23:27 websocket_sender.py:404 - Sending pending data after reconnection...
15:23:27 websocket_sender.py:411 - No pending data to send
15:23:27 websocket_sender.py:668 - WebSocket sender service started (online mode)
15:23:27 app.py:373 - ✅ WebSocket Sender started successfully
15:23:27 mqtt_health_sender.py:62 - MQTT Health Sender initialized (device_id=1)
15:23:27 app.py:394 - ✅ MQTT Health Sender initialized successfully
15:23:27 mqtt_health_sender.py:62 - MQTT Health Sender initialized (device_id=1)
15:23:27 mqtt_health_sender.py:92 - MQTT Health Sender started (interval=300.0s)
15:23:27 app.py:397 - ✅ MQTT Health Sender started successfully
15:23:27 storage_monitor.py:73 - Storage Monitor initialized successfully
15:23:27 storage_service.py:49 - Storage Service initialized successfully
15:23:27 app.py:415 - ✅ Storage Service initialized successfully
15:23:27 app.py:418 - 💾 Storage Monitor auto-start enabled
15:23:28 mqtt_client.py:26 - Connected to MQTT broker at lprserver.tail605477.ts.net:1883
15:23:32 storage_monitor.py:326 - Storage monitoring started with 300s interval (optimized for core components)
15:23:32 storage_monitor.py:299 - Storage monitoring started (interval: 300s)
15:23:32 app.py:422 - ✅ Storage monitoring started successfully
15:23:32 app.py:436 - 📊 Initialization Summary:
15:23:32 app.py:441 -    Core Modules: 9/9 successful
15:23:32 app.py:445 -      ✅ device_registration
15:23:32 app.py:445 -      ✅ camera_handler
15:23:32 app.py:445 -      ✅ detection_processor
15:23:32 app.py:445 -      ✅ database_manager
15:23:32 app.py:445 -      ✅ health_monitor
15:23:32 app.py:445 -      ✅ camera_manager
15:23:32 app.py:445 -      ✅ detection_manager
15:23:32 app.py:445 -      ✅ health_service
15:23:32 app.py:445 -      ✅ video_streaming
15:23:32 app.py:450 -    Optional Modules: 4/4 successful
15:23:32 app.py:454 -      ✅ storage_monitor
15:23:32 app.py:454 -      ✅ websocket_sender
15:23:32 app.py:454 -      ✅ mqtt_health_sender
15:23:32 app.py:454 -      ✅ storage_service
15:23:32 app.py:467 - 🎉 System initialization completed successfully!
15:23:32 app.py:468 -    Core functionality is available
15:23:32 app.py:470 -    4 optional modules are also available
15:23:32 app.py:549 - ✅ === SERVICES INITIALIZATION COMPLETED ===
15:23:32 app.py:664 - ✅ === FLASK APPLICATION CREATED SUCCESSFULLY ===
15:23:32 wsgi.py:99 - ✅ create_app() completed
15:23:32 wsgi.py:100 - 📊 App: Flask, SocketIO: SocketIO
15:24:25 health_monitor.py:725 - Health check started
15:24:26 health_monitor.py:777 - Health check completed: healthy
15:26:17 detection_processor.py:714 - 🚗 Vehicles detected: 1 (filtered from 1)
15:26:17 detection_processor.py:719 - [VEHICLE] conf=0.885 size=765×387px bbox=[1536,474,2302,861] detect_time=15ms
15:26:17 detection_manager.py:258 - [VEHICLE] fid=170480 conf=0.885 size=765×387px
15:26:17 detection_processor.py:2089 - [FRAME_SCORE] track=? | sharpness=0.240 (plate=0.000 frame=0.240) | conf=0.885 | area=0.099 | center=0.419 | SCORE=0.424
15:26:17 detection_processor.py:1732 - [TRACK_NEW] track=1 conf=0.885 size=765×387px — new vehicle
15:26:17 detection_processor.py:1745 - [TRACKER] active=[1] | created=[1] | lost=[] | total_detections=1
15:26:17 detection_processor.py:2163 - [DEDUP_SUMMARY] kept=1/1 tracks after deduplication
15:26:17 detection_manager.py:563 - [DEDUP_NEW] track=1 first seen — allow
15:26:17 detection_manager.py:353 - [TRACKING] fid=170480 active=1 filtered=1 eligible=1
15:26:18 detection_processor.py:820 - [PLATE] conf=0.732 size=80×39px ar=2.05 bbox=[2196,704,2277,744] vehicle=0
15:26:18 detection_manager.py:276 - [PLATE] fid=170480 conf=0.732 size=80×39px ar=2.05
15:26:18 detection_processor.py:2089 - [FRAME_SCORE] track=? | sharpness=0.275 (plate=0.275 frame=0.240) | conf=0.885 | area=0.099 | center=0.419 | SCORE=0.437
15:26:18 detection_processor.py:1910 - [BEST_FRAME_UPDATE] track=1 score 0.424→0.437 old_fid=237584 new_fid=167888 frame_count=2 plate_visible=YES plates_so_far=0
15:26:18 detection_processor.py:1934 - [PLATE_CROP] track=1 crop=81×40px lap=275 buf_depth=1
15:26:18 detection_processor.py:1588 - [OCR_GATE] PASS track=1: frames=1 score=0.437 — submitting for OCR
15:26:18 detection_processor.py:1631 - [OCR_SUBMIT] track=1 crop=81×40px blur=275 score=0.437 det_conf=0.732 queue_depth=1
15:26:18 ocr_queue_worker.py:253 - [OCR_START] track=1 crop=81×40px queue_wait=-1781005902312ms pending=0
15:26:18 detection_manager.py:427 - [OCR_ASYNC_SUBMIT] fid=170480 1 task(s) queued for background Tesseract
15:26:18 detection_manager.py:297 - [FRAME_SAME] fid=170480 — saving current frame ✓
15:26:19 detection_processor.py:1103 - [UPLOAD] path=detection_20260610_152618_967.jpg | size=948KB | write_time=32ms | success=True
15:26:19 detection_processor.py:1129 - Saved original image only: /home/camuser/aicamera/edge/captured_images/detection_20260610_152618_967.jpg (optimized for performance)
15:26:19 detection_manager.py:509 - [DB_SAVE] fid=170480 id=1829 plate='—' conf=0.000 method=— v=1 p=1 img=✓ db=9ms
15:26:19 detection_manager.py:598 - [TRACK_SAVED] track=1 plate='?' frames=2 score=0.437 — dedup active 30.0s
15:26:19 detection_manager.py:316 - [OCR_PENDING] record=1829 tracks=[1]
15:26:19 detection_manager.py:322 - [PIPELINE_DONE] fid=170480 vehicles=1 plates=1 ocr=0 total=1355ms
15:26:19 detection_processor.py:714 - 🚗 Vehicles detected: 0 (filtered from 0)
15:26:19 ocr_queue_worker.py:280 - [OCR_RESULT] track=1 text='' valid=False conf=0.000 preprocess=175ms tesseract=456ms total=631ms queue_wait=-1781005902312ms
15:26:19 detection_processor.py:1676 - [OCR_DONE] ✅ track=1 text='' valid=False conf=0.000 method=tesseract e2e=632ms (frame→OCR complete)
15:26:19 detection_manager.py:642 - [OCR_UPDATE] record=1829 plate='' conf=0.000 method=tesseract
15:26:19 detection_manager.py:222 - [OCR_FLUSH] fid=168944 1 result(s) flushed pending_remaining=0
15:26:27 websocket_sender.py:759 - Sent 1 detection records to server
15:26:27 websocket_sender.py:363 - Socket.IO disconnected
15:26:27 websocket_sender.py:743 - health_status send failed: / is not a connected namespace.
15:26:28 health_monitor.py:725 - Health check started
15:26:29 health_monitor.py:777 - Health check completed: healthy
15:26:32 websocket_sender.py:358 - Socket.IO connected
15:26:48 detection_processor.py:714 - 🚗 Vehicles detected: 1 (filtered from 1)
15:26:48 detection_processor.py:719 - [VEHICLE] conf=0.803 size=594×882px bbox=[0,208,594,1091] detect_time=18ms
15:26:48 detection_manager.py:258 - [VEHICLE] fid=934224 conf=0.803 size=594×882px
15:26:48 detection_processor.py:1773 - [TRACKER_EXPIRE] track_id=1 | age=30.06s | frame_count=2 | best_score=0.437 | plates_found=1
15:26:49 detection_processor.py:2089 - [FRAME_SCORE] track=? | sharpness=0.258 (plate=0.000 frame=0.258) | conf=0.803 | area=0.176 | center=0.353 | SCORE=0.415
15:26:49 detection_processor.py:1732 - [TRACK_NEW] track=2 conf=0.803 size=594×882px — new vehicle
15:26:49 detection_processor.py:1745 - [TRACKER] active=[2] | created=[2] | lost=[1] | total_detections=1
15:26:49 detection_processor.py:2163 - [DEDUP_SUMMARY] kept=1/1 tracks after deduplication
15:26:49 detection_manager.py:563 - [DEDUP_NEW] track=2 first seen — allow
15:26:49 detection_manager.py:353 - [TRACKING] fid=934224 active=1 filtered=1 eligible=1
15:26:49 detection_manager.py:287 - [SAVE_DEFER] fid=934224 no plate visible — keeping tracks eligible for next frame
15:26:49 detection_processor.py:719 - [VEHICLE] conf=0.857 size=690×883px bbox=[1,204,692,1087] detect_time=22ms
15:26:49 detection_manager.py:258 - [VEHICLE] fid=933168 conf=0.857 size=690×883px
15:26:49 detection_processor.py:2089 - [FRAME_SCORE] track=? | sharpness=0.220 (plate=0.000 frame=0.220) | conf=0.857 | area=0.204 | center=0.391 | SCORE=0.425
15:26:49 detection_processor.py:1719 - [TRACK_UPDATE] track=2 frame_count=2 score=0.425 plates=0 ocr_submitted=False
15:26:49 detection_processor.py:2163 - [DEDUP_SUMMARY] kept=1/1 tracks after deduplication
15:26:49 detection_manager.py:563 - [DEDUP_NEW] track=2 first seen — allow
15:26:49 detection_manager.py:353 - [TRACKING] fid=933168 active=1 filtered=1 eligible=1
15:26:49 detection_manager.py:287 - [SAVE_DEFER] fid=933168 no plate visible — keeping tracks eligible for next frame
15:26:49 detection_processor.py:719 - [VEHICLE] conf=0.872 size=803×883px bbox=[0,219,803,1102] detect_time=25ms
15:26:49 detection_manager.py:258 - [VEHICLE] fid=935184 conf=0.872 size=803×883px
15:26:49 detection_processor.py:2089 - [FRAME_SCORE] track=? | sharpness=0.242 (plate=0.000 frame=0.242) | conf=0.872 | area=0.238 | center=0.432 | SCORE=0.449
15:26:49 detection_processor.py:1719 - [TRACK_UPDATE] track=2 frame_count=3 score=0.449 plates=0 ocr_submitted=False
15:26:49 detection_processor.py:2163 - [DEDUP_SUMMARY] kept=1/1 tracks after deduplication
15:26:49 detection_manager.py:563 - [DEDUP_NEW] track=2 first seen — allow
15:26:49 detection_manager.py:353 - [TRACKING] fid=935184 active=1 filtered=1 eligible=1
15:26:49 detection_manager.py:287 - [SAVE_DEFER] fid=935184 no plate visible — keeping tracks eligible for next frame
15:26:49 detection_processor.py:719 - [VEHICLE] conf=0.885 size=904×905px bbox=[0,208,904,1113] detect_time=20ms
15:26:49 detection_manager.py:258 - [VEHICLE] fid=934416 conf=0.885 size=904×905px
15:26:49 detection_processor.py:2089 - [FRAME_SCORE] track=? | sharpness=0.165 (plate=0.000 frame=0.165) | conf=0.885 | area=0.274 | center=0.470 | SCORE=0.433
15:26:49 detection_processor.py:1719 - [TRACK_UPDATE] track=2 frame_count=4 score=0.449 plates=0 ocr_submitted=False
15:26:49 detection_processor.py:2163 - [DEDUP_SUMMARY] kept=1/1 tracks after deduplication
15:26:49 detection_manager.py:563 - [DEDUP_NEW] track=2 first seen — allow
15:26:49 detection_manager.py:353 - [TRACKING] fid=934416 active=1 filtered=1 eligible=1
15:26:49 detection_manager.py:287 - [SAVE_DEFER] fid=934416 no plate visible — keeping tracks eligible for next frame
15:26:49 detection_processor.py:719 - [VEHICLE] conf=0.898 size=1000×896px bbox=[2,233,1002,1129] detect_time=23ms
15:26:49 detection_manager.py:258 - [VEHICLE] fid=933168 conf=0.898 size=1000×896px
15:26:49 detection_processor.py:2089 - [FRAME_SCORE] track=? | sharpness=0.211 (plate=0.000 frame=0.211) | conf=0.898 | area=0.300 | center=0.508 | SCORE=0.464
15:26:49 detection_processor.py:1719 - [TRACK_UPDATE] track=2 frame_count=5 score=0.464 plates=0 ocr_submitted=False
15:26:49 detection_processor.py:2163 - [DEDUP_SUMMARY] kept=1/1 tracks after deduplication
15:26:49 detection_manager.py:563 - [DEDUP_NEW] track=2 first seen — allow
15:26:49 detection_manager.py:353 - [TRACKING] fid=933168 active=1 filtered=1 eligible=1
15:26:49 detection_manager.py:287 - [SAVE_DEFER] fid=933168 no plate visible — keeping tracks eligible for next frame
15:26:49 detection_processor.py:719 - [VEHICLE] conf=0.898 size=1070×874px bbox=[0,257,1071,1132] detect_time=20ms
15:26:49 detection_manager.py:258 - [VEHICLE] fid=934416 conf=0.898 size=1070×874px
15:26:49 detection_processor.py:2089 - [FRAME_SCORE] track=? | sharpness=0.217 (plate=0.000 frame=0.217) | conf=0.898 | area=0.314 | center=0.532 | SCORE=0.472
15:26:49 detection_processor.py:1719 - [TRACK_UPDATE] track=2 frame_count=6 score=0.472 plates=0 ocr_submitted=False
15:26:49 detection_processor.py:2163 - [DEDUP_SUMMARY] kept=1/1 tracks after deduplication
15:26:49 detection_manager.py:563 - [DEDUP_NEW] track=2 first seen — allow
15:26:49 detection_manager.py:353 - [TRACKING] fid=934416 active=1 filtered=1 eligible=1
15:26:50 detection_manager.py:287 - [SAVE_DEFER] fid=934416 no plate visible — keeping tracks eligible for next frame
15:26:50 detection_processor.py:719 - [VEHICLE] conf=0.898 size=1145×862px bbox=[0,269,1146,1132] detect_time=22ms
15:26:50 detection_manager.py:258 - [VEHICLE] fid=934320 conf=0.898 size=1145×862px
15:26:50 detection_processor.py:2089 - [FRAME_SCORE] track=? | sharpness=0.205 (plate=0.000 frame=0.205) | conf=0.898 | area=0.331 | center=0.560 | SCORE=0.474
15:26:50 detection_processor.py:1719 - [TRACK_UPDATE] track=2 frame_count=7 score=0.474 plates=0 ocr_submitted=False
15:26:50 detection_processor.py:2163 - [DEDUP_SUMMARY] kept=1/1 tracks after deduplication
15:26:50 detection_manager.py:563 - [DEDUP_NEW] track=2 first seen — allow
15:26:50 detection_manager.py:353 - [TRACKING] fid=934320 active=1 filtered=1 eligible=1
15:26:50 detection_manager.py:287 - [SAVE_DEFER] fid=934320 no plate visible — keeping tracks eligible for next frame
15:26:50 detection_processor.py:719 - [VEHICLE] conf=0.898 size=1214×849px bbox=[0,276,1214,1125] detect_time=26ms
15:26:50 detection_manager.py:258 - [VEHICLE] fid=934512 conf=0.898 size=1214×849px
15:26:50 detection_processor.py:2089 - [FRAME_SCORE] track=? | sharpness=0.215 (plate=0.000 frame=0.215) | conf=0.898 | area=0.345 | center=0.586 | SCORE=0.483
15:26:50 detection_processor.py:1719 - [TRACK_UPDATE] track=2 frame_count=8 score=0.483 plates=0 ocr_submitted=False
15:26:50 detection_processor.py:2163 - [DEDUP_SUMMARY] kept=1/1 tracks after deduplication
15:26:50 detection_manager.py:563 - [DEDUP_NEW] track=2 first seen — allow
15:26:50 detection_manager.py:353 - [TRACKING] fid=934512 active=1 filtered=1 eligible=1
15:26:50 detection_manager.py:287 - [SAVE_DEFER] fid=934512 no plate visible — keeping tracks eligible for next frame
15:26:50 detection_processor.py:719 - [VEHICLE] conf=0.898 size=1265×827px bbox=[5,290,1270,1118] detect_time=23ms
15:26:50 detection_manager.py:258 - [VEHICLE] fid=934320 conf=0.898 size=1265×827px
15:26:50 detection_processor.py:2089 - [FRAME_SCORE] track=? | sharpness=0.209 (plate=0.000 frame=0.209) | conf=0.898 | area=0.351 | center=0.609 | SCORE=0.484
15:26:50 detection_processor.py:1719 - [TRACK_UPDATE] track=2 frame_count=9 score=0.484 plates=0 ocr_submitted=False
15:26:50 detection_processor.py:2163 - [DEDUP_SUMMARY] kept=1/1 tracks after deduplication
15:26:50 detection_manager.py:563 - [DEDUP_NEW] track=2 first seen — allow
15:26:50 detection_manager.py:353 - [TRACKING] fid=934320 active=1 filtered=1 eligible=1
15:26:50 detection_manager.py:287 - [SAVE_DEFER] fid=934320 no plate visible — keeping tracks eligible for next frame
15:26:50 detection_processor.py:719 - [VEHICLE] conf=0.898 size=1323×817px bbox=[4,299,1328,1117] detect_time=21ms
15:26:50 detection_manager.py:258 - [VEHICLE] fid=933168 conf=0.898 size=1323×817px
15:26:50 detection_processor.py:2089 - [FRAME_SCORE] track=? | sharpness=0.189 (plate=0.000 frame=0.189) | conf=0.898 | area=0.362 | center=0.629 | SCORE=0.481
15:26:50 detection_processor.py:1719 - [TRACK_UPDATE] track=2 frame_count=10 score=0.484 plates=0 ocr_submitted=False
15:26:50 detection_processor.py:2163 - [DEDUP_SUMMARY] kept=1/1 tracks after deduplication
15:26:50 detection_manager.py:563 - [DEDUP_NEW] track=2 first seen — allow
15:26:50 detection_manager.py:353 - [TRACKING] fid=933168 active=1 filtered=1 eligible=1
15:26:50 detection_manager.py:287 - [SAVE_DEFER] fid=933168 no plate visible — keeping tracks eligible for next frame
15:26:50 detection_processor.py:719 - [VEHICLE] conf=0.898 size=1378×814px bbox=[4,306,1382,1121] detect_time=23ms
15:26:50 detection_manager.py:258 - [VEHICLE] fid=934512 conf=0.898 size=1378×814px
15:26:50 detection_processor.py:2089 - [FRAME_SCORE] track=? | sharpness=0.209 (plate=0.000 frame=0.209) | conf=0.898 | area=0.376 | center=0.649 | SCORE=0.493
15:26:50 detection_processor.py:1719 - [TRACK_UPDATE] track=2 frame_count=11 score=0.493 plates=0 ocr_submitted=False
15:26:50 detection_processor.py:2163 - [DEDUP_SUMMARY] kept=1/1 tracks after deduplication
15:26:50 detection_manager.py:563 - [DEDUP_NEW] track=2 first seen — allow
15:26:50 detection_manager.py:353 - [TRACKING] fid=934512 active=1 filtered=1 eligible=1
15:26:51 detection_manager.py:287 - [SAVE_DEFER] fid=934512 no plate visible — keeping tracks eligible for next frame
15:26:51 detection_processor.py:719 - [VEHICLE] conf=0.898 size=1443×802px bbox=[0,323,1444,1125] detect_time=21ms
15:26:51 detection_manager.py:258 - [VEHICLE] fid=934416 conf=0.898 size=1443×802px
15:26:51 detection_processor.py:2089 - [FRAME_SCORE] track=? | sharpness=0.217 (plate=0.000 frame=0.217) | conf=0.898 | area=0.388 | center=0.670 | SCORE=0.501
15:26:51 detection_processor.py:1719 - [TRACK_UPDATE] track=2 frame_count=12 score=0.501 plates=0 ocr_submitted=False
15:26:51 detection_processor.py:2163 - [DEDUP_SUMMARY] kept=1/1 tracks after deduplication
15:26:51 detection_manager.py:563 - [DEDUP_NEW] track=2 first seen — allow
15:26:51 detection_manager.py:353 - [TRACKING] fid=934416 active=1 filtered=1 eligible=1
15:26:51 detection_manager.py:287 - [SAVE_DEFER] fid=934416 no plate visible — keeping tracks eligible for next frame
15:26:51 detection_processor.py:719 - [VEHICLE] conf=0.898 size=1490×801px bbox=[3,331,1494,1132] detect_time=23ms
15:26:51 detection_manager.py:258 - [VEHICLE] fid=934320 conf=0.898 size=1490×801px
15:26:51 detection_processor.py:2089 - [FRAME_SCORE] track=? | sharpness=0.206 (plate=0.000 frame=0.206) | conf=0.898 | area=0.400 | center=0.688 | SCORE=0.500
15:26:51 detection_processor.py:1719 - [TRACK_UPDATE] track=2 frame_count=13 score=0.501 plates=0 ocr_submitted=False
15:26:51 detection_processor.py:2163 - [DEDUP_SUMMARY] kept=1/1 tracks after deduplication
15:26:51 detection_manager.py:563 - [DEDUP_NEW] track=2 first seen — allow
15:26:51 detection_manager.py:353 - [TRACKING] fid=934320 active=1 filtered=1 eligible=1
15:26:51 detection_manager.py:287 - [SAVE_DEFER] fid=934320 no plate visible — keeping tracks eligible for next frame
15:26:51 detection_processor.py:719 - [VEHICLE] conf=0.898 size=1537×831px bbox=[1,332,1538,1163] detect_time=24ms
15:26:51 detection_manager.py:258 - [VEHICLE] fid=934608 conf=0.898 size=1537×831px
15:26:51 detection_processor.py:2089 - [FRAME_SCORE] track=? | sharpness=0.191 (plate=0.000 frame=0.191) | conf=0.898 | area=0.428 | center=0.701 | SCORE=0.501
15:26:51 detection_processor.py:1719 - [TRACK_UPDATE] track=2 frame_count=14 score=0.501 plates=0 ocr_submitted=False
15:26:51 detection_processor.py:2163 - [DEDUP_SUMMARY] kept=1/1 tracks after deduplication
15:26:51 detection_manager.py:563 - [DEDUP_NEW] track=2 first seen — allow
15:26:51 detection_manager.py:353 - [TRACKING] fid=934608 active=1 filtered=1 eligible=1
15:26:51 detection_manager.py:287 - [SAVE_DEFER] fid=934608 no plate visible — keeping tracks eligible for next frame
15:26:51 detection_processor.py:719 - [VEHICLE] conf=0.898 size=1583×859px bbox=[0,356,1584,1216] detect_time=23ms
15:26:51 detection_manager.py:258 - [VEHICLE] fid=934512 conf=0.898 size=1583×859px
15:26:51 detection_processor.py:2089 - [FRAME_SCORE] track=? | sharpness=0.229 (plate=0.000 frame=0.229) | conf=0.898 | area=0.456 | center=0.708 | SCORE=0.523
15:26:51 detection_processor.py:1719 - [TRACK_UPDATE] track=2 frame_count=15 score=0.523 plates=0 ocr_submitted=False
15:26:51 detection_processor.py:2163 - [DEDUP_SUMMARY] kept=1/1 tracks after deduplication
15:26:51 detection_manager.py:563 - [DEDUP_NEW] track=2 first seen — allow
15:26:51 detection_manager.py:353 - [TRACKING] fid=934512 active=1 filtered=1 eligible=1
15:26:51 detection_manager.py:287 - [SAVE_DEFER] fid=934512 no plate visible — keeping tracks eligible for next frame
15:26:51 detection_processor.py:719 - [VEHICLE] conf=0.898 size=1629×863px bbox=[1,371,1630,1234] detect_time=23ms
15:26:51 detection_manager.py:258 - [VEHICLE] fid=934224 conf=0.898 size=1629×863px
15:26:51 detection_processor.py:2089 - [FRAME_SCORE] track=? | sharpness=0.230 (plate=0.000 frame=0.230) | conf=0.898 | area=0.471 | center=0.720 | SCORE=0.527
15:26:51 detection_processor.py:1719 - [TRACK_UPDATE] track=2 frame_count=16 score=0.527 plates=0 ocr_submitted=False
15:26:51 detection_processor.py:2163 - [DEDUP_SUMMARY] kept=1/1 tracks after deduplication
15:26:51 detection_manager.py:563 - [DEDUP_NEW] track=2 first seen — allow
15:26:51 detection_manager.py:353 - [TRACKING] fid=934224 active=1 filtered=1 eligible=1
15:26:51 detection_manager.py:287 - [SAVE_DEFER] fid=934224 no plate visible — keeping tracks eligible for next frame
15:26:52 detection_processor.py:719 - [VEHICLE] conf=0.898 size=1643×862px bbox=[2,386,1645,1249] detect_time=20ms
15:26:52 detection_manager.py:258 - [VEHICLE] fid=934512 conf=0.898 size=1643×862px
15:26:52 detection_processor.py:2089 - [FRAME_SCORE] track=? | sharpness=0.225 (plate=0.000 frame=0.225) | conf=0.898 | area=0.475 | center=0.721 | SCORE=0.526
15:26:52 detection_processor.py:1719 - [TRACK_UPDATE] track=2 frame_count=17 score=0.527 plates=0 ocr_submitted=False
15:26:52 detection_processor.py:2163 - [DEDUP_SUMMARY] kept=1/1 tracks after deduplication
15:26:52 detection_manager.py:563 - [DEDUP_NEW] track=2 first seen — allow
15:26:52 detection_manager.py:353 - [TRACKING] fid=934512 active=1 filtered=1 eligible=1
15:26:52 detection_manager.py:287 - [SAVE_DEFER] fid=934512 no plate visible — keeping tracks eligible for next frame
15:26:52 detection_processor.py:719 - [VEHICLE] conf=0.898 size=1666×848px bbox=[0,399,1667,1247] detect_time=25ms
15:26:52 detection_manager.py:258 - [VEHICLE] fid=927312 conf=0.898 size=1666×848px
15:26:52 detection_processor.py:2089 - [FRAME_SCORE] track=? | sharpness=0.220 (plate=0.000 frame=0.220) | conf=0.898 | area=0.474 | center=0.725 | SCORE=0.525
15:26:52 detection_processor.py:1719 - [TRACK_UPDATE] track=2 frame_count=18 score=0.527 plates=0 ocr_submitted=False
15:26:52 detection_processor.py:2163 - [DEDUP_SUMMARY] kept=1/1 tracks after deduplication
15:26:52 detection_manager.py:563 - [DEDUP_NEW] track=2 first seen — allow
15:26:52 detection_manager.py:353 - [TRACKING] fid=927312 active=1 filtered=1 eligible=1
15:26:52 detection_manager.py:287 - [SAVE_DEFER] fid=927312 no plate visible — keeping tracks eligible for next frame
15:26:52 detection_processor.py:719 - [VEHICLE] conf=0.898 size=1687×818px bbox=[0,408,1688,1227] detect_time=23ms
15:26:52 detection_manager.py:258 - [VEHICLE] fid=934512 conf=0.898 size=1687×818px
15:26:52 detection_processor.py:2089 - [FRAME_SCORE] track=? | sharpness=0.220 (plate=0.000 frame=0.220) | conf=0.898 | area=0.463 | center=0.734 | SCORE=0.523
15:26:52 detection_processor.py:1719 - [TRACK_UPDATE] track=2 frame_count=19 score=0.527 plates=0 ocr_submitted=False
15:26:52 detection_processor.py:2163 - [DEDUP_SUMMARY] kept=1/1 tracks after deduplication
15:26:52 detection_manager.py:563 - [DEDUP_NEW] track=2 first seen — allow
15:26:52 detection_manager.py:353 - [TRACKING] fid=934512 active=1 filtered=1 eligible=1
15:26:52 detection_manager.py:287 - [SAVE_DEFER] fid=934512 no plate visible — keeping tracks eligible for next frame
15:26:52 detection_processor.py:719 - [VEHICLE] conf=0.898 size=1657×788px bbox=[34,414,1692,1202] detect_time=24ms
15:26:52 detection_manager.py:258 - [VEHICLE] fid=934224 conf=0.898 size=1657×788px
15:26:52 detection_processor.py:2089 - [FRAME_SCORE] track=? | sharpness=0.216 (plate=0.000 frame=0.216) | conf=0.898 | area=0.438 | center=0.750 | SCORE=0.518
15:26:52 detection_processor.py:1719 - [TRACK_UPDATE] track=2 frame_count=20 score=0.527 plates=0 ocr_submitted=False
15:26:52 detection_processor.py:2163 - [DEDUP_SUMMARY] kept=1/1 tracks after deduplication
15:26:52 detection_manager.py:563 - [DEDUP_NEW] track=2 first seen — allow
15:26:52 detection_manager.py:353 - [TRACKING] fid=934224 active=1 filtered=1 eligible=1
15:26:52 detection_processor.py:820 - [PLATE] conf=0.606 size=129×125px ar=1.03 bbox=[83,850,212,976] vehicle=0
15:26:52 detection_manager.py:276 - [PLATE] fid=934224 conf=0.606 size=129×125px ar=1.03
15:26:52 detection_processor.py:2089 - [FRAME_SCORE] track=? | sharpness=0.065 (plate=0.065 frame=0.216) | conf=0.898 | area=0.438 | center=0.750 | SCORE=0.458
15:26:52 detection_processor.py:1934 - [PLATE_CROP] track=2 crop=130×126px lap=65 buf_depth=1
15:26:52 detection_processor.py:1588 - [OCR_GATE] PASS track=2: frames=1 score=0.527 — submitting for OCR
15:26:52 detection_processor.py:1631 - [OCR_SUBMIT] track=2 crop=130×126px blur=65 score=0.527 det_conf=0.606 queue_depth=1
15:26:52 ocr_queue_worker.py:253 - [OCR_START] track=2 crop=130×126px queue_wait=-1781005902312ms pending=0
15:26:52 detection_manager.py:427 - [OCR_ASYNC_SUBMIT] fid=934224 1 task(s) queued for background Tesseract
15:26:52 detection_manager.py:297 - [FRAME_SAME] fid=934224 — saving current frame ✓
15:26:52 detection_processor.py:1103 - [UPLOAD] path=detection_20260610_152652_836.jpg | size=882KB | write_time=60ms | success=True
15:26:52 detection_processor.py:1129 - Saved original image only: /home/camuser/aicamera/edge/captured_images/detection_20260610_152652_836.jpg (optimized for performance)
15:26:52 detection_manager.py:509 - [DB_SAVE] fid=934224 id=1830 plate='—' conf=0.000 method=— v=1 p=1 img=✓ db=16ms
15:26:52 detection_manager.py:598 - [TRACK_SAVED] track=2 plate='?' frames=21 score=0.527 — dedup active 30.0s
15:26:52 detection_manager.py:316 - [OCR_PENDING] record=1830 tracks=[2]
15:26:52 detection_manager.py:322 - [PIPELINE_DONE] fid=934224 vehicles=1 plates=1 ocr=0 total=223ms
15:26:53 detection_processor.py:719 - [VEHICLE] conf=0.898 size=1387×733px bbox=[324,434,1712,1167] detect_time=24ms
15:26:53 detection_manager.py:258 - [VEHICLE] fid=170576 conf=0.898 size=1387×733px
15:26:53 detection_processor.py:2089 - [FRAME_SCORE] track=? | sharpness=0.221 (plate=0.000 frame=0.221) | conf=0.898 | area=0.341 | center=0.846 | SCORE=0.511
15:26:53 detection_processor.py:1719 - [TRACK_UPDATE] track=2 frame_count=22 score=0.527 plates=1 ocr_submitted=True
15:26:53 detection_processor.py:2163 - [DEDUP_SUMMARY] kept=1/1 tracks after deduplication
15:26:53 detection_manager.py:553 - [DEDUP_BLOCK] track=2 elapsed=0.2s < 30.0s prev='' — skip
15:26:53 detection_manager.py:353 - [TRACKING] fid=170576 active=1 filtered=1 eligible=0
15:26:53 detection_manager.py:357 - [DEDUP_SKIP] fid=170576 all 1 vehicle(s) are duplicates — skip save
15:26:53 detection_processor.py:719 - [VEHICLE] conf=0.898 size=1287×697px bbox=[436,444,1724,1142] detect_time=23ms
15:26:53 detection_manager.py:258 - [VEHICLE] fid=170576 conf=0.898 size=1287×697px
15:26:53 detection_processor.py:2089 - [FRAME_SCORE] track=? | sharpness=0.175 (plate=0.000 frame=0.175) | conf=0.898 | area=0.301 | center=0.877 | SCORE=0.487
15:26:53 detection_processor.py:1719 - [TRACK_UPDATE] track=2 frame_count=23 score=0.527 plates=1 ocr_submitted=True
15:26:53 detection_processor.py:2163 - [DEDUP_SUMMARY] kept=1/1 tracks after deduplication
15:26:53 detection_manager.py:553 - [DEDUP_BLOCK] track=2 elapsed=0.4s < 30.0s prev='' — skip
15:26:53 detection_manager.py:353 - [TRACKING] fid=170576 active=1 filtered=1 eligible=0
15:26:53 detection_manager.py:357 - [DEDUP_SKIP] fid=170576 all 1 vehicle(s) are duplicates — skip save
15:26:53 detection_processor.py:719 - [VEHICLE] conf=0.898 size=1184×677px bbox=[539,448,1724,1126] detect_time=24ms
15:26:53 detection_manager.py:258 - [VEHICLE] fid=170576 conf=0.898 size=1184×677px
15:26:53 detection_processor.py:2089 - [FRAME_SCORE] track=? | sharpness=0.186 (plate=0.000 frame=0.186) | conf=0.898 | area=0.269 | center=0.893 | SCORE=0.487
15:26:53 detection_processor.py:1719 - [TRACK_UPDATE] track=2 frame_count=24 score=0.527 plates=1 ocr_submitted=True
15:26:53 detection_processor.py:2163 - [DEDUP_SUMMARY] kept=1/1 tracks after deduplication
15:26:53 detection_manager.py:553 - [DEDUP_BLOCK] track=2 elapsed=0.5s < 30.0s prev='' — skip
15:26:53 detection_manager.py:353 - [TRACKING] fid=170576 active=1 filtered=1 eligible=0
15:26:53 detection_manager.py:357 - [DEDUP_SKIP] fid=170576 all 1 vehicle(s) are duplicates — skip save
15:26:53 detection_processor.py:719 - [VEHICLE] conf=0.898 size=1076×655px bbox=[655,454,1732,1109] detect_time=31ms
15:26:53 detection_manager.py:258 - [VEHICLE] fid=934320 conf=0.898 size=1076×655px
15:26:53 detection_processor.py:2089 - [FRAME_SCORE] track=? | sharpness=0.189 (plate=0.000 frame=0.189) | conf=0.898 | area=0.236 | center=0.894 | SCORE=0.482
15:26:53 detection_processor.py:1719 - [TRACK_UPDATE] track=2 frame_count=25 score=0.527 plates=1 ocr_submitted=True
15:26:53 detection_processor.py:2163 - [DEDUP_SUMMARY] kept=1/1 tracks after deduplication
15:26:53 detection_manager.py:553 - [DEDUP_BLOCK] track=2 elapsed=0.7s < 30.0s prev='' — skip
15:26:53 detection_manager.py:353 - [TRACKING] fid=934320 active=1 filtered=1 eligible=0
15:26:53 detection_manager.py:357 - [DEDUP_SKIP] fid=934320 all 1 vehicle(s) are duplicates — skip save
15:26:53 detection_processor.py:719 - [VEHICLE] conf=0.898 size=993×629px bbox=[762,461,1755,1090] detect_time=21ms
15:26:53 detection_manager.py:258 - [VEHICLE] fid=170576 conf=0.898 size=993×629px
15:26:53 detection_processor.py:2089 - [FRAME_SCORE] track=? | sharpness=0.185 (plate=0.000 frame=0.185) | conf=0.898 | area=0.209 | center=0.874 | SCORE=0.472
15:26:53 detection_processor.py:1719 - [TRACK_UPDATE] track=2 frame_count=26 score=0.527 plates=1 ocr_submitted=True
15:26:53 detection_processor.py:2163 - [DEDUP_SUMMARY] kept=1/1 tracks after deduplication
15:26:53 detection_manager.py:553 - [DEDUP_BLOCK] track=2 elapsed=0.9s < 30.0s prev='' — skip
15:26:53 detection_manager.py:353 - [TRACKING] fid=170576 active=1 filtered=1 eligible=0
15:26:53 detection_manager.py:357 - [DEDUP_SKIP] fid=170576 all 1 vehicle(s) are duplicates — skip save
15:26:53 detection_processor.py:719 - [VEHICLE] conf=0.898 size=944×610px bbox=[835,468,1779,1079] detect_time=28ms
15:26:53 detection_manager.py:258 - [VEHICLE] fid=170576 conf=0.898 size=944×610px
15:26:54 detection_processor.py:2089 - [FRAME_SCORE] track=? | sharpness=0.220 (plate=0.000 frame=0.220) | conf=0.898 | area=0.193 | center=0.849 | SCORE=0.481
15:26:54 detection_processor.py:1719 - [TRACK_UPDATE] track=2 frame_count=27 score=0.527 plates=1 ocr_submitted=True
15:26:54 detection_processor.py:2163 - [DEDUP_SUMMARY] kept=1/1 tracks after deduplication
15:26:54 detection_manager.py:553 - [DEDUP_BLOCK] track=2 elapsed=1.1s < 30.0s prev='' — skip
15:26:54 detection_manager.py:353 - [TRACKING] fid=170576 active=1 filtered=1 eligible=0
15:26:54 detection_manager.py:357 - [DEDUP_SKIP] fid=170576 all 1 vehicle(s) are duplicates — skip save
15:26:54 detection_processor.py:719 - [VEHICLE] conf=0.898 size=910×581px bbox=[914,475,1824,1056] detect_time=23ms
15:26:54 detection_manager.py:258 - [VEHICLE] fid=170576 conf=0.898 size=910×581px
15:26:54 detection_processor.py:2089 - [FRAME_SCORE] track=? | sharpness=0.240 (plate=0.000 frame=0.240) | conf=0.898 | area=0.177 | center=0.813 | SCORE=0.482
15:26:54 detection_processor.py:1719 - [TRACK_UPDATE] track=2 frame_count=28 score=0.527 plates=1 ocr_submitted=True
15:26:54 detection_processor.py:2163 - [DEDUP_SUMMARY] kept=1/1 tracks after deduplication
15:26:54 detection_manager.py:553 - [DEDUP_BLOCK] track=2 elapsed=1.3s < 30.0s prev='' — skip
15:26:54 detection_manager.py:353 - [TRACKING] fid=170576 active=1 filtered=1 eligible=0
15:26:54 detection_manager.py:357 - [DEDUP_SKIP] fid=170576 all 1 vehicle(s) are duplicates — skip save
15:26:54 detection_processor.py:719 - [VEHICLE] conf=0.898 size=888×551px bbox=[977,488,1866,1040] detect_time=26ms
15:26:54 detection_manager.py:258 - [VEHICLE] fid=170576 conf=0.898 size=888×551px
15:26:54 detection_processor.py:2089 - [FRAME_SCORE] track=? | sharpness=0.250 (plate=0.000 frame=0.250) | conf=0.898 | area=0.164 | center=0.778 | SCORE=0.480
15:26:54 detection_processor.py:1719 - [TRACK_UPDATE] track=2 frame_count=29 score=0.527 plates=1 ocr_submitted=True
15:26:54 detection_processor.py:2163 - [DEDUP_SUMMARY] kept=1/1 tracks after deduplication
15:26:54 detection_manager.py:553 - [DEDUP_BLOCK] track=2 elapsed=1.5s < 30.0s prev='' — skip
15:26:54 detection_manager.py:353 - [TRACKING] fid=170576 active=1 filtered=1 eligible=0
15:26:54 detection_manager.py:357 - [DEDUP_SKIP] fid=170576 all 1 vehicle(s) are duplicates — skip save
15:26:54 detection_processor.py:719 - [VEHICLE] conf=0.898 size=867×530px bbox=[1024,491,1892,1021] detect_time=35ms
15:26:54 detection_manager.py:258 - [VEHICLE] fid=170576 conf=0.898 size=867×530px
15:26:54 detection_processor.py:2089 - [FRAME_SCORE] track=? | sharpness=0.252 (plate=0.000 frame=0.252) | conf=0.898 | area=0.154 | center=0.754 | SCORE=0.476
15:26:54 detection_processor.py:1719 - [TRACK_UPDATE] track=2 frame_count=30 score=0.527 plates=1 ocr_submitted=True
15:26:54 detection_processor.py:2163 - [DEDUP_SUMMARY] kept=1/1 tracks after deduplication
15:26:54 detection_manager.py:553 - [DEDUP_BLOCK] track=2 elapsed=1.7s < 30.0s prev='' — skip
15:26:54 detection_manager.py:353 - [TRACKING] fid=170576 active=1 filtered=1 eligible=0
15:26:54 detection_manager.py:357 - [DEDUP_SKIP] fid=170576 all 1 vehicle(s) are duplicates — skip save
15:26:54 detection_processor.py:719 - [VEHICLE] conf=0.898 size=842×500px bbox=[1078,499,1921,1000] detect_time=23ms
15:26:54 detection_manager.py:258 - [VEHICLE] fid=170576 conf=0.898 size=842×500px
15:26:54 detection_processor.py:2089 - [FRAME_SCORE] track=? | sharpness=0.249 (plate=0.000 frame=0.249) | conf=0.898 | area=0.141 | center=0.726 | SCORE=0.470
15:26:54 detection_processor.py:1719 - [TRACK_UPDATE] track=2 frame_count=31 score=0.527 plates=1 ocr_submitted=True
15:26:54 detection_processor.py:2163 - [DEDUP_SUMMARY] kept=1/1 tracks after deduplication
15:26:54 detection_manager.py:553 - [DEDUP_BLOCK] track=2 elapsed=1.9s < 30.0s prev='' — skip
15:26:54 detection_manager.py:353 - [TRACKING] fid=170576 active=1 filtered=1 eligible=0
15:26:54 detection_manager.py:357 - [DEDUP_SKIP] fid=170576 all 1 vehicle(s) are duplicates — skip save
15:26:54 detection_processor.py:719 - [VEHICLE] conf=0.898 size=831×489px bbox=[1118,504,1950,994] detect_time=30ms
15:26:54 detection_manager.py:258 - [VEHICLE] fid=170576 conf=0.898 size=831×489px
15:26:54 detection_processor.py:2089 - [FRAME_SCORE] track=? | sharpness=0.243 (plate=0.000 frame=0.243) | conf=0.898 | area=0.136 | center=0.701 | SCORE=0.464
15:26:54 detection_processor.py:1719 - [TRACK_UPDATE] track=2 frame_count=32 score=0.527 plates=1 ocr_submitted=True
15:26:54 detection_processor.py:2163 - [DEDUP_SUMMARY] kept=1/1 tracks after deduplication
15:26:54 detection_manager.py:553 - [DEDUP_BLOCK] track=2 elapsed=2.1s < 30.0s prev='' — skip
15:26:54 detection_manager.py:353 - [TRACKING] fid=170576 active=1 filtered=1 eligible=0
15:26:54 detection_manager.py:357 - [DEDUP_SKIP] fid=170576 all 1 vehicle(s) are duplicates — skip save
15:26:55 detection_processor.py:719 - [VEHICLE] conf=0.898 size=810×485px bbox=[1168,509,1978,994] detect_time=24ms
15:26:55 detection_manager.py:258 - [VEHICLE] fid=170576 conf=0.898 size=810×485px
15:26:55 detection_processor.py:2089 - [FRAME_SCORE] track=? | sharpness=0.263 (plate=0.000 frame=0.263) | conf=0.898 | area=0.132 | center=0.672 | SCORE=0.468
15:26:55 detection_processor.py:1719 - [TRACK_UPDATE] track=2 frame_count=33 score=0.527 plates=1 ocr_submitted=True
15:26:55 detection_processor.py:2163 - [DEDUP_SUMMARY] kept=1/1 tracks after deduplication
15:26:55 detection_manager.py:553 - [DEDUP_BLOCK] track=2 elapsed=2.3s < 30.0s prev='' — skip
15:26:55 detection_manager.py:353 - [TRACKING] fid=170576 active=1 filtered=1 eligible=0
15:26:55 detection_manager.py:357 - [DEDUP_SKIP] fid=170576 all 1 vehicle(s) are duplicates — skip save
15:26:55 detection_processor.py:719 - [VEHICLE] conf=0.898 size=799×484px bbox=[1205,509,2004,994] detect_time=27ms
15:26:55 detection_manager.py:258 - [VEHICLE] fid=170576 conf=0.898 size=799×484px
15:26:55 detection_processor.py:2089 - [FRAME_SCORE] track=? | sharpness=0.255 (plate=0.000 frame=0.255) | conf=0.898 | area=0.130 | center=0.649 | SCORE=0.462
15:26:55 detection_processor.py:1719 - [TRACK_UPDATE] track=2 frame_count=34 score=0.527 plates=1 ocr_submitted=True
15:26:55 detection_processor.py:2163 - [DEDUP_SUMMARY] kept=1/1 tracks after deduplication
15:26:55 detection_manager.py:553 - [DEDUP_BLOCK] track=2 elapsed=2.4s < 30.0s prev='' — skip
15:26:55 detection_manager.py:353 - [TRACKING] fid=170576 active=1 filtered=1 eligible=0
15:26:55 detection_manager.py:357 - [DEDUP_SKIP] fid=170576 all 1 vehicle(s) are duplicates — skip save
15:26:55 detection_processor.py:719 - [VEHICLE] conf=0.898 size=783×467px bbox=[1241,515,2025,983] detect_time=37ms
15:26:55 detection_manager.py:258 - [VEHICLE] fid=170576 conf=0.898 size=783×467px
15:26:55 detection_processor.py:2089 - [FRAME_SCORE] track=? | sharpness=0.229 (plate=0.000 frame=0.229) | conf=0.898 | area=0.123 | center=0.628 | SCORE=0.448
15:26:55 detection_processor.py:1719 - [TRACK_UPDATE] track=2 frame_count=35 score=0.527 plates=1 ocr_submitted=True
15:26:55 detection_processor.py:2163 - [DEDUP_SUMMARY] kept=1/1 tracks after deduplication
15:26:55 detection_manager.py:553 - [DEDUP_BLOCK] track=2 elapsed=2.6s < 30.0s prev='' — skip
15:26:55 detection_manager.py:353 - [TRACKING] fid=170576 active=1 filtered=1 eligible=0
15:26:55 detection_manager.py:357 - [DEDUP_SKIP] fid=170576 all 1 vehicle(s) are duplicates — skip save
15:26:55 detection_processor.py:719 - [VEHICLE] conf=0.898 size=784×461px bbox=[1253,518,2037,980] detect_time=27ms
15:26:55 detection_manager.py:258 - [VEHICLE] fid=170576 conf=0.898 size=784×461px
15:26:55 detection_processor.py:2089 - [FRAME_SCORE] track=? | sharpness=0.256 (plate=0.000 frame=0.256) | conf=0.898 | area=0.121 | center=0.619 | SCORE=0.458
15:26:55 detection_processor.py:1719 - [TRACK_UPDATE] track=2 frame_count=36 score=0.527 plates=1 ocr_submitted=True
15:26:55 detection_processor.py:2163 - [DEDUP_SUMMARY] kept=1/1 tracks after deduplication
15:26:55 detection_manager.py:553 - [DEDUP_BLOCK] track=2 elapsed=2.8s < 30.0s prev='' — skip
15:26:55 detection_manager.py:353 - [TRACKING] fid=170576 active=1 filtered=1 eligible=0
15:26:55 detection_manager.py:357 - [DEDUP_SKIP] fid=170576 all 1 vehicle(s) are duplicates — skip save
15:26:55 detection_processor.py:719 - [VEHICLE] conf=0.898 size=799×454px bbox=[1253,522,2052,976] detect_time=27ms
15:26:55 detection_manager.py:258 - [VEHICLE] fid=170576 conf=0.898 size=799×454px
15:26:55 detection_processor.py:2089 - [FRAME_SCORE] track=? | sharpness=0.257 (plate=0.000 frame=0.257) | conf=0.898 | area=0.122 | center=0.614 | SCORE=0.458
15:26:55 detection_processor.py:1719 - [TRACK_UPDATE] track=2 frame_count=37 score=0.527 plates=1 ocr_submitted=True
15:26:55 detection_processor.py:2163 - [DEDUP_SUMMARY] kept=1/1 tracks after deduplication
15:26:55 detection_manager.py:553 - [DEDUP_BLOCK] track=2 elapsed=3.0s < 30.0s prev='' — skip
15:26:55 detection_manager.py:353 - [TRACKING] fid=170576 active=1 filtered=1 eligible=0
15:26:55 detection_manager.py:357 - [DEDUP_SKIP] fid=170576 all 1 vehicle(s) are duplicates — skip save
15:26:56 detection_processor.py:719 - [VEHICLE] conf=0.898 size=802×441px bbox=[1251,526,2053,967] detect_time=44ms
15:26:56 detection_manager.py:258 - [VEHICLE] fid=170576 conf=0.898 size=802×441px
15:26:56 detection_processor.py:2089 - [FRAME_SCORE] track=? | sharpness=0.261 (plate=0.000 frame=0.261) | conf=0.898 | area=0.119 | center=0.614 | SCORE=0.459
15:26:56 detection_processor.py:1719 - [TRACK_UPDATE] track=2 frame_count=38 score=0.527 plates=1 ocr_submitted=True
15:26:56 detection_processor.py:2163 - [DEDUP_SUMMARY] kept=1/1 tracks after deduplication
15:26:56 detection_manager.py:553 - [DEDUP_BLOCK] track=2 elapsed=3.2s < 30.0s prev='' — skip
15:26:56 detection_manager.py:353 - [TRACKING] fid=170576 active=1 filtered=1 eligible=0
15:26:56 detection_manager.py:357 - [DEDUP_SKIP] fid=170576 all 1 vehicle(s) are duplicates — skip save
15:26:56 detection_processor.py:719 - [VEHICLE] conf=0.898 size=811×429px bbox=[1240,523,2051,952] detect_time=22ms
15:26:56 detection_manager.py:258 - [VEHICLE] fid=933168 conf=0.898 size=811×429px
15:26:56 detection_processor.py:2089 - [FRAME_SCORE] track=? | sharpness=0.264 (plate=0.000 frame=0.264) | conf=0.898 | area=0.117 | center=0.620 | SCORE=0.460
15:26:56 detection_processor.py:1719 - [TRACK_UPDATE] track=2 frame_count=39 score=0.527 plates=1 ocr_submitted=True
15:26:56 detection_processor.py:2163 - [DEDUP_SUMMARY] kept=1/1 tracks after deduplication
15:26:56 detection_manager.py:553 - [DEDUP_BLOCK] track=2 elapsed=3.4s < 30.0s prev='' — skip
15:26:56 detection_manager.py:353 - [TRACKING] fid=933168 active=1 filtered=1 eligible=0
15:26:56 detection_manager.py:357 - [DEDUP_SKIP] fid=933168 all 1 vehicle(s) are duplicates — skip save
15:26:56 detection_processor.py:719 - [VEHICLE] conf=0.898 size=819×422px bbox=[1237,525,2057,947] detect_time=27ms
15:26:56 detection_manager.py:258 - [VEHICLE] fid=934416 conf=0.898 size=819×422px
15:26:56 detection_processor.py:2089 - [FRAME_SCORE] track=? | sharpness=0.264 (plate=0.000 frame=0.264) | conf=0.898 | area=0.116 | center=0.620 | SCORE=0.460
15:26:56 detection_processor.py:1719 - [TRACK_UPDATE] track=2 frame_count=40 score=0.527 plates=1 ocr_submitted=True
15:26:56 detection_processor.py:2163 - [DEDUP_SUMMARY] kept=1/1 tracks after deduplication
15:26:56 detection_manager.py:553 - [DEDUP_BLOCK] track=2 elapsed=3.6s < 30.0s prev='' — skip
15:26:56 detection_manager.py:353 - [TRACKING] fid=934416 active=1 filtered=1 eligible=0
15:26:56 detection_manager.py:357 - [DEDUP_SKIP] fid=934416 all 1 vehicle(s) are duplicates — skip save
15:26:56 detection_processor.py:719 - [VEHICLE] conf=0.898 size=819×415px bbox=[1226,525,2046,940] detect_time=27ms
15:26:56 detection_manager.py:258 - [VEHICLE] fid=935184 conf=0.898 size=819×415px
15:26:56 detection_processor.py:2089 - [FRAME_SCORE] track=? | sharpness=0.262 (plate=0.000 frame=0.262) | conf=0.898 | area=0.114 | center=0.628 | SCORE=0.460
15:26:56 detection_processor.py:1719 - [TRACK_UPDATE] track=2 frame_count=41 score=0.527 plates=1 ocr_submitted=True
15:26:56 detection_processor.py:2163 - [DEDUP_SUMMARY] kept=1/1 tracks after deduplication
15:26:56 detection_manager.py:553 - [DEDUP_BLOCK] track=2 elapsed=3.8s < 30.0s prev='' — skip
15:26:56 detection_manager.py:353 - [TRACKING] fid=935184 active=1 filtered=1 eligible=0
15:26:56 detection_manager.py:357 - [DEDUP_SKIP] fid=935184 all 1 vehicle(s) are duplicates — skip save
15:26:56 detection_processor.py:719 - [VEHICLE] conf=0.898 size=810×400px bbox=[1219,531,2029,931] detect_time=32ms
15:26:56 detection_manager.py:258 - [VEHICLE] fid=933168 conf=0.898 size=810×400px
15:26:56 detection_processor.py:2089 - [FRAME_SCORE] track=? | sharpness=0.263 (plate=0.000 frame=0.263) | conf=0.898 | area=0.109 | center=0.637 | SCORE=0.460
15:26:56 detection_processor.py:1719 - [TRACK_UPDATE] track=2 frame_count=42 score=0.527 plates=1 ocr_submitted=True
15:26:56 detection_processor.py:2163 - [DEDUP_SUMMARY] kept=1/1 tracks after deduplication
15:26:56 detection_manager.py:553 - [DEDUP_BLOCK] track=2 elapsed=4.0s < 30.0s prev='' — skip
15:26:56 detection_manager.py:353 - [TRACKING] fid=933168 active=1 filtered=1 eligible=0
15:26:56 detection_manager.py:357 - [DEDUP_SKIP] fid=933168 all 1 vehicle(s) are duplicates — skip save
15:26:56 ocr_queue_worker.py:280 - [OCR_RESULT] track=2 text='“ก oe . ay' valid=False conf=0.470 preprocess=7ms tesseract=4113ms total=4120ms queue_wait=-1781005902312ms
15:26:57 detection_processor.py:1676 - [OCR_DONE] ✅ track=2 text='“ก oe . ay' valid=False conf=0.470 method=tesseract e2e=4120ms (frame→OCR complete)
15:26:57 detection_manager.py:642 - [OCR_UPDATE] record=1830 plate='“ก oe . ay' conf=0.470 method=tesseract
15:26:57 detection_manager.py:222 - [OCR_FLUSH] fid=170576 1 result(s) flushed pending_remaining=0
15:26:57 detection_processor.py:719 - [VEHICLE] conf=0.885 size=796×389px bbox=[1216,536,2013,925] detect_time=18ms
15:26:57 detection_manager.py:258 - [VEHICLE] fid=170576 conf=0.885 size=796×389px
15:26:57 detection_processor.py:2089 - [FRAME_SCORE] track=? | sharpness=0.264 (plate=0.000 frame=0.264) | conf=0.885 | area=0.104 | center=0.645 | SCORE=0.456
15:26:57 detection_processor.py:1719 - [TRACK_UPDATE] track=2 frame_count=43 score=0.527 plates=1 ocr_submitted=True
15:26:57 detection_processor.py:2163 - [DEDUP_SUMMARY] kept=1/1 tracks after deduplication
15:26:57 detection_manager.py:553 - [DEDUP_BLOCK] track=2 elapsed=4.2s < 30.0s prev='' — skip
15:26:57 detection_manager.py:353 - [TRACKING] fid=170576 active=1 filtered=1 eligible=0
15:26:57 detection_manager.py:357 - [DEDUP_SKIP] fid=170576 all 1 vehicle(s) are duplicates — skip save
15:26:57 detection_processor.py:719 - [VEHICLE] conf=0.898 size=785×372px bbox=[1206,538,1992,910] detect_time=15ms
15:26:57 detection_manager.py:258 - [VEHICLE] fid=170576 conf=0.898 size=785×372px
15:26:57 detection_processor.py:2089 - [FRAME_SCORE] track=? | sharpness=0.254 (plate=0.000 frame=0.254) | conf=0.898 | area=0.098 | center=0.657 | SCORE=0.456
15:26:57 detection_processor.py:1719 - [TRACK_UPDATE] track=2 frame_count=44 score=0.527 plates=1 ocr_submitted=True
15:26:57 detection_processor.py:2163 - [DEDUP_SUMMARY] kept=1/1 tracks after deduplication
15:26:57 detection_manager.py:553 - [DEDUP_BLOCK] track=2 elapsed=4.3s < 30.0s prev='' — skip
15:26:57 detection_manager.py:353 - [TRACKING] fid=170576 active=1 filtered=1 eligible=0
15:26:57 detection_manager.py:357 - [DEDUP_SKIP] fid=170576 all 1 vehicle(s) are duplicates — skip save
15:26:57 detection_processor.py:719 - [VEHICLE] conf=0.885 size=762×372px bbox=[1205,538,1968,910] detect_time=20ms
15:26:57 detection_manager.py:258 - [VEHICLE] fid=170576 conf=0.885 size=762×372px
15:26:57 detection_processor.py:2089 - [FRAME_SCORE] track=? | sharpness=0.261 (plate=0.000 frame=0.261) | conf=0.885 | area=0.095 | center=0.666 | SCORE=0.456
15:26:57 detection_processor.py:1719 - [TRACK_UPDATE] track=2 frame_count=45 score=0.527 plates=1 ocr_submitted=True
15:26:57 detection_processor.py:2163 - [DEDUP_SUMMARY] kept=1/1 tracks after deduplication
15:26:57 detection_manager.py:553 - [DEDUP_BLOCK] track=2 elapsed=4.5s < 30.0s prev='' — skip
15:26:57 detection_manager.py:353 - [TRACKING] fid=170576 active=1 filtered=1 eligible=0
15:26:57 detection_manager.py:357 - [DEDUP_SKIP] fid=170576 all 1 vehicle(s) are duplicates — skip save
15:26:57 detection_processor.py:719 - [VEHICLE] conf=0.885 size=750×361px bbox=[1198,541,1948,902] detect_time=14ms
15:26:57 detection_manager.py:258 - [VEHICLE] fid=170576 conf=0.885 size=750×361px
15:26:57 detection_processor.py:2089 - [FRAME_SCORE] track=? | sharpness=0.268 (plate=0.000 frame=0.268) | conf=0.885 | area=0.091 | center=0.677 | SCORE=0.459
15:26:57 detection_processor.py:1719 - [TRACK_UPDATE] track=2 frame_count=46 score=0.527 plates=1 ocr_submitted=True
15:26:57 detection_processor.py:2163 - [DEDUP_SUMMARY] kept=1/1 tracks after deduplication
15:26:57 detection_manager.py:553 - [DEDUP_BLOCK] track=2 elapsed=4.7s < 30.0s prev='' — skip
15:26:57 detection_manager.py:353 - [TRACKING] fid=170576 active=1 filtered=1 eligible=0
15:26:57 detection_manager.py:357 - [DEDUP_SKIP] fid=170576 all 1 vehicle(s) are duplicates — skip save
15:26:57 detection_processor.py:714 - 🚗 Vehicles detected: 0 (filtered from 1)
15:27:10 detection_processor.py:714 - 🚗 Vehicles detected: 1 (filtered from 1)
15:27:10 detection_processor.py:719 - [VEHICLE] conf=0.885 size=681×461px bbox=[1054,515,1735,976] detect_time=21ms
15:27:10 detection_manager.py:258 - [VEHICLE] fid=170576 conf=0.885 size=681×461px
15:27:10 detection_processor.py:2089 - [FRAME_SCORE] track=? | sharpness=0.265 (plate=0.000 frame=0.265) | conf=0.885 | area=0.105 | center=0.802 | SCORE=0.473
15:27:10 detection_processor.py:1719 - [TRACK_UPDATE] track=2 frame_count=47 score=0.527 plates=1 ocr_submitted=True
15:27:10 detection_processor.py:2163 - [DEDUP_SUMMARY] kept=1/1 tracks after deduplication
15:27:10 detection_manager.py:553 - [DEDUP_BLOCK] track=2 elapsed=17.7s < 30.0s prev='' — skip
15:27:10 detection_manager.py:353 - [TRACKING] fid=170576 active=1 filtered=1 eligible=0
15:27:10 detection_manager.py:357 - [DEDUP_SKIP] fid=170576 all 1 vehicle(s) are duplicates — skip save
15:27:10 detection_processor.py:719 - [VEHICLE] conf=0.898 size=728×482px bbox=[1021,511,1749,994] detect_time=20ms
15:27:10 detection_manager.py:258 - [VEHICLE] fid=170576 conf=0.898 size=728×482px
15:27:10 detection_processor.py:2089 - [FRAME_SCORE] track=? | sharpness=0.260 (plate=0.000 frame=0.260) | conf=0.898 | area=0.118 | center=0.807 | SCORE=0.478
15:27:10 detection_processor.py:1719 - [TRACK_UPDATE] track=2 frame_count=48 score=0.527 plates=1 ocr_submitted=True
15:27:10 detection_processor.py:2163 - [DEDUP_SUMMARY] kept=1/1 tracks after deduplication
15:27:10 detection_manager.py:553 - [DEDUP_BLOCK] track=2 elapsed=17.8s < 30.0s prev='' — skip
15:27:10 detection_manager.py:353 - [TRACKING] fid=170576 active=1 filtered=1 eligible=0
15:27:10 detection_manager.py:357 - [DEDUP_SKIP] fid=170576 all 1 vehicle(s) are duplicates — skip save
15:27:10 detection_processor.py:719 - [VEHICLE] conf=0.898 size=776×486px bbox=[977,507,1753,994] detect_time=19ms
15:27:10 detection_manager.py:258 - [VEHICLE] fid=170576 conf=0.898 size=776×486px
15:27:10 detection_processor.py:2089 - [FRAME_SCORE] track=? | sharpness=0.252 (plate=0.000 frame=0.252) | conf=0.898 | area=0.127 | center=0.821 | SCORE=0.477
15:27:10 detection_processor.py:1719 - [TRACK_UPDATE] track=2 frame_count=49 score=0.527 plates=1 ocr_submitted=True
15:27:10 detection_processor.py:2163 - [DEDUP_SUMMARY] kept=1/1 tracks after deduplication
15:27:10 detection_manager.py:553 - [DEDUP_BLOCK] track=2 elapsed=18.0s < 30.0s prev='' — skip
15:27:10 detection_manager.py:353 - [TRACKING] fid=170576 active=1 filtered=1 eligible=0
15:27:10 detection_manager.py:357 - [DEDUP_SKIP] fid=170576 all 1 vehicle(s) are duplicates — skip save
15:27:11 detection_processor.py:719 - [VEHICLE] conf=0.898 size=817×516px bbox=[920,495,1737,1012] detect_time=18ms
15:27:11 detection_manager.py:258 - [VEHICLE] fid=170576 conf=0.898 size=817×516px
15:27:11 detection_processor.py:2089 - [FRAME_SCORE] track=? | sharpness=0.255 (plate=0.000 frame=0.255) | conf=0.898 | area=0.141 | center=0.844 | SCORE=0.484
15:27:11 detection_processor.py:1719 - [TRACK_UPDATE] track=2 frame_count=50 score=0.527 plates=1 ocr_submitted=True
15:27:11 detection_processor.py:2163 - [DEDUP_SUMMARY] kept=1/1 tracks after deduplication
15:27:11 detection_manager.py:553 - [DEDUP_BLOCK] track=2 elapsed=18.2s < 30.0s prev='' — skip
15:27:11 detection_manager.py:353 - [TRACKING] fid=170576 active=1 filtered=1 eligible=0
15:27:11 detection_manager.py:357 - [DEDUP_SKIP] fid=170576 all 1 vehicle(s) are duplicates — skip save
15:27:11 detection_processor.py:719 - [VEHICLE] conf=0.898 size=872×560px bbox=[840,487,1712,1047] detect_time=24ms
15:27:11 detection_manager.py:258 - [VEHICLE] fid=170576 conf=0.898 size=872×560px
15:27:11 detection_processor.py:2089 - [FRAME_SCORE] track=? | sharpness=0.251 (plate=0.000 frame=0.251) | conf=0.898 | area=0.164 | center=0.870 | SCORE=0.490
15:27:11 detection_processor.py:1719 - [TRACK_UPDATE] track=2 frame_count=51 score=0.527 plates=1 ocr_submitted=True
15:27:11 detection_processor.py:2163 - [DEDUP_SUMMARY] kept=1/1 tracks after deduplication
15:27:11 detection_manager.py:553 - [DEDUP_BLOCK] track=2 elapsed=18.4s < 30.0s prev='' — skip
15:27:11 detection_manager.py:353 - [TRACKING] fid=170576 active=1 filtered=1 eligible=0
15:27:11 detection_manager.py:357 - [DEDUP_SKIP] fid=170576 all 1 vehicle(s) are duplicates — skip save
15:27:11 detection_processor.py:719 - [VEHICLE] conf=0.898 size=966×638px bbox=[716,455,1683,1093] detect_time=18ms
15:27:11 detection_manager.py:258 - [VEHICLE] fid=170576 conf=0.898 size=966×638px
15:27:11 detection_processor.py:2089 - [FRAME_SCORE] track=? | sharpness=0.242 (plate=0.000 frame=0.242) | conf=0.898 | area=0.207 | center=0.898 | SCORE=0.497
15:27:11 detection_processor.py:1719 - [TRACK_UPDATE] track=2 frame_count=52 score=0.527 plates=1 ocr_submitted=True
15:27:11 detection_processor.py:2163 - [DEDUP_SUMMARY] kept=1/1 tracks after deduplication
15:27:11 detection_manager.py:553 - [DEDUP_BLOCK] track=2 elapsed=18.5s < 30.0s prev='' — skip
15:27:11 detection_manager.py:353 - [TRACKING] fid=170576 active=1 filtered=1 eligible=0
15:27:11 detection_manager.py:357 - [DEDUP_SKIP] fid=170576 all 1 vehicle(s) are duplicates — skip save
15:27:11 detection_processor.py:719 - [VEHICLE] conf=0.898 size=1060×667px bbox=[582,450,1642,1118] detect_time=19ms
15:27:11 detection_manager.py:258 - [VEHICLE] fid=170576 conf=0.898 size=1060×667px
15:27:11 detection_processor.py:2089 - [FRAME_SCORE] track=? | sharpness=0.230 (plate=0.000 frame=0.230) | conf=0.898 | area=0.237 | center=0.893 | SCORE=0.498
15:27:11 detection_processor.py:1719 - [TRACK_UPDATE] track=2 frame_count=53 score=0.527 plates=1 ocr_submitted=True
15:27:11 detection_processor.py:2163 - [DEDUP_SUMMARY] kept=1/1 tracks after deduplication
15:27:11 detection_manager.py:553 - [DEDUP_BLOCK] track=2 elapsed=18.7s < 30.0s prev='' — skip
15:27:11 detection_manager.py:353 - [TRACKING] fid=170576 active=1 filtered=1 eligible=0
15:27:11 detection_manager.py:357 - [DEDUP_SKIP] fid=170576 all 1 vehicle(s) are duplicates — skip save
15:27:11 detection_processor.py:719 - [VEHICLE] conf=0.898 size=1178×702px bbox=[432,444,1611,1147] detect_time=19ms
15:27:11 detection_manager.py:258 - [VEHICLE] fid=170576 conf=0.898 size=1178×702px
15:27:11 detection_processor.py:2089 - [FRAME_SCORE] track=? | sharpness=0.229 (plate=0.000 frame=0.229) | conf=0.898 | area=0.277 | center=0.851 | SCORE=0.501
15:27:11 detection_processor.py:1719 - [TRACK_UPDATE] track=2 frame_count=54 score=0.527 plates=1 ocr_submitted=True
15:27:11 detection_processor.py:2163 - [DEDUP_SUMMARY] kept=1/1 tracks after deduplication
15:27:11 detection_manager.py:553 - [DEDUP_BLOCK] track=2 elapsed=18.9s < 30.0s prev='' — skip
15:27:11 detection_manager.py:353 - [TRACKING] fid=170576 active=1 filtered=1 eligible=0
15:27:11 detection_manager.py:357 - [DEDUP_SKIP] fid=170576 all 1 vehicle(s) are duplicates — skip save
15:27:11 detection_processor.py:719 - [VEHICLE] conf=0.898 size=1343×751px bbox=[264,432,1607,1183] detect_time=23ms
15:27:11 detection_manager.py:258 - [VEHICLE] fid=170576 conf=0.898 size=1343×751px
15:27:11 detection_processor.py:2089 - [FRAME_SCORE] track=? | sharpness=0.221 (plate=0.000 frame=0.221) | conf=0.898 | area=0.338 | center=0.796 | SCORE=0.505
15:27:11 detection_processor.py:1719 - [TRACK_UPDATE] track=2 frame_count=55 score=0.527 plates=1 ocr_submitted=True
15:27:11 detection_processor.py:2163 - [DEDUP_SUMMARY] kept=1/1 tracks after deduplication
15:27:11 detection_manager.py:553 - [DEDUP_BLOCK] track=2 elapsed=19.0s < 30.0s prev='' — skip
15:27:11 detection_manager.py:353 - [TRACKING] fid=170576 active=1 filtered=1 eligible=0
15:27:11 detection_manager.py:357 - [DEDUP_SKIP] fid=170576 all 1 vehicle(s) are duplicates — skip save
15:27:12 detection_processor.py:719 - [VEHICLE] conf=0.898 size=1516×805px bbox=[77,410,1593,1216] detect_time=21ms
15:27:12 detection_manager.py:258 - [VEHICLE] fid=170576 conf=0.898 size=1516×805px
15:27:12 detection_processor.py:2089 - [FRAME_SCORE] track=? | sharpness=0.190 (plate=0.000 frame=0.190) | conf=0.898 | area=0.409 | center=0.729 | SCORE=0.500
15:27:12 detection_processor.py:1719 - [TRACK_UPDATE] track=2 frame_count=56 score=0.527 plates=1 ocr_submitted=True
15:27:12 detection_processor.py:2163 - [DEDUP_SUMMARY] kept=1/1 tracks after deduplication
15:27:12 detection_manager.py:553 - [DEDUP_BLOCK] track=2 elapsed=19.2s < 30.0s prev='' — skip
15:27:12 detection_manager.py:353 - [TRACKING] fid=170576 active=1 filtered=1 eligible=0
15:27:12 detection_manager.py:357 - [DEDUP_SKIP] fid=170576 all 1 vehicle(s) are duplicates — skip save
15:27:12 detection_processor.py:719 - [VEHICLE] conf=0.898 size=1583×849px bbox=[1,399,1584,1249] detect_time=22ms
15:27:12 detection_manager.py:258 - [VEHICLE] fid=170576 conf=0.898 size=1583×849px
15:27:12 detection_processor.py:2089 - [FRAME_SCORE] track=? | sharpness=0.179 (plate=0.000 frame=0.179) | conf=0.898 | area=0.451 | center=0.697 | SCORE=0.501
15:27:12 detection_processor.py:1719 - [TRACK_UPDATE] track=2 frame_count=57 score=0.527 plates=1 ocr_submitted=True
15:27:12 detection_processor.py:2163 - [DEDUP_SUMMARY] kept=1/1 tracks after deduplication
15:27:12 detection_manager.py:553 - [DEDUP_BLOCK] track=2 elapsed=19.4s < 30.0s prev='' — skip
15:27:12 detection_manager.py:353 - [TRACKING] fid=170576 active=1 filtered=1 eligible=0
15:27:12 detection_manager.py:357 - [DEDUP_SKIP] fid=170576 all 1 vehicle(s) are duplicates — skip save
15:27:12 detection_processor.py:719 - [VEHICLE] conf=0.898 size=1569×900px bbox=[1,386,1570,1287] detect_time=22ms
15:27:12 detection_manager.py:258 - [VEHICLE] fid=934512 conf=0.898 size=1569×900px
15:27:12 detection_processor.py:2089 - [FRAME_SCORE] track=? | sharpness=0.179 (plate=0.000 frame=0.179) | conf=0.898 | area=0.473 | center=0.688 | SCORE=0.505
15:27:12 detection_processor.py:1719 - [TRACK_UPDATE] track=2 frame_count=58 score=0.527 plates=1 ocr_submitted=True
15:27:12 detection_processor.py:2163 - [DEDUP_SUMMARY] kept=1/1 tracks after deduplication
15:27:12 detection_manager.py:553 - [DEDUP_BLOCK] track=2 elapsed=19.6s < 30.0s prev='' — skip
15:27:12 detection_manager.py:353 - [TRACKING] fid=934512 active=1 filtered=1 eligible=0
15:27:12 detection_manager.py:357 - [DEDUP_SKIP] fid=934512 all 1 vehicle(s) are duplicates — skip save
15:27:12 detection_processor.py:719 - [VEHICLE] conf=0.898 size=1563×932px bbox=[1,363,1564,1296] detect_time=19ms
15:27:12 detection_manager.py:258 - [VEHICLE] fid=170576 conf=0.898 size=1563×932px
15:27:12 detection_processor.py:2089 - [FRAME_SCORE] track=? | sharpness=0.209 (plate=0.000 frame=0.209) | conf=0.898 | area=0.488 | center=0.688 | SCORE=0.520
15:27:12 detection_processor.py:1719 - [TRACK_UPDATE] track=2 frame_count=59 score=0.527 plates=1 ocr_submitted=True
15:27:12 detection_processor.py:2163 - [DEDUP_SUMMARY] kept=1/1 tracks after deduplication
15:27:12 detection_manager.py:553 - [DEDUP_BLOCK] track=2 elapsed=19.7s < 30.0s prev='' — skip
15:27:12 detection_manager.py:353 - [TRACKING] fid=170576 active=1 filtered=1 eligible=0
15:27:12 detection_manager.py:357 - [DEDUP_SKIP] fid=170576 all 1 vehicle(s) are duplicates — skip save
15:27:12 detection_processor.py:719 - [VEHICLE] conf=0.898 size=1544×942px bbox=[0,343,1544,1286] detect_time=15ms
15:27:12 detection_manager.py:258 - [VEHICLE] fid=170576 conf=0.898 size=1544×942px
15:27:12 detection_processor.py:2089 - [FRAME_SCORE] track=? | sharpness=0.229 (plate=0.000 frame=0.229) | conf=0.898 | area=0.488 | center=0.686 | SCORE=0.527
15:27:12 detection_processor.py:1719 - [TRACK_UPDATE] track=2 frame_count=60 score=0.527 plates=1 ocr_submitted=True
15:27:12 detection_processor.py:2163 - [DEDUP_SUMMARY] kept=1/1 tracks after deduplication
15:27:12 detection_manager.py:553 - [DEDUP_BLOCK] track=2 elapsed=19.9s < 30.0s prev='' — skip
15:27:12 detection_manager.py:353 - [TRACKING] fid=170576 active=1 filtered=1 eligible=0
15:27:12 detection_manager.py:357 - [DEDUP_SKIP] fid=170576 all 1 vehicle(s) are duplicates — skip save
15:27:12 detection_processor.py:719 - [VEHICLE] conf=0.898 size=1520×954px bbox=[0,318,1520,1273] detect_time=19ms
15:27:12 detection_manager.py:258 - [VEHICLE] fid=170576 conf=0.898 size=1520×954px
15:27:13 detection_processor.py:2089 - [FRAME_SCORE] track=? | sharpness=0.229 (plate=0.000 frame=0.229) | conf=0.898 | area=0.486 | center=0.683 | SCORE=0.526
15:27:13 detection_processor.py:1719 - [TRACK_UPDATE] track=2 frame_count=61 score=0.527 plates=1 ocr_submitted=True
15:27:13 detection_processor.py:2163 - [DEDUP_SUMMARY] kept=1/1 tracks after deduplication
15:27:13 detection_manager.py:553 - [DEDUP_BLOCK] track=2 elapsed=20.1s < 30.0s prev='' — skip
15:27:13 detection_manager.py:353 - [TRACKING] fid=170576 active=1 filtered=1 eligible=0
15:27:13 detection_manager.py:357 - [DEDUP_SKIP] fid=170576 all 1 vehicle(s) are duplicates — skip save
15:27:13 detection_processor.py:719 - [VEHICLE] conf=0.898 size=1484×956px bbox=[1,298,1485,1254] detect_time=15ms
15:27:13 detection_manager.py:258 - [VEHICLE] fid=170576 conf=0.898 size=1484×956px
15:27:13 detection_processor.py:2089 - [FRAME_SCORE] track=? | sharpness=0.225 (plate=0.000 frame=0.225) | conf=0.898 | area=0.475 | center=0.676 | SCORE=0.522
15:27:13 detection_processor.py:1719 - [TRACK_UPDATE] track=2 frame_count=62 score=0.527 plates=1 ocr_submitted=True
15:27:13 detection_processor.py:2163 - [DEDUP_SUMMARY] kept=1/1 tracks after deduplication
15:27:13 detection_manager.py:553 - [DEDUP_BLOCK] track=2 elapsed=20.2s < 30.0s prev='' — skip
15:27:13 detection_manager.py:353 - [TRACKING] fid=170576 active=1 filtered=1 eligible=0
15:27:13 detection_manager.py:357 - [DEDUP_SKIP] fid=170576 all 1 vehicle(s) are duplicates — skip save
15:27:13 detection_processor.py:719 - [VEHICLE] conf=0.898 size=1453×926px bbox=[1,284,1454,1210] detect_time=18ms
15:27:13 detection_manager.py:258 - [VEHICLE] fid=170576 conf=0.898 size=1453×926px
15:27:13 detection_processor.py:2089 - [FRAME_SCORE] track=? | sharpness=0.210 (plate=0.000 frame=0.210) | conf=0.898 | area=0.451 | center=0.670 | SCORE=0.510
15:27:13 detection_processor.py:1719 - [TRACK_UPDATE] track=2 frame_count=63 score=0.527 plates=1 ocr_submitted=True
15:27:13 detection_processor.py:2163 - [DEDUP_SUMMARY] kept=1/1 tracks after deduplication
15:27:13 detection_manager.py:553 - [DEDUP_BLOCK] track=2 elapsed=20.4s < 30.0s prev='' — skip
15:27:13 detection_manager.py:353 - [TRACKING] fid=170576 active=1 filtered=1 eligible=0
15:27:13 detection_manager.py:357 - [DEDUP_SKIP] fid=170576 all 1 vehicle(s) are duplicates — skip save
15:27:13 detection_processor.py:719 - [VEHICLE] conf=0.885 size=1414×959px bbox=[1,265,1415,1224] detect_time=19ms
15:27:13 detection_manager.py:258 - [VEHICLE] fid=170576 conf=0.885 size=1414×959px
15:27:13 detection_processor.py:2089 - [FRAME_SCORE] track=? | sharpness=0.204 (plate=0.000 frame=0.204) | conf=0.885 | area=0.454 | center=0.656 | SCORE=0.504
15:27:13 detection_processor.py:1719 - [TRACK_UPDATE] track=2 frame_count=64 score=0.527 plates=1 ocr_submitted=True
15:27:13 detection_processor.py:2163 - [DEDUP_SUMMARY] kept=1/1 tracks after deduplication
15:27:13 detection_manager.py:553 - [DEDUP_BLOCK] track=2 elapsed=20.6s < 30.0s prev='' — skip
15:27:13 detection_manager.py:353 - [TRACKING] fid=170576 active=1 filtered=1 eligible=0
15:27:13 detection_manager.py:357 - [DEDUP_SKIP] fid=170576 all 1 vehicle(s) are duplicates — skip save
15:27:13 detection_processor.py:719 - [VEHICLE] conf=0.885 size=1370×957px bbox=[3,244,1373,1202] detect_time=18ms
15:27:13 detection_manager.py:258 - [VEHICLE] fid=170576 conf=0.885 size=1370×957px
15:27:13 detection_processor.py:2089 - [FRAME_SCORE] track=? | sharpness=0.206 (plate=0.000 frame=0.206) | conf=0.885 | area=0.439 | center=0.644 | SCORE=0.500
15:27:13 detection_processor.py:1719 - [TRACK_UPDATE] track=2 frame_count=65 score=0.527 plates=1 ocr_submitted=True
15:27:13 detection_processor.py:2163 - [DEDUP_SUMMARY] kept=1/1 tracks after deduplication
15:27:13 detection_manager.py:553 - [DEDUP_BLOCK] track=2 elapsed=20.7s < 30.0s prev='' — skip
15:27:13 detection_manager.py:353 - [TRACKING] fid=170576 active=1 filtered=1 eligible=0
15:27:13 detection_manager.py:357 - [DEDUP_SKIP] fid=170576 all 1 vehicle(s) are duplicates — skip save
15:27:13 detection_processor.py:719 - [VEHICLE] conf=0.885 size=1304×1000px bbox=[4,223,1309,1223] detect_time=17ms
15:27:13 detection_manager.py:258 - [VEHICLE] fid=170576 conf=0.885 size=1304×1000px
15:27:13 detection_processor.py:2089 - [FRAME_SCORE] track=? | sharpness=0.207 (plate=0.000 frame=0.207) | conf=0.885 | area=0.437 | center=0.621 | SCORE=0.498
15:27:13 detection_processor.py:1719 - [TRACK_UPDATE] track=2 frame_count=66 score=0.527 plates=1 ocr_submitted=True
15:27:13 detection_processor.py:2163 - [DEDUP_SUMMARY] kept=1/1 tracks after deduplication
15:27:13 detection_manager.py:553 - [DEDUP_BLOCK] track=2 elapsed=20.9s < 30.0s prev='' — skip
15:27:13 detection_manager.py:353 - [TRACKING] fid=170576 active=1 filtered=1 eligible=0
15:27:13 detection_manager.py:357 - [DEDUP_SKIP] fid=170576 all 1 vehicle(s) are duplicates — skip save
15:27:13 detection_processor.py:719 - [VEHICLE] conf=0.885 size=1243×1012px bbox=[1,212,1244,1225] detect_time=16ms
15:27:13 detection_manager.py:258 - [VEHICLE] fid=170576 conf=0.885 size=1243×1012px
15:27:14 detection_processor.py:2089 - [FRAME_SCORE] track=? | sharpness=0.215 (plate=0.000 frame=0.215) | conf=0.885 | area=0.422 | center=0.596 | SCORE=0.496
15:27:14 detection_processor.py:1719 - [TRACK_UPDATE] track=2 frame_count=67 score=0.527 plates=1 ocr_submitted=True
15:27:14 detection_processor.py:2163 - [DEDUP_SUMMARY] kept=1/1 tracks after deduplication
15:27:14 detection_manager.py:553 - [DEDUP_BLOCK] track=2 elapsed=21.1s < 30.0s prev='' — skip
15:27:14 detection_manager.py:353 - [TRACKING] fid=170576 active=1 filtered=1 eligible=0
15:27:14 detection_manager.py:357 - [DEDUP_SKIP] fid=170576 all 1 vehicle(s) are duplicates — skip save
15:27:14 detection_processor.py:719 - [VEHICLE] conf=0.898 size=1167×1034px bbox=[0,176,1167,1211] detect_time=17ms
15:27:14 detection_manager.py:258 - [VEHICLE] fid=170576 conf=0.898 size=1167×1034px
15:27:14 detection_processor.py:2089 - [FRAME_SCORE] track=? | sharpness=0.211 (plate=0.000 frame=0.211) | conf=0.898 | area=0.405 | center=0.569 | SCORE=0.491
15:27:14 detection_processor.py:1719 - [TRACK_UPDATE] track=2 frame_count=68 score=0.527 plates=1 ocr_submitted=True
15:27:14 detection_processor.py:2163 - [DEDUP_SUMMARY] kept=1/1 tracks after deduplication
15:27:14 detection_manager.py:553 - [DEDUP_BLOCK] track=2 elapsed=21.2s < 30.0s prev='' — skip
15:27:14 detection_manager.py:353 - [TRACKING] fid=170576 active=1 filtered=1 eligible=0
15:27:14 detection_manager.py:357 - [DEDUP_SKIP] fid=170576 all 1 vehicle(s) are duplicates — skip save
15:27:14 detection_processor.py:719 - [VEHICLE] conf=0.885 size=1093×1049px bbox=[0,145,1094,1195] detect_time=17ms
15:27:14 detection_manager.py:258 - [VEHICLE] fid=170576 conf=0.885 size=1093×1049px
15:27:14 detection_processor.py:2089 - [FRAME_SCORE] track=? | sharpness=0.202 (plate=0.000 frame=0.202) | conf=0.885 | area=0.384 | center=0.542 | SCORE=0.478
15:27:14 detection_processor.py:1719 - [TRACK_UPDATE] track=2 frame_count=69 score=0.527 plates=1 ocr_submitted=True
15:27:14 detection_processor.py:2163 - [DEDUP_SUMMARY] kept=1/1 tracks after deduplication
15:27:14 detection_manager.py:553 - [DEDUP_BLOCK] track=2 elapsed=21.4s < 30.0s prev='' — skip
15:27:14 detection_manager.py:353 - [TRACKING] fid=170576 active=1 filtered=1 eligible=0
15:27:14 detection_manager.py:357 - [DEDUP_SKIP] fid=170576 all 1 vehicle(s) are duplicates — skip save
15:27:14 detection_processor.py:719 - [VEHICLE] conf=0.885 size=1000×1032px bbox=[0,148,1001,1181] detect_time=21ms
15:27:14 detection_manager.py:258 - [VEHICLE] fid=170576 conf=0.885 size=1000×1032px
15:27:14 detection_processor.py:2089 - [FRAME_SCORE] track=? | sharpness=0.196 (plate=0.000 frame=0.196) | conf=0.885 | area=0.346 | center=0.507 | SCORE=0.464
15:27:14 detection_processor.py:1719 - [TRACK_UPDATE] track=2 frame_count=70 score=0.527 plates=1 ocr_submitted=True
15:27:14 detection_processor.py:2163 - [DEDUP_SUMMARY] kept=1/1 tracks after deduplication
15:27:14 detection_manager.py:553 - [DEDUP_BLOCK] track=2 elapsed=21.6s < 30.0s prev='' — skip
15:27:14 detection_manager.py:353 - [TRACKING] fid=170576 active=1 filtered=1 eligible=0
15:27:14 detection_manager.py:357 - [DEDUP_SKIP] fid=170576 all 1 vehicle(s) are duplicates — skip save
15:27:14 detection_processor.py:719 - [VEHICLE] conf=0.885 size=894×1024px bbox=[0,142,894,1167] detect_time=19ms
15:27:14 detection_manager.py:258 - [VEHICLE] fid=170576 conf=0.885 size=894×1024px
15:27:14 detection_processor.py:2089 - [FRAME_SCORE] track=? | sharpness=0.189 (plate=0.000 frame=0.189) | conf=0.885 | area=0.307 | center=0.467 | SCORE=0.449
15:27:14 detection_processor.py:1719 - [TRACK_UPDATE] track=2 frame_count=71 score=0.527 plates=1 ocr_submitted=True
15:27:14 detection_processor.py:2163 - [DEDUP_SUMMARY] kept=1/1 tracks after deduplication
15:27:14 detection_manager.py:553 - [DEDUP_BLOCK] track=2 elapsed=21.7s < 30.0s prev='' — skip
15:27:14 detection_manager.py:353 - [TRACKING] fid=170576 active=1 filtered=1 eligible=0
15:27:14 detection_manager.py:357 - [DEDUP_SKIP] fid=170576 all 1 vehicle(s) are duplicates — skip save
15:27:14 detection_processor.py:719 - [VEHICLE] conf=0.840 size=799×981px bbox=[0,170,800,1152] detect_time=17ms
15:27:14 detection_manager.py:258 - [VEHICLE] fid=170576 conf=0.840 size=799×981px
15:27:14 detection_processor.py:2089 - [FRAME_SCORE] track=? | sharpness=0.201 (plate=0.000 frame=0.201) | conf=0.840 | area=0.263 | center=0.431 | SCORE=0.428
15:27:14 detection_processor.py:1719 - [TRACK_UPDATE] track=2 frame_count=72 score=0.527 plates=1 ocr_submitted=True
15:27:14 detection_processor.py:2163 - [DEDUP_SUMMARY] kept=1/1 tracks after deduplication
15:27:14 detection_manager.py:553 - [DEDUP_BLOCK] track=2 elapsed=21.9s < 30.0s prev='' — skip
15:27:14 detection_manager.py:353 - [TRACKING] fid=170576 active=1 filtered=1 eligible=0
15:27:14 detection_manager.py:357 - [DEDUP_SKIP] fid=170576 all 1 vehicle(s) are duplicates — skip save
15:27:14 detection_processor.py:719 - [VEHICLE] conf=0.872 size=682×991px bbox=[0,157,682,1149] detect_time=20ms
15:27:14 detection_manager.py:258 - [VEHICLE] fid=170576 conf=0.872 size=682×991px
15:27:15 detection_processor.py:2089 - [FRAME_SCORE] track=? | sharpness=0.212 (plate=0.000 frame=0.212) | conf=0.872 | area=0.227 | center=0.387 | SCORE=0.430
15:27:15 detection_processor.py:1719 - [TRACK_UPDATE] track=2 frame_count=73 score=0.527 plates=1 ocr_submitted=True
15:27:15 detection_processor.py:2163 - [DEDUP_SUMMARY] kept=1/1 tracks after deduplication
15:27:15 detection_manager.py:553 - [DEDUP_BLOCK] track=2 elapsed=22.1s < 30.0s prev='' — skip
15:27:15 detection_manager.py:353 - [TRACKING] fid=170576 active=1 filtered=1 eligible=0
15:27:15 detection_manager.py:357 - [DEDUP_SKIP] fid=170576 all 1 vehicle(s) are duplicates — skip save
15:27:15 detection_processor.py:714 - 🚗 Vehicles detected: 0 (filtered from 1)
15:27:17 websocket_sender.py:363 - Socket.IO disconnected
15:27:18 websocket_sender.py:358 - Socket.IO connected
15:27:18 websocket_sender.py:363 - Socket.IO disconnected
15:27:20 websocket_sender.py:358 - Socket.IO connected
15:27:27 websocket_sender.py:759 - Sent 1 detection records to server
15:27:28 websocket_sender.py:363 - Socket.IO disconnected
15:27:28 websocket_sender.py:743 - health_status send failed: / is not a connected namespace.
15:27:33 websocket_sender.py:358 - Socket.IO connected
15:28:18 websocket_sender.py:363 - Socket.IO disconnected
15:28:20 websocket_sender.py:358 - Socket.IO connected
15:28:20 websocket_sender.py:363 - Socket.IO disconnected
15:28:21 websocket_sender.py:358 - Socket.IO connected
15:28:28 mqtt_health_sender.py:118 - Sent 32 health record(s) via MQTT
15:28:30 health_monitor.py:725 - Health check started
15:28:31 health_monitor.py:777 - Health check completed: healthy
15:30:33 health_monitor.py:725 - Health check started
15:30:34 health_monitor.py:777 - Health check completed: healthy
15:32:35 health_monitor.py:725 - Health check started
15:32:36 health_monitor.py:777 - Health check completed: healthy
15:33:29 mqtt_health_sender.py:118 - Sent 33 health record(s) via MQTT
15:34:38 health_monitor.py:725 - Health check started
15:34:44 health_monitor.py:777 - Health check completed: healthy
15:34:57 websocket_sender.py:363 - Socket.IO disconnected
15:35:31 mqtt_client.py:34 - Disconnected from MQTT broker
15:35:31 mqtt_client.py:34 - Disconnected from MQTT broker
15:36:50 health_monitor.py:725 - Health check started
15:36:56 health_monitor.py:777 - Health check completed: healthy
15:38:34 mqtt_client.py:52 - Failed to connect to MQTT broker: timed out
15:38:55 websocket_sender.py:358 - Socket.IO connected
15:38:59 health_monitor.py:725 - Health check started
15:39:01 health_monitor.py:777 - Health check completed: healthy
15:40:14 mqtt_client.py:26 - Connected to MQTT broker at lprserver.tail605477.ts.net:1883
15:41:02 health_monitor.py:725 - Health check started
15:41:03 health_monitor.py:777 - Health check completed: healthy
15:41:26 camera_handler.py:1816 - Releasing all camera resources...
15:41:26 camera_handler.py:1760 - Stopping camera with resource cleanup...
15:41:29 camera_handler.py:1809 - Capture thread did not stop gracefully
15:41:29 camera_handler.py:1795 - Camera stopped successfully
15:41:29 camera_handler.py:1839 - All camera resources released
15:41:29 camera_handler.py:708 - Camera resources cleaned up on exit
15:42:44 logging_config.py:158 - Application Initialized
15:42:44 wsgi.py:90 - 📥 importing create_app
15:42:45 import_helper.py:55 - Found project root via parent search: /home/camuser/aicamera
15:42:45 logging_config.py:158 - Application Initialized
15:42:45 __init__.py:38 - Experiments blueprint imported (enabled in config)
15:42:45 __init__.py:54 - WebSocket Sender blueprint imported (enabled in config)
15:42:45 __init__.py:63 - Storage blueprint imported (enabled in config)
15:42:45 __init__.py:80 - MQTT Service blueprint imported
15:42:45 wsgi.py:94 - ✅ create_app imported
15:42:45 wsgi.py:96 - 🚀 calling create_app()
15:42:45 logging_config.py:158 - Application Initialized
15:42:45 app.py:482 - 🚀 === STARTING FLASK APP CREATION ===
15:42:45 app.py:483 - 🔧 [APP] create_app called
15:42:45 dependency_container.py:199 - WebSocket Sender registered (enabled in config)
15:42:45 dependency_container.py:213 - MQTT Health Sender registered (enabled in config)
15:42:45 dependency_container.py:233 - Storage Service registered (enabled in config)
15:42:45 dependency_container.py:249 - BrowserConnectionManager registered (tracking only)
15:42:45 dependency_container.py:100 - Experiment services registered successfully
15:42:45 app.py:522 - 🔧 [APP] create_app: dependency container initialized
15:42:45 base_server.py:112 - Server initialized for threading.
15:42:45 __init__.py:97 - 🔧 Registering blueprints with modular architecture...
15:42:45 __init__.py:100 - 📋 Registering core blueprints...
15:42:45 __init__.py:104 -    ✅ Main blueprint registered
15:42:45 __init__.py:107 -    ✅ Camera blueprint registered
15:42:45 __init__.py:110 -    ✅ Health blueprint registered
15:42:45 __init__.py:113 -    ✅ Streaming blueprint registered
15:42:45 __init__.py:116 -    ✅ Detection blueprint registered
15:42:45 __init__.py:119 -    ✅ Config blueprint registered
15:42:45 __init__.py:124 -    ✅ Experiments blueprint registered (enabled)
15:42:45 __init__.py:131 -    ✅ WebSocket blueprint registered
15:42:45 __init__.py:138 -    ✅ MQTT Service blueprint registered
15:42:45 __init__.py:143 - 🔌 Registering optional blueprints...
15:42:45 __init__.py:148 -    ✅ WebSocket Sender blueprint registered (enabled)
15:42:45 __init__.py:155 -    ✅ Storage blueprint registered (enabled)
15:42:45 __init__.py:160 - 📡 Registering WebSocket events...
15:42:45 __init__.py:164 -    ✅ Main events registered
15:42:45 camera.py:1406 - Registering camera WebSocket events with improved stability
15:42:45 camera.py:1675 - Browser connection tracking added (optional)
15:42:45 __init__.py:167 -    ✅ Camera events registered
15:42:45 detection.py:1035 - Detection WebSocket events registered
15:42:45 __init__.py:170 -    ✅ Detection events registered
15:42:45 __init__.py:173 -    ✅ Health events registered
15:42:45 __init__.py:176 -    ✅ Streaming events registered
15:42:45 __init__.py:179 -    ✅ Config events registered
15:42:45 __init__.py:184 -    ✅ Experiment events registered (enabled)
15:42:45 __init__.py:191 -    ✅ WebSocket events registered
15:42:45 __init__.py:195 -    ✅ WebSocket Sender events registered (enabled)
15:42:45 __init__.py:201 -    ✅ Storage events registered (enabled)
15:42:45 __init__.py:205 - 🎉 Blueprint registration completed successfully!
15:42:45 app.py:545 - 🔧 === ABOUT TO INITIALIZE SERVICES ===
15:42:45 app.py:107 - 🚀 Starting modular service initialization sequence...
15:42:45 app.py:119 - 🔐 Phase 0: Device Registration
15:42:45 app.py:125 - ℹ️ Device registration disabled by configuration
15:42:45 app.py:172 - 📋 Phase 1: Core Infrastructure
15:42:45 app.py:175 - ✅ Core infrastructure ready
15:42:45 app.py:182 - 🔧 Phase 2: Core Components
15:42:45 camera_handler.py:765 - CameraHandler singleton initialized
15:42:45 app.py:188 - ✅ Camera Handler available
15:42:45 logging_config.py:386 - [DETECTION] Starting Detection Processor initialization...
15:42:45 detection_processor.py:153 - 🔍 [DETECTION_PROC] Initializing model instances...
15:42:45 detection_processor.py:158 - 🔍 [DETECTION_PROC] Model instances initialized
15:42:45 detection_processor.py:161 - 🔍 [DETECTION_PROC] Creating AsyncOCRLoader...
15:42:45 async_ocr_loader.py:77 - AsyncOCRLoader initialized
15:42:45 detection_processor.py:163 - 🔍 [DETECTION_PROC] AsyncOCRLoader created successfully
15:42:45 detection_processor.py:169 - 🔍 [DETECTION_PROC] Initializing parallel OCR processor...
15:42:45 detection_processor.py:171 - 🔍 [DETECTION_PROC] Parallel OCR processor initialized
15:42:45 detection_processor.py:174 - 🔍 [DETECTION_PROC] Setting up state tracking...
15:42:45 detection_processor.py:184 - 🔍 [DETECTION_PROC] State tracking initialized
15:42:45 detection_processor.py:191 - DetectionProcessor initialized
15:42:45 detection_processor.py:194 - 🔧 [ENHANCED_DETECTION] Initializing enhanced detection pipeline...
15:42:45 detection_processor.py:238 - 🔧 [ENHANCED_DETECTION] Enhanced detection pipeline initialized successfully
15:42:45 app.py:203 - ✅ Detection Processor available
15:42:45 database_manager.py:54 - DatabaseManager initialized
15:42:45 app.py:216 - ✅ Database Manager available
15:42:45 logging_config.py:388 - [HEALTH] Initialized
15:42:45 app.py:231 - ✅ Health Monitor available
15:42:45 app.py:243 - ⚙️ Phase 3: Core Services
15:42:45 app.py:247 - 🎥 === PHASE 2: Camera Manager Initialization ===
15:42:45 camera_manager.py:88 - Manual capture directory: /home/camuser/aicamera/edge/manual_capture
15:42:45 app.py:249 - 🎥 CameraManager service obtained, starting initialization...
15:42:45 app.py:251 - 🎥 About to call camera_manager.initialize()...
15:42:45 camera_manager.py:173 - 🔧 [CAMERA_MANAGER] Initializing Camera Manager...
15:42:45 camera_handler.py:798 - Initializing camera...
15:42:45 camera_handler.py:824 - Main stream resolution set to (2304, 1296) (quality_enhancement=on)
15:42:45 camera_handler.py:845 - Camera framerate set to 30 FPS floor (FrameDurationLimits: 33333–33333μs)
15:42:45 camera_handler.py:952 - Initial controls applied: AE=auto, AWB=auto, AfMode=Continuous(2), AfSpeed=Fast(1)
15:42:45 camera_handler.py:893 - Camera initialized successfully
15:42:45 camera_manager.py:182 - 🔧 [CAMERA_MANAGER] Camera handler initialized successfully
15:42:45 camera_manager.py:203 - 🔧 [CAMERA_MANAGER] Auto-start enabled - starting camera automatically
15:42:45 camera_manager.py:227 - 🚀 Starting auto-start sequence...
15:42:45 logging_config.py:262 - [CAMERA] frame_capture_loop started
15:42:46 camera_handler.py:1134 - Focus health verified ✅ (samples=20, FoM 2467-3948, variation=1481.0, lens=1.0-1.8031455278396606)
15:42:46 camera_handler.py:1212 - Camera started
15:42:46 camera_manager.py:339 - Camera started successfully
15:42:46 camera_manager.py:342 - 📊 Skipping metadata update during initialization to prevent hang
15:42:46 camera_manager.py:135 - 📷 [CAMERA_MANAGER] Applying LPR auto-controls: AE=auto/sport, AWB=auto, AF=continuous/fast
15:42:46 camera_manager.py:143 - ✅ [CAMERA_MANAGER] LPR auto-controls applied successfully – ISP is now managing exposure, white-balance and focus.
15:42:46 camera_manager.py:231 - ✅ Camera auto-started successfully
15:42:46 camera_manager.py:236 - 🎥 Auto-streaming enabled - camera should be streaming now
15:42:46 camera_manager.py:240 - ✅ Camera streaming confirmed active
15:42:46 camera_manager.py:244 - 🎯 === AUTO START CAMERA ABOUT TO RETURN TRUE ===
15:42:46 app.py:253 - 🎥 Camera manager initialize() returned: True
15:42:46 app.py:255 - ✅ Camera Manager initialized successfully
15:42:46 app.py:258 - 🎥 Camera auto-start enabled
15:42:46 app.py:267 - 🎥 Camera Manager phase completed
15:42:46 app.py:277 - 🔍 === PHASE 3: Detection Manager Initialization ===
15:42:46 detection_manager.py:85 - DetectionManager initialised (tracking=True)
15:42:46 app.py:280 - 🔍 DetectionManager service obtained, starting initialization...
15:42:46 detection_processor.py:247 - 🔧 [DETECTION_PROC] Starting model loading process...
15:42:46 detection_processor.py:249 - 🔧 [DETECTION_PROC] Loading detection models...
15:42:46 detection_processor.py:252 - 🔧 [DETECTION_PROC] Checking model configuration...
15:42:46 detection_processor.py:261 - 🔧 [DETECTION_PROC] Model configuration validated
15:42:46 detection_processor.py:265 - 🔧 [DETECTION_PROC] Configuring HailoRT logging...
15:42:46 detection_processor.py:268 - 🔧 [DETECTION_PROC] HailoRT logging configured
15:42:46 detection_processor.py:270 - 🔧 [DETECTION_PROC] Importing degirum...
15:42:46 detection_processor.py:273 - 🔧 [DETECTION_PROC] ✅ Degirum available for Hailo AI model loading
15:42:46 detection_processor.py:281 - 🔧 [DETECTION_PROC] Loading vehicle detection model...
15:42:46 detection_processor.py:283 - 🔧 [DETECTION_PROC] Loading vehicle detection model: yolov8n_relu6_car--640x640_quant_hailort_hailo8_1
15:42:46 zoo_manager.py:184 - Local inference with local zoo from '/home/camuser/aicamera/resources' dir
15:42:46 detection_processor.py:289 - 🔧 [DETECTION_PROC] ✅ Vehicle detection model loaded successfully
15:42:46 detection_processor.py:296 - 🔧 [DETECTION_PROC] Loading license plate detection model...
15:42:46 detection_processor.py:298 - 🔧 [DETECTION_PROC] Loading license plate detection model: yolov8n_relu6_lp--640x640_quant_hailort_hailo8_1
15:42:46 zoo_manager.py:184 - Local inference with local zoo from '/home/camuser/aicamera/resources' dir
15:42:47 detection_processor.py:305 - 🔧 [DETECTION_PROC] ✅ License plate detection model loaded successfully
15:42:47 detection_processor.py:312 - 🔧 [DETECTION_PROC] Checking for optional OCR model...
15:42:47 detection_processor.py:314 - 🔧 [DETECTION_PROC] Loading license plate OCR model...
15:42:47 detection_processor.py:316 - 🔧 [DETECTION_PROC] Loading license plate OCR model: yolov8n_relu6_lp_ocr--256x128_quant_hailort_hailo8_1
15:42:47 zoo_manager.py:184 - Local inference with local zoo from '/home/camuser/aicamera/resources' dir
15:42:47 detection_processor.py:324 - 🔧 [DETECTION_PROC] ✅ License plate OCR model loaded successfully
15:42:47 detection_processor.py:332 - 🔧 [DETECTION_PROC] Loading ThaiLPROCR (Tesseract)...
15:42:47 thai_lp_ocr.py:238 - ThaiLPROCR: Tesseract 5.3.0 ready (langs: tha+eng)
15:42:47 detection_processor.py:338 - 🔧 [DETECTION_PROC] ✅ ThaiLPROCR loaded successfully
15:42:47 detection_processor.py:348 - 🔧 [DETECTION_PROC] Initializing parallel OCR processor...
15:42:47 parallel_ocr_processor.py:51 - ✅ Parallel OCR Processor initialized
15:42:47 detection_processor.py:355 - 🔧 [DETECTION_PROC] ✅ Parallel OCR processor initialized
15:42:47 ocr_queue_worker.py:215 - [OCR_WORKER] ocr-worker-0 started
15:42:47 ocr_queue_worker.py:134 - [OCR_WORKER] Started 1 worker thread(s)
15:42:47 detection_processor.py:373 - 🔧 [DETECTION_PROC] ✅ Async OCR queue worker started
15:42:47 detection_processor.py:380 - 🔧 [DETECTION_PROC] Model loading process completed successfully
15:42:47 detection_manager.py:97 - Detection models loaded
15:42:47 database_manager.py:168 - Database tables created successfully
15:42:47 database_manager.py:84 - 🔧 [DATABASE_MANAGER] Database initialized successfully: /home/camuser/aicamera/edge/db/lpr_data.db
15:42:47 detection_manager.py:107 - Auto-start: waiting 5.0s for camera …
15:42:52 detection_manager.py:157 - Detection loop started
15:42:52 detection_manager.py:131 - Detection started
15:42:52 detection_manager.py:112 - Detection auto-started ✓
15:42:52 app.py:283 - ✅ Detection Manager initialized successfully
15:42:52 app.py:286 - 🔍 Detection auto-start enabled - will start in background
15:42:52 app.py:293 - 🔍 Detection Manager phase completed
15:42:52 app.py:302 - 🏥 === PHASE 4: Health Service Initialization ===
15:42:52 health_service.py:48 - HealthService initialized
15:42:52 app.py:305 - 🏥 HealthService service obtained, starting initialization...
15:42:52 health_monitor.py:155 - Health checks table created/verified
15:42:52 health_monitor.py:128 - 🔧 [HEALTH_MONITOR] HealthMonitor initialized successfully
15:42:52 health_service.py:788 - 🏥 Auto-start monitoring thread started - waiting for camera and detection to be ready...
15:42:52 health_service.py:829 - ✅ Auto-start monitoring thread started
15:42:52 health_service.py:85 - 🔧 [HEALTH_SERVICE] HealthService initialized successfully with auto-start monitoring
15:42:52 app.py:308 - ✅ Health Service initialized successfully
15:42:52 app.py:311 - 🏥 Health Monitor auto-start enabled - will start in background
15:42:52 app.py:320 - 🏥 Health Service phase completed
15:42:52 video_streaming.py:122 - Fallback frame initialized with resolution 640x640
15:42:52 video_streaming.py:95 - VideoStreamingService initialized with fallback mechanisms
15:42:52 app.py:332 - ✅ Video Streaming available
15:42:52 app.py:342 - 🔌 Phase 4: Optional Components
15:42:52 app.py:348 - ✅ Storage Monitor available
15:42:52 app.py:358 - 🔌 Phase 5: Optional Services
15:42:52 websocket_sender.py:97 - WebSocketSender Started
15:42:53 websocket_sender.py:128 - WebSocket sender initialized for server: ws://lprserver.tail605477.ts.net/ws/
15:42:53 app.py:366 - ✅ WebSocket Sender initialized successfully
15:42:53 app.py:369 - 📤 WebSocket Sender auto-start enabled
15:42:57 health_service.py:802 - 🎉 Camera and detection are ready - starting health monitoring
15:42:57 health_monitor.py:936 - Health monitoring started (core components)
15:42:57 health_monitor.py:909 - Health monitoring started
15:42:57 logging_config.py:307 - HEALTH status changed to: healthy - initialized: True, streaming: True
15:42:57 health_service.py:805 - ✅ Health monitoring started successfully
15:42:59 websocket_sender.py:128 - WebSocket sender initialized for server: ws://lprserver.tail605477.ts.net/ws/
15:42:59 websocket_sender.py:748 - Detection sender thread started with 60.0s interval (optimized)
15:42:59 websocket_sender.py:293 - Connecting to Socket.IO
15:43:00 websocket_sender.py:358 - Socket.IO connected
15:43:00 websocket_sender.py:342 - Socket.IO connection established
15:43:00 websocket_sender.py:404 - Sending pending data after reconnection...
15:43:00 websocket_sender.py:411 - No pending data to send
15:43:00 websocket_sender.py:668 - WebSocket sender service started (online mode)
15:43:00 app.py:373 - ✅ WebSocket Sender started successfully
15:43:00 mqtt_health_sender.py:62 - MQTT Health Sender initialized (device_id=1)
15:43:00 app.py:394 - ✅ MQTT Health Sender initialized successfully
15:43:00 mqtt_health_sender.py:62 - MQTT Health Sender initialized (device_id=1)
15:43:00 mqtt_health_sender.py:92 - MQTT Health Sender started (interval=300.0s)
15:43:00 app.py:397 - ✅ MQTT Health Sender started successfully
15:43:00 storage_monitor.py:73 - Storage Monitor initialized successfully
15:43:00 storage_service.py:49 - Storage Service initialized successfully
15:43:00 app.py:415 - ✅ Storage Service initialized successfully
15:43:00 app.py:418 - 💾 Storage Monitor auto-start enabled
15:43:00 mqtt_client.py:26 - Connected to MQTT broker at lprserver.tail605477.ts.net:1883
15:43:05 storage_monitor.py:326 - Storage monitoring started with 300s interval (optimized for core components)
15:43:05 storage_monitor.py:299 - Storage monitoring started (interval: 300s)
15:43:05 app.py:422 - ✅ Storage monitoring started successfully
15:43:05 app.py:436 - 📊 Initialization Summary:
15:43:05 app.py:441 -    Core Modules: 9/9 successful
15:43:05 app.py:445 -      ✅ device_registration
15:43:05 app.py:445 -      ✅ camera_handler
15:43:05 app.py:445 -      ✅ detection_processor
15:43:05 app.py:445 -      ✅ database_manager
15:43:05 app.py:445 -      ✅ health_monitor
15:43:05 app.py:445 -      ✅ camera_manager
15:43:05 app.py:445 -      ✅ detection_manager
15:43:05 app.py:445 -      ✅ health_service
15:43:05 app.py:445 -      ✅ video_streaming
15:43:05 app.py:450 -    Optional Modules: 4/4 successful
15:43:05 app.py:454 -      ✅ storage_monitor
15:43:05 app.py:454 -      ✅ websocket_sender
15:43:05 app.py:454 -      ✅ mqtt_health_sender
15:43:05 app.py:454 -      ✅ storage_service
15:43:05 app.py:467 - 🎉 System initialization completed successfully!
15:43:05 app.py:468 -    Core functionality is available
15:43:05 app.py:470 -    4 optional modules are also available
15:43:05 app.py:549 - ✅ === SERVICES INITIALIZATION COMPLETED ===
15:43:05 app.py:664 - ✅ === FLASK APPLICATION CREATED SUCCESSFULLY ===
15:43:05 wsgi.py:99 - ✅ create_app() completed
15:43:05 wsgi.py:100 - 📊 App: Flask, SocketIO: SocketIO
15:43:58 health_monitor.py:725 - Health check started
15:43:59 health_monitor.py:777 - Health check completed: healthy
15:46:01 health_monitor.py:725 - Health check started
15:46:02 health_monitor.py:777 - Health check completed: healthy
15:48:01 mqtt_health_sender.py:118 - Sent 50 health record(s) via MQTT
15:48:03 health_monitor.py:725 - Health check started
15:48:04 health_monitor.py:777 - Health check completed: healthy
15:50:06 health_monitor.py:725 - Health check started
15:50:12 health_monitor.py:777 - Health check completed: healthy
15:50:26 websocket_sender.py:363 - Socket.IO disconnected
15:51:02 mqtt_client.py:34 - Disconnected from MQTT broker
15:51:02 mqtt_client.py:34 - Disconnected from MQTT broker
15:52:18 health_monitor.py:725 - Health check started
15:52:24 health_monitor.py:777 - Health check completed: healthy
15:53:06 mqtt_client.py:52 - Failed to connect to MQTT broker: timed out
15:53:57 websocket_sender.py:358 - Socket.IO connected
15:54:28 health_monitor.py:725 - Health check started
15:54:29 health_monitor.py:777 - Health check completed: healthy
15:55:44 mqtt_client.py:26 - Connected to MQTT broker at lprserver.tail605477.ts.net:1883
15:56:09 detection_processor.py:715 - 🚗 Vehicles detected: 1 (filtered from 1)
15:56:09 detection_processor.py:720 - [VEHICLE] conf=0.822 size=766×843px bbox=[0,39,766,882] detect_time=20ms
15:56:09 detection_manager.py:258 - [VEHICLE] fid=105616 conf=0.822 size=766×843px
15:56:09 detection_processor.py:2130 - [FRAME_SCORE] track=? | sharpness=0.154 (plate=0.000 frame=0.154) | conf=0.822 | area=0.217 | center=0.401 | SCORE=0.392
15:56:09 detection_processor.py:1764 - [TRACK_NEW] track=1 conf=0.822 size=766×843px — new vehicle
15:56:09 detection_processor.py:1777 - [TRACKER] active=[1] | created=[1] | lost=[] | total_detections=1
15:56:09 detection_processor.py:2204 - [DEDUP_SUMMARY] kept=1/1 tracks after deduplication
15:56:09 detection_manager.py:582 - [DEDUP_NEW] track=1 first seen — allow
15:56:09 detection_manager.py:353 - [TRACKING] fid=105616 active=1 filtered=1 eligible=1
15:56:10 detection_processor.py:834 - [PLATE_SKIP] conf=0.328 < thresh=0.5 size=65×90px vehicle=0
15:56:10 detection_manager.py:287 - [SAVE_DEFER] fid=105616 no plate visible — keeping tracks eligible for next frame
15:56:10 detection_processor.py:715 - 🚗 Vehicles detected: 0 (filtered from 0)
15:56:30 health_monitor.py:725 - Health check started
15:56:31 health_monitor.py:777 - Health check completed: healthy
15:57:48 detection_processor.py:715 - 🚗 Vehicles detected: 1 (filtered from 1)
15:57:48 detection_processor.py:720 - [VEHICLE] conf=0.822 size=644×503px bbox=[357,502,1001,1006] detect_time=15ms
15:57:48 detection_manager.py:258 - [VEHICLE] fid=70800 conf=0.822 size=644×503px
15:57:48 detection_processor.py:1805 - [TRACKER_EXPIRE] track_id=1 | age=98.80s | frame_count=1 | best_score=0.392 | plates_found=0
15:57:48 detection_processor.py:2130 - [FRAME_SCORE] track=? | sharpness=0.212 (plate=0.000 frame=0.212) | conf=0.822 | area=0.109 | center=0.633 | SCORE=0.417
15:57:48 detection_processor.py:1764 - [TRACK_NEW] track=2 conf=0.822 size=644×503px — new vehicle
15:57:48 detection_processor.py:1777 - [TRACKER] active=[2] | created=[2] | lost=[1] | total_detections=1
15:57:48 detection_processor.py:2204 - [DEDUP_SUMMARY] kept=1/1 tracks after deduplication
15:57:48 detection_manager.py:582 - [DEDUP_NEW] track=2 first seen — allow
15:57:48 detection_manager.py:353 - [TRACKING] fid=70800 active=1 filtered=1 eligible=1
15:57:48 detection_manager.py:287 - [SAVE_DEFER] fid=70800 no plate visible — keeping tracks eligible for next frame
15:57:48 detection_processor.py:720 - [VEHICLE] conf=0.803 size=706×496px bbox=[333,511,1040,1008] detect_time=24ms
15:57:48 detection_manager.py:258 - [VEHICLE] fid=627792 conf=0.803 size=706×496px
15:57:48 detection_processor.py:2130 - [FRAME_SCORE] track=? | sharpness=0.239 (plate=0.000 frame=0.239) | conf=0.803 | area=0.118 | center=0.638 | SCORE=0.424
15:57:48 detection_processor.py:1751 - [TRACK_UPDATE] track=2 frame_count=2 score=0.424 plates=0 ocr_submitted=False
15:57:48 detection_processor.py:2204 - [DEDUP_SUMMARY] kept=1/1 tracks after deduplication
15:57:48 detection_manager.py:582 - [DEDUP_NEW] track=2 first seen — allow
15:57:48 detection_manager.py:353 - [TRACKING] fid=627792 active=1 filtered=1 eligible=1
15:57:48 detection_manager.py:287 - [SAVE_DEFER] fid=627792 no plate visible — keeping tracks eligible for next frame
15:57:48 detection_processor.py:720 - [VEHICLE] conf=0.803 size=748×481px bbox=[345,525,1094,1006] detect_time=20ms
15:57:48 detection_manager.py:258 - [VEHICLE] fid=70800 conf=0.803 size=748×481px
15:57:48 detection_processor.py:2130 - [FRAME_SCORE] track=? | sharpness=0.243 (plate=0.000 frame=0.243) | conf=0.803 | area=0.121 | center=0.661 | SCORE=0.428
15:57:48 detection_processor.py:1751 - [TRACK_UPDATE] track=2 frame_count=3 score=0.428 plates=0 ocr_submitted=False
15:57:48 detection_processor.py:2204 - [DEDUP_SUMMARY] kept=1/1 tracks after deduplication
15:57:48 detection_manager.py:582 - [DEDUP_NEW] track=2 first seen — allow
15:57:48 detection_manager.py:353 - [TRACKING] fid=70800 active=1 filtered=1 eligible=1
15:57:48 detection_manager.py:287 - [SAVE_DEFER] fid=70800 no plate visible — keeping tracks eligible for next frame
15:57:48 detection_processor.py:720 - [VEHICLE] conf=0.822 size=773×475px bbox=[352,529,1125,1004] detect_time=22ms
15:57:48 detection_manager.py:258 - [VEHICLE] fid=70800 conf=0.822 size=773×475px
15:57:48 detection_processor.py:2130 - [FRAME_SCORE] track=? | sharpness=0.213 (plate=0.000 frame=0.213) | conf=0.822 | area=0.123 | center=0.675 | SCORE=0.424
15:57:48 detection_processor.py:1751 - [TRACK_UPDATE] track=2 frame_count=4 score=0.428 plates=0 ocr_submitted=False
15:57:48 detection_processor.py:2204 - [DEDUP_SUMMARY] kept=1/1 tracks after deduplication
15:57:48 detection_manager.py:582 - [DEDUP_NEW] track=2 first seen — allow
15:57:48 detection_manager.py:353 - [TRACKING] fid=70800 active=1 filtered=1 eligible=1
15:57:48 detection_manager.py:287 - [SAVE_DEFER] fid=70800 no plate visible — keeping tracks eligible for next frame
15:57:49 detection_processor.py:720 - [VEHICLE] conf=0.840 size=817×447px bbox=[349,548,1166,995] detect_time=25ms
15:57:49 detection_manager.py:258 - [VEHICLE] fid=70800 conf=0.840 size=817×447px
15:57:49 detection_processor.py:2130 - [FRAME_SCORE] track=? | sharpness=0.200 (plate=0.000 frame=0.200) | conf=0.840 | area=0.123 | center=0.687 | SCORE=0.425
15:57:49 detection_processor.py:1751 - [TRACK_UPDATE] track=2 frame_count=5 score=0.428 plates=0 ocr_submitted=False
15:57:49 detection_processor.py:2204 - [DEDUP_SUMMARY] kept=1/1 tracks after deduplication
15:57:49 detection_manager.py:582 - [DEDUP_NEW] track=2 first seen — allow
15:57:49 detection_manager.py:353 - [TRACKING] fid=70800 active=1 filtered=1 eligible=1
15:57:49 detection_manager.py:287 - [SAVE_DEFER] fid=70800 no plate visible — keeping tracks eligible for next frame
15:57:49 detection_processor.py:720 - [VEHICLE] conf=0.872 size=856×447px bbox=[359,546,1215,994] detect_time=21ms
15:57:49 detection_manager.py:258 - [VEHICLE] fid=70800 conf=0.872 size=856×447px
15:57:49 detection_processor.py:2130 - [FRAME_SCORE] track=? | sharpness=0.216 (plate=0.000 frame=0.216) | conf=0.872 | area=0.128 | center=0.709 | SCORE=0.445
15:57:49 detection_processor.py:1751 - [TRACK_UPDATE] track=2 frame_count=6 score=0.445 plates=0 ocr_submitted=False
15:57:49 detection_processor.py:2204 - [DEDUP_SUMMARY] kept=1/1 tracks after deduplication
15:57:49 detection_manager.py:582 - [DEDUP_NEW] track=2 first seen — allow
15:57:49 detection_manager.py:353 - [TRACKING] fid=70800 active=1 filtered=1 eligible=1
15:57:49 detection_manager.py:287 - [SAVE_DEFER] fid=70800 no plate visible — keeping tracks eligible for next frame
15:57:49 detection_processor.py:720 - [VEHICLE] conf=0.872 size=911×445px bbox=[342,548,1253,994] detect_time=22ms
15:57:49 detection_manager.py:258 - [VEHICLE] fid=70800 conf=0.872 size=911×445px
15:57:49 detection_processor.py:2130 - [FRAME_SCORE] track=? | sharpness=0.227 (plate=0.000 frame=0.227) | conf=0.872 | area=0.136 | center=0.716 | SCORE=0.451
15:57:49 detection_processor.py:1751 - [TRACK_UPDATE] track=2 frame_count=7 score=0.451 plates=0 ocr_submitted=False
15:57:49 detection_processor.py:2204 - [DEDUP_SUMMARY] kept=1/1 tracks after deduplication
15:57:49 detection_manager.py:582 - [DEDUP_NEW] track=2 first seen — allow
15:57:49 detection_manager.py:353 - [TRACKING] fid=70800 active=1 filtered=1 eligible=1
15:57:49 detection_manager.py:287 - [SAVE_DEFER] fid=70800 no plate visible — keeping tracks eligible for next frame
15:57:49 detection_processor.py:720 - [VEHICLE] conf=0.885 size=938×445px bbox=[343,548,1281,994] detect_time=22ms
15:57:49 detection_manager.py:258 - [VEHICLE] fid=70800 conf=0.885 size=938×445px
15:57:49 detection_processor.py:2130 - [FRAME_SCORE] track=? | sharpness=0.259 (plate=0.000 frame=0.259) | conf=0.885 | area=0.140 | center=0.727 | SCORE=0.470
15:57:49 detection_processor.py:1751 - [TRACK_UPDATE] track=2 frame_count=8 score=0.470 plates=0 ocr_submitted=False
15:57:49 detection_processor.py:2204 - [DEDUP_SUMMARY] kept=1/1 tracks after deduplication
15:57:49 detection_manager.py:582 - [DEDUP_NEW] track=2 first seen — allow
15:57:49 detection_manager.py:353 - [TRACKING] fid=70800 active=1 filtered=1 eligible=1
15:57:49 detection_manager.py:287 - [SAVE_DEFER] fid=70800 no plate visible — keeping tracks eligible for next frame
15:57:49 detection_processor.py:720 - [VEHICLE] conf=0.885 size=976×445px bbox=[339,548,1315,994] detect_time=21ms
15:57:49 detection_manager.py:258 - [VEHICLE] fid=70800 conf=0.885 size=976×445px
15:57:49 detection_processor.py:2130 - [FRAME_SCORE] track=? | sharpness=0.257 (plate=0.000 frame=0.257) | conf=0.885 | area=0.146 | center=0.737 | SCORE=0.471
15:57:49 detection_processor.py:1751 - [TRACK_UPDATE] track=2 frame_count=9 score=0.471 plates=0 ocr_submitted=False
15:57:49 detection_processor.py:2204 - [DEDUP_SUMMARY] kept=1/1 tracks after deduplication
15:57:49 detection_manager.py:582 - [DEDUP_NEW] track=2 first seen — allow
15:57:49 detection_manager.py:353 - [TRACKING] fid=70800 active=1 filtered=1 eligible=1
15:57:49 detection_manager.py:287 - [SAVE_DEFER] fid=70800 no plate visible — keeping tracks eligible for next frame
15:57:50 detection_processor.py:720 - [VEHICLE] conf=0.885 size=995×445px bbox=[342,548,1338,994] detect_time=21ms
15:57:50 detection_manager.py:258 - [VEHICLE] fid=70800 conf=0.885 size=995×445px
15:57:50 detection_processor.py:2130 - [FRAME_SCORE] track=? | sharpness=0.222 (plate=0.000 frame=0.222) | conf=0.885 | area=0.149 | center=0.746 | SCORE=0.459
15:57:50 detection_processor.py:1751 - [TRACK_UPDATE] track=2 frame_count=10 score=0.471 plates=0 ocr_submitted=False
15:57:50 detection_processor.py:2204 - [DEDUP_SUMMARY] kept=1/1 tracks after deduplication
15:57:50 detection_manager.py:582 - [DEDUP_NEW] track=2 first seen — allow
15:57:50 detection_manager.py:353 - [TRACKING] fid=70800 active=1 filtered=1 eligible=1
15:57:50 detection_manager.py:287 - [SAVE_DEFER] fid=70800 no plate visible — keeping tracks eligible for next frame
15:57:50 detection_processor.py:720 - [VEHICLE] conf=0.898 size=1009×444px bbox=[347,550,1356,994] detect_time=22ms
15:57:50 detection_manager.py:258 - [VEHICLE] fid=70800 conf=0.898 size=1009×444px
15:57:50 detection_processor.py:2130 - [FRAME_SCORE] track=? | sharpness=0.255 (plate=0.000 frame=0.255) | conf=0.898 | area=0.150 | center=0.754 | SCORE=0.477
15:57:50 detection_processor.py:1751 - [TRACK_UPDATE] track=2 frame_count=11 score=0.477 plates=0 ocr_submitted=False
15:57:50 detection_processor.py:2204 - [DEDUP_SUMMARY] kept=1/1 tracks after deduplication
15:57:50 detection_manager.py:582 - [DEDUP_NEW] track=2 first seen — allow
15:57:50 detection_manager.py:353 - [TRACKING] fid=70800 active=1 filtered=1 eligible=1
15:57:50 detection_manager.py:287 - [SAVE_DEFER] fid=70800 no plate visible — keeping tracks eligible for next frame
15:57:50 detection_processor.py:720 - [VEHICLE] conf=0.898 size=1013×442px bbox=[349,551,1362,994] detect_time=23ms
15:57:50 detection_manager.py:258 - [VEHICLE] fid=70800 conf=0.898 size=1013×442px
15:57:50 detection_processor.py:2130 - [FRAME_SCORE] track=? | sharpness=0.184 (plate=0.000 frame=0.184) | conf=0.898 | area=0.150 | center=0.757 | SCORE=0.449
15:57:50 detection_processor.py:1751 - [TRACK_UPDATE] track=2 frame_count=12 score=0.477 plates=0 ocr_submitted=False
15:57:50 detection_processor.py:2204 - [DEDUP_SUMMARY] kept=1/1 tracks after deduplication
15:57:50 detection_manager.py:582 - [DEDUP_NEW] track=2 first seen — allow
15:57:50 detection_manager.py:353 - [TRACKING] fid=70800 active=1 filtered=1 eligible=1
15:57:50 detection_manager.py:287 - [SAVE_DEFER] fid=70800 no plate visible — keeping tracks eligible for next frame
15:57:50 detection_processor.py:720 - [VEHICLE] conf=0.898 size=1018×444px bbox=[343,550,1362,994] detect_time=21ms
15:57:50 detection_manager.py:258 - [VEHICLE] fid=70800 conf=0.898 size=1018×444px
15:57:50 detection_processor.py:2130 - [FRAME_SCORE] track=? | sharpness=0.211 (plate=0.000 frame=0.211) | conf=0.898 | area=0.151 | center=0.755 | SCORE=0.460
15:57:50 detection_processor.py:1751 - [TRACK_UPDATE] track=2 frame_count=13 score=0.477 plates=0 ocr_submitted=False
15:57:50 detection_processor.py:2204 - [DEDUP_SUMMARY] kept=1/1 tracks after deduplication
15:57:50 detection_manager.py:582 - [DEDUP_NEW] track=2 first seen — allow
15:57:50 detection_manager.py:353 - [TRACKING] fid=70800 active=1 filtered=1 eligible=1
15:57:50 detection_manager.py:287 - [SAVE_DEFER] fid=70800 no plate visible — keeping tracks eligible for next frame
15:57:50 detection_processor.py:720 - [VEHICLE] conf=0.898 size=1015×442px bbox=[347,551,1362,994] detect_time=25ms
15:57:50 detection_manager.py:258 - [VEHICLE] fid=70800 conf=0.898 size=1015×442px
15:57:50 detection_processor.py:2130 - [FRAME_SCORE] track=? | sharpness=0.202 (plate=0.000 frame=0.202) | conf=0.898 | area=0.150 | center=0.756 | SCORE=0.456
15:57:50 detection_processor.py:1751 - [TRACK_UPDATE] track=2 frame_count=14 score=0.477 plates=0 ocr_submitted=False
15:57:50 detection_processor.py:2204 - [DEDUP_SUMMARY] kept=1/1 tracks after deduplication
15:57:50 detection_manager.py:582 - [DEDUP_NEW] track=2 first seen — allow
15:57:50 detection_manager.py:353 - [TRACKING] fid=70800 active=1 filtered=1 eligible=1
15:57:50 detection_manager.py:287 - [SAVE_DEFER] fid=70800 no plate visible — keeping tracks eligible for next frame
15:57:50 detection_processor.py:720 - [VEHICLE] conf=0.898 size=1023×442px bbox=[337,551,1360,994] detect_time=23ms
15:57:50 detection_manager.py:258 - [VEHICLE] fid=70800 conf=0.898 size=1023×442px
15:57:51 detection_processor.py:2130 - [FRAME_SCORE] track=? | sharpness=0.221 (plate=0.000 frame=0.221) | conf=0.898 | area=0.152 | center=0.752 | SCORE=0.463
15:57:51 detection_processor.py:1751 - [TRACK_UPDATE] track=2 frame_count=15 score=0.477 plates=0 ocr_submitted=False
15:57:51 detection_processor.py:2204 - [DEDUP_SUMMARY] kept=1/1 tracks after deduplication
15:57:51 detection_manager.py:582 - [DEDUP_NEW] track=2 first seen — allow
15:57:51 detection_manager.py:353 - [TRACKING] fid=70800 active=1 filtered=1 eligible=1
15:57:51 detection_manager.py:287 - [SAVE_DEFER] fid=70800 no plate visible — keeping tracks eligible for next frame
15:57:51 detection_processor.py:720 - [VEHICLE] conf=0.898 size=1021×442px bbox=[337,551,1359,994] detect_time=26ms
15:57:51 detection_manager.py:258 - [VEHICLE] fid=70800 conf=0.898 size=1021×442px
15:57:51 detection_processor.py:2130 - [FRAME_SCORE] track=? | sharpness=0.212 (plate=0.000 frame=0.212) | conf=0.898 | area=0.151 | center=0.752 | SCORE=0.460
15:57:51 detection_processor.py:1751 - [TRACK_UPDATE] track=2 frame_count=16 score=0.477 plates=0 ocr_submitted=False
15:57:51 detection_processor.py:2204 - [DEDUP_SUMMARY] kept=1/1 tracks after deduplication
15:57:51 detection_manager.py:582 - [DEDUP_NEW] track=2 first seen — allow
15:57:51 detection_manager.py:353 - [TRACKING] fid=70800 active=1 filtered=1 eligible=1
15:57:51 detection_manager.py:287 - [SAVE_DEFER] fid=70800 no plate visible — keeping tracks eligible for next frame
15:57:51 detection_processor.py:720 - [VEHICLE] conf=0.898 size=1013×442px bbox=[347,551,1360,994] detect_time=21ms
15:57:51 detection_manager.py:258 - [VEHICLE] fid=70800 conf=0.898 size=1013×442px
15:57:51 detection_processor.py:2130 - [FRAME_SCORE] track=? | sharpness=0.204 (plate=0.000 frame=0.204) | conf=0.898 | area=0.150 | center=0.755 | SCORE=0.457
15:57:51 detection_processor.py:1751 - [TRACK_UPDATE] track=2 frame_count=17 score=0.477 plates=0 ocr_submitted=False
15:57:51 detection_processor.py:2204 - [DEDUP_SUMMARY] kept=1/1 tracks after deduplication
15:57:51 detection_manager.py:582 - [DEDUP_NEW] track=2 first seen — allow
15:57:51 detection_manager.py:353 - [TRACKING] fid=70800 active=1 filtered=1 eligible=1
15:57:51 detection_manager.py:287 - [SAVE_DEFER] fid=70800 no plate visible — keeping tracks eligible for next frame
15:57:51 detection_processor.py:720 - [VEHICLE] conf=0.898 size=1015×442px bbox=[347,551,1362,994] detect_time=24ms
15:57:51 detection_manager.py:258 - [VEHICLE] fid=70800 conf=0.898 size=1015×442px
15:57:51 detection_processor.py:2130 - [FRAME_SCORE] track=? | sharpness=0.213 (plate=0.000 frame=0.213) | conf=0.898 | area=0.150 | center=0.756 | SCORE=0.460
15:57:51 detection_processor.py:1751 - [TRACK_UPDATE] track=2 frame_count=18 score=0.477 plates=0 ocr_submitted=False
15:57:51 detection_processor.py:2204 - [DEDUP_SUMMARY] kept=1/1 tracks after deduplication
15:57:51 detection_manager.py:582 - [DEDUP_NEW] track=2 first seen — allow
15:57:51 detection_manager.py:353 - [TRACKING] fid=70800 active=1 filtered=1 eligible=1
15:57:51 detection_manager.py:287 - [SAVE_DEFER] fid=70800 no plate visible — keeping tracks eligible for next frame
15:57:51 detection_processor.py:720 - [VEHICLE] conf=0.898 size=1015×440px bbox=[347,553,1362,994] detect_time=22ms
15:57:51 detection_manager.py:258 - [VEHICLE] fid=70800 conf=0.898 size=1015×440px
15:57:51 detection_processor.py:2130 - [FRAME_SCORE] track=? | sharpness=0.203 (plate=0.000 frame=0.203) | conf=0.898 | area=0.150 | center=0.756 | SCORE=0.456
15:57:51 detection_processor.py:1751 - [TRACK_UPDATE] track=2 frame_count=19 score=0.477 plates=0 ocr_submitted=False
15:57:51 detection_processor.py:2204 - [DEDUP_SUMMARY] kept=1/1 tracks after deduplication
15:57:51 detection_manager.py:582 - [DEDUP_NEW] track=2 first seen — allow
15:57:51 detection_manager.py:353 - [TRACKING] fid=70800 active=1 filtered=1 eligible=1
15:57:51 detection_manager.py:287 - [SAVE_DEFER] fid=70800 no plate visible — keeping tracks eligible for next frame
15:57:51 detection_processor.py:720 - [VEHICLE] conf=0.898 size=1024×443px bbox=[334,550,1359,994] detect_time=23ms
15:57:51 detection_manager.py:258 - [VEHICLE] fid=70800 conf=0.898 size=1024×443px
15:57:51 detection_processor.py:2130 - [FRAME_SCORE] track=? | sharpness=0.228 (plate=0.000 frame=0.228) | conf=0.898 | area=0.152 | center=0.751 | SCORE=0.466
15:57:51 detection_processor.py:1751 - [TRACK_UPDATE] track=2 frame_count=20 score=0.477 plates=0 ocr_submitted=False
15:57:51 detection_processor.py:2204 - [DEDUP_SUMMARY] kept=1/1 tracks after deduplication
15:57:51 detection_manager.py:582 - [DEDUP_NEW] track=2 first seen — allow
15:57:51 detection_manager.py:353 - [TRACKING] fid=70800 active=1 filtered=1 eligible=1
15:57:51 detection_manager.py:287 - [SAVE_DEFER] fid=70800 no plate visible — keeping tracks eligible for next frame
15:57:52 detection_processor.py:720 - [VEHICLE] conf=0.898 size=1016×442px bbox=[345,551,1362,994] detect_time=23ms
15:57:52 detection_manager.py:258 - [VEHICLE] fid=70800 conf=0.898 size=1016×442px
15:57:52 detection_processor.py:2130 - [FRAME_SCORE] track=? | sharpness=0.222 (plate=0.000 frame=0.222) | conf=0.898 | area=0.151 | center=0.755 | SCORE=0.464
15:57:52 detection_processor.py:1751 - [TRACK_UPDATE] track=2 frame_count=21 score=0.477 plates=0 ocr_submitted=False
15:57:52 detection_processor.py:2204 - [DEDUP_SUMMARY] kept=1/1 tracks after deduplication
15:57:52 detection_manager.py:582 - [DEDUP_NEW] track=2 first seen — allow
15:57:52 detection_manager.py:353 - [TRACKING] fid=70800 active=1 filtered=1 eligible=1
15:57:52 detection_manager.py:287 - [SAVE_DEFER] fid=70800 no plate visible — keeping tracks eligible for next frame
15:57:52 detection_processor.py:720 - [VEHICLE] conf=0.898 size=1008×442px bbox=[350,551,1359,994] detect_time=22ms
15:57:52 detection_manager.py:258 - [VEHICLE] fid=70800 conf=0.898 size=1008×442px
15:57:52 detection_processor.py:2130 - [FRAME_SCORE] track=? | sharpness=0.185 (plate=0.000 frame=0.185) | conf=0.898 | area=0.149 | center=0.756 | SCORE=0.449
15:57:52 detection_processor.py:1751 - [TRACK_UPDATE] track=2 frame_count=22 score=0.477 plates=0 ocr_submitted=False
15:57:52 detection_processor.py:2204 - [DEDUP_SUMMARY] kept=1/1 tracks after deduplication
15:57:52 detection_manager.py:582 - [DEDUP_NEW] track=2 first seen — allow
15:57:52 detection_manager.py:353 - [TRACKING] fid=70800 active=1 filtered=1 eligible=1
15:57:52 detection_manager.py:287 - [SAVE_DEFER] fid=70800 no plate visible — keeping tracks eligible for next frame
15:57:52 detection_processor.py:720 - [VEHICLE] conf=0.898 size=1015×442px bbox=[343,551,1359,994] detect_time=21ms
15:57:52 detection_manager.py:258 - [VEHICLE] fid=70800 conf=0.898 size=1015×442px
15:57:52 detection_processor.py:2130 - [FRAME_SCORE] track=? | sharpness=0.216 (plate=0.000 frame=0.216) | conf=0.898 | area=0.150 | center=0.754 | SCORE=0.461
15:57:52 detection_processor.py:1751 - [TRACK_UPDATE] track=2 frame_count=23 score=0.477 plates=0 ocr_submitted=False
15:57:52 detection_processor.py:2204 - [DEDUP_SUMMARY] kept=1/1 tracks after deduplication
15:57:52 detection_manager.py:582 - [DEDUP_NEW] track=2 first seen — allow
15:57:52 detection_manager.py:353 - [TRACKING] fid=70800 active=1 filtered=1 eligible=1
15:57:52 detection_manager.py:287 - [SAVE_DEFER] fid=70800 no plate visible — keeping tracks eligible for next frame
15:57:52 detection_processor.py:720 - [VEHICLE] conf=0.898 size=1022×443px bbox=[332,550,1354,994] detect_time=27ms
15:57:52 detection_manager.py:258 - [VEHICLE] fid=70800 conf=0.898 size=1022×443px
15:57:52 detection_processor.py:2130 - [FRAME_SCORE] track=? | sharpness=0.162 (plate=0.000 frame=0.162) | conf=0.898 | area=0.152 | center=0.748 | SCORE=0.439
15:57:52 detection_processor.py:1751 - [TRACK_UPDATE] track=2 frame_count=24 score=0.477 plates=0 ocr_submitted=False
15:57:52 detection_processor.py:2204 - [DEDUP_SUMMARY] kept=1/1 tracks after deduplication
15:57:52 detection_manager.py:582 - [DEDUP_NEW] track=2 first seen — allow
15:57:52 detection_manager.py:353 - [TRACKING] fid=70800 active=1 filtered=1 eligible=1
15:57:52 detection_manager.py:287 - [SAVE_DEFER] fid=70800 no plate visible — keeping tracks eligible for next frame
15:57:52 detection_processor.py:720 - [VEHICLE] conf=0.898 size=1003×439px bbox=[348,554,1352,994] detect_time=28ms
15:57:52 detection_manager.py:258 - [VEHICLE] fid=70800 conf=0.898 size=1003×439px
15:57:52 detection_processor.py:2130 - [FRAME_SCORE] track=? | sharpness=0.180 (plate=0.000 frame=0.180) | conf=0.898 | area=0.148 | center=0.752 | SCORE=0.446
15:57:52 detection_processor.py:1751 - [TRACK_UPDATE] track=2 frame_count=25 score=0.477 plates=0 ocr_submitted=False
15:57:52 detection_processor.py:2204 - [DEDUP_SUMMARY] kept=1/1 tracks after deduplication
15:57:52 detection_manager.py:582 - [DEDUP_NEW] track=2 first seen — allow
15:57:52 detection_manager.py:353 - [TRACKING] fid=70800 active=1 filtered=1 eligible=1
15:57:52 detection_manager.py:287 - [SAVE_DEFER] fid=70800 no plate visible — keeping tracks eligible for next frame
15:57:53 detection_processor.py:720 - [VEHICLE] conf=0.898 size=996×440px bbox=[347,553,1344,994] detect_time=27ms
15:57:53 detection_manager.py:258 - [VEHICLE] fid=625584 conf=0.898 size=996×440px
15:57:53 detection_processor.py:2130 - [FRAME_SCORE] track=? | sharpness=0.193 (plate=0.000 frame=0.193) | conf=0.898 | area=0.147 | center=0.749 | SCORE=0.451
15:57:53 detection_processor.py:1751 - [TRACK_UPDATE] track=2 frame_count=26 score=0.477 plates=0 ocr_submitted=False
15:57:53 detection_processor.py:2204 - [DEDUP_SUMMARY] kept=1/1 tracks after deduplication
15:57:53 detection_manager.py:582 - [DEDUP_NEW] track=2 first seen — allow
15:57:53 detection_manager.py:353 - [TRACKING] fid=625584 active=1 filtered=1 eligible=1
15:57:53 detection_manager.py:287 - [SAVE_DEFER] fid=625584 no plate visible — keeping tracks eligible for next frame
15:57:53 detection_processor.py:720 - [VEHICLE] conf=0.885 size=987×445px bbox=[338,548,1325,994] detect_time=22ms
15:57:53 detection_manager.py:258 - [VEHICLE] fid=70800 conf=0.885 size=987×445px
15:57:53 detection_processor.py:2130 - [FRAME_SCORE] track=? | sharpness=0.165 (plate=0.000 frame=0.165) | conf=0.885 | area=0.147 | center=0.740 | SCORE=0.435
15:57:53 detection_processor.py:1751 - [TRACK_UPDATE] track=2 frame_count=27 score=0.477 plates=0 ocr_submitted=False
15:57:53 detection_processor.py:2204 - [DEDUP_SUMMARY] kept=1/1 tracks after deduplication
15:57:53 detection_manager.py:582 - [DEDUP_NEW] track=2 first seen — allow
15:57:53 detection_manager.py:353 - [TRACKING] fid=70800 active=1 filtered=1 eligible=1
15:57:53 detection_manager.py:287 - [SAVE_DEFER] fid=70800 no plate visible — keeping tracks eligible for next frame
15:57:53 detection_processor.py:720 - [VEHICLE] conf=0.898 size=959×440px bbox=[349,553,1309,994] detect_time=22ms
15:57:53 detection_manager.py:258 - [VEHICLE] fid=70800 conf=0.898 size=959×440px
15:57:53 detection_processor.py:2130 - [FRAME_SCORE] track=? | sharpness=0.163 (plate=0.000 frame=0.163) | conf=0.898 | area=0.142 | center=0.738 | SCORE=0.437
15:57:53 detection_processor.py:1751 - [TRACK_UPDATE] track=2 frame_count=28 score=0.477 plates=0 ocr_submitted=False
15:57:53 detection_processor.py:2204 - [DEDUP_SUMMARY] kept=1/1 tracks after deduplication
15:57:53 detection_manager.py:582 - [DEDUP_NEW] track=2 first seen — allow
15:57:53 detection_manager.py:353 - [TRACKING] fid=70800 active=1 filtered=1 eligible=1
15:57:53 detection_manager.py:287 - [SAVE_DEFER] fid=70800 no plate visible — keeping tracks eligible for next frame
15:57:53 detection_processor.py:720 - [VEHICLE] conf=0.885 size=950×445px bbox=[339,548,1289,994] detect_time=30ms
15:57:53 detection_manager.py:258 - [VEHICLE] fid=70800 conf=0.885 size=950×445px
15:57:53 detection_processor.py:2130 - [FRAME_SCORE] track=? | sharpness=0.182 (plate=0.000 frame=0.182) | conf=0.885 | area=0.142 | center=0.728 | SCORE=0.440
15:57:53 detection_processor.py:1751 - [TRACK_UPDATE] track=2 frame_count=29 score=0.477 plates=0 ocr_submitted=False
15:57:53 detection_processor.py:2204 - [DEDUP_SUMMARY] kept=1/1 tracks after deduplication
15:57:53 detection_manager.py:582 - [DEDUP_NEW] track=2 first seen — allow
15:57:53 detection_manager.py:353 - [TRACKING] fid=70800 active=1 filtered=1 eligible=1
15:57:53 detection_manager.py:287 - [SAVE_DEFER] fid=70800 no plate visible — keeping tracks eligible for next frame
15:57:53 detection_processor.py:720 - [VEHICLE] conf=0.872 size=911×444px bbox=[345,550,1257,994] detect_time=21ms
15:57:53 detection_manager.py:258 - [VEHICLE] fid=70800 conf=0.872 size=911×444px
15:57:53 detection_processor.py:2130 - [FRAME_SCORE] track=? | sharpness=0.205 (plate=0.000 frame=0.205) | conf=0.872 | area=0.136 | center=0.719 | SCORE=0.442
15:57:53 detection_processor.py:1751 - [TRACK_UPDATE] track=2 frame_count=30 score=0.477 plates=0 ocr_submitted=False
15:57:53 detection_processor.py:2204 - [DEDUP_SUMMARY] kept=1/1 tracks after deduplication
15:57:53 detection_manager.py:582 - [DEDUP_NEW] track=2 first seen — allow
15:57:53 detection_manager.py:353 - [TRACKING] fid=70800 active=1 filtered=1 eligible=1
15:57:53 detection_manager.py:287 - [SAVE_DEFER] fid=70800 no plate visible — keeping tracks eligible for next frame
15:57:54 detection_processor.py:720 - [VEHICLE] conf=0.872 size=870×443px bbox=[347,550,1217,994] detect_time=26ms
15:57:54 detection_manager.py:258 - [VEHICLE] fid=70800 conf=0.872 size=870×443px
15:57:54 detection_processor.py:2130 - [FRAME_SCORE] track=? | sharpness=0.192 (plate=0.000 frame=0.192) | conf=0.872 | area=0.129 | center=0.705 | SCORE=0.435
15:57:54 detection_processor.py:1751 - [TRACK_UPDATE] track=2 frame_count=31 score=0.477 plates=0 ocr_submitted=False
15:57:54 detection_processor.py:2204 - [DEDUP_SUMMARY] kept=1/1 tracks after deduplication
15:57:54 detection_manager.py:582 - [DEDUP_NEW] track=2 first seen — allow
15:57:54 detection_manager.py:353 - [TRACKING] fid=70800 active=1 filtered=1 eligible=1
15:57:54 detection_manager.py:287 - [SAVE_DEFER] fid=70800 no plate visible — keeping tracks eligible for next frame
15:57:54 detection_processor.py:720 - [VEHICLE] conf=0.857 size=817×444px bbox=[342,550,1159,994] detect_time=26ms
15:57:54 detection_manager.py:258 - [VEHICLE] fid=70800 conf=0.857 size=817×444px
15:57:54 detection_processor.py:2130 - [FRAME_SCORE] track=? | sharpness=0.153 (plate=0.000 frame=0.153) | conf=0.857 | area=0.122 | center=0.682 | SCORE=0.411
15:57:54 detection_processor.py:1751 - [TRACK_UPDATE] track=2 frame_count=32 score=0.477 plates=0 ocr_submitted=False
15:57:54 detection_processor.py:2204 - [DEDUP_SUMMARY] kept=1/1 tracks after deduplication
15:57:54 detection_manager.py:582 - [DEDUP_NEW] track=2 first seen — allow
15:57:54 detection_manager.py:353 - [TRACKING] fid=70800 active=1 filtered=1 eligible=1
15:57:54 detection_manager.py:287 - [SAVE_DEFER] fid=70800 no plate visible — keeping tracks eligible for next frame
15:57:54 detection_processor.py:720 - [VEHICLE] conf=0.840 size=772×442px bbox=[338,553,1110,995] detect_time=23ms
15:57:54 detection_manager.py:258 - [VEHICLE] fid=626256 conf=0.840 size=772×442px
15:57:54 detection_processor.py:2130 - [FRAME_SCORE] track=? | sharpness=0.201 (plate=0.000 frame=0.201) | conf=0.840 | area=0.115 | center=0.662 | SCORE=0.422
15:57:54 detection_processor.py:1751 - [TRACK_UPDATE] track=2 frame_count=33 score=0.477 plates=0 ocr_submitted=False
15:57:54 detection_processor.py:2204 - [DEDUP_SUMMARY] kept=1/1 tracks after deduplication
15:57:54 detection_manager.py:582 - [DEDUP_NEW] track=2 first seen — allow
15:57:54 detection_manager.py:353 - [TRACKING] fid=626256 active=1 filtered=1 eligible=1
15:57:54 detection_manager.py:287 - [SAVE_DEFER] fid=626256 no plate visible — keeping tracks eligible for next frame
15:57:54 detection_processor.py:715 - 🚗 Vehicles detected: 0 (filtered from 1)
15:58:07 mqtt_health_sender.py:118 - Sent 50 health record(s) via MQTT
15:58:32 health_monitor.py:725 - Health check started
15:58:34 health_monitor.py:777 - Health check completed: healthy
16:00:35 health_monitor.py:725 - Health check started
16:00:36 health_monitor.py:777 - Health check completed: healthy
16:02:37 health_monitor.py:725 - Health check started
16:02:39 health_monitor.py:777 - Health check completed: healthy
16:03:09 mqtt_health_sender.py:118 - Sent 50 health record(s) via MQTT
16:04:40 health_monitor.py:725 - Health check started
16:04:41 health_monitor.py:777 - Health check completed: healthy
16:06:42 health_monitor.py:725 - Health check started
16:06:44 health_monitor.py:777 - Health check completed: healthy
16:08:09 mqtt_health_sender.py:118 - Sent 50 health record(s) via MQTT
16:08:45 health_monitor.py:725 - Health check started
16:08:46 health_monitor.py:777 - Health check completed: healthy
16:10:47 health_monitor.py:725 - Health check started
16:10:48 health_monitor.py:777 - Health check completed: healthy
16:10:51 detection_processor.py:715 - 🚗 Vehicles detected: 1 (filtered from 1)
16:10:51 detection_processor.py:720 - [VEHICLE] conf=0.885 size=696×369px bbox=[1605,509,2302,878] detect_time=18ms
16:10:51 detection_manager.py:258 - [VEHICLE] fid=626256 conf=0.885 size=696×369px
16:10:51 detection_processor.py:1805 - [TRACKER_EXPIRE] track_id=2 | age=777.15s | frame_count=33 | best_score=0.477 | plates_found=0
16:10:51 detection_processor.py:2130 - [FRAME_SCORE] track=? | sharpness=0.280 (plate=0.000 frame=0.280) | conf=0.885 | area=0.086 | center=0.392 | SCORE=0.434
16:10:51 detection_processor.py:1764 - [TRACK_NEW] track=3 conf=0.885 size=696×369px — new vehicle
16:10:51 detection_processor.py:1777 - [TRACKER] active=[3] | created=[3] | lost=[2] | total_detections=1
16:10:51 detection_processor.py:2204 - [DEDUP_SUMMARY] kept=1/1 tracks after deduplication
16:10:51 detection_manager.py:582 - [DEDUP_NEW] track=3 first seen — allow
16:10:51 detection_manager.py:353 - [TRACKING] fid=626256 active=1 filtered=1 eligible=1
16:10:51 detection_processor.py:821 - [PLATE] conf=0.571 size=23×27px ar=0.85 bbox=[1613,761,1637,788] vehicle=0
16:10:51 detection_manager.py:276 - [PLATE] fid=626256 conf=0.571 size=23×27px ar=0.85
16:10:51 detection_processor.py:2130 - [FRAME_SCORE] track=? | sharpness=0.783 (plate=0.783 frame=0.280) | conf=0.885 | area=0.086 | center=0.392 | SCORE=0.635
16:10:51 detection_processor.py:1942 - [BEST_FRAME_UPDATE] track=3 score 0.434→0.635 old_fid=101008 new_fid=625104 frame_count=2 plate_visible=YES plates_so_far=0
16:10:51 detection_processor.py:1975 - [PLATE_CROP_SKIP] track=3 crop=24×27px ar=0.89 — rejected (need W>=80 H>=20 ar>=1.5)
16:10:51 detection_processor.py:1605 - [OCR_GATE] SKIP track=3: best_crop_lap=0 < min=80.0 (plate crop too blurry for OCR)
16:10:51 detection_manager.py:297 - [FRAME_SAME] fid=626256 — saving current frame ✓
16:10:51 detection_processor.py:1104 - [UPLOAD] path=detection_20260610_161051_734.jpg | size=1119KB | write_time=26ms | success=True
16:10:51 detection_processor.py:1130 - Saved original image only: /home/camuser/aicamera/edge/captured_images/detection_20260610_161051_734.jpg (optimized for performance)
16:10:51 detection_manager.py:509 - [DB_SAVE] fid=626256 id=1831 plate='—' conf=0.000 method=— v=1 p=1 img=✓ db=13ms
16:10:51 detection_manager.py:617 - [TRACK_SAVED] track=3 plate='?' frames=2 score=0.635 — dedup active 30.0s
16:10:51 detection_manager.py:316 - [OCR_PENDING] record=1831 tracks=[3]
16:10:51 detection_manager.py:322 - [PIPELINE_DONE] fid=626256 vehicles=1 plates=1 ocr=0 total=168ms
16:10:51 detection_processor.py:720 - [VEHICLE] conf=0.857 size=998×368px bbox=[1305,515,2304,884] detect_time=27ms
16:10:51 detection_manager.py:258 - [VEHICLE] fid=101008 conf=0.857 size=998×368px
16:10:51 detection_processor.py:2130 - [FRAME_SCORE] track=? | sharpness=0.260 (plate=0.000 frame=0.260) | conf=0.857 | area=0.123 | center=0.505 | SCORE=0.436
16:10:51 detection_processor.py:1751 - [TRACK_UPDATE] track=3 frame_count=3 score=0.635 plates=1 ocr_submitted=False
16:10:51 detection_processor.py:2204 - [DEDUP_SUMMARY] kept=1/1 tracks after deduplication
16:10:51 detection_manager.py:563 - [DEDUP_BLOCK] track=3 elapsed=0.2s < 30.0s prev='' — skip
16:10:51 detection_manager.py:353 - [TRACKING] fid=101008 active=1 filtered=1 eligible=0
16:10:51 detection_manager.py:357 - [DEDUP_SKIP] fid=101008 all 1 vehicle(s) are duplicates — skip save
16:10:52 detection_processor.py:720 - [VEHICLE] conf=0.857 size=1101×370px bbox=[1127,513,2228,884] detect_time=17ms
16:10:52 detection_manager.py:258 - [VEHICLE] fid=101008 conf=0.857 size=1101×370px
16:10:52 detection_processor.py:2130 - [FRAME_SCORE] track=? | sharpness=0.191 (plate=0.000 frame=0.191) | conf=0.857 | area=0.137 | center=0.601 | SCORE=0.421
16:10:52 detection_processor.py:1751 - [TRACK_UPDATE] track=3 frame_count=4 score=0.635 plates=1 ocr_submitted=False
16:10:52 detection_processor.py:2204 - [DEDUP_SUMMARY] kept=1/1 tracks after deduplication
16:10:52 detection_manager.py:563 - [DEDUP_BLOCK] track=3 elapsed=0.3s < 30.0s prev='' — skip
16:10:52 detection_manager.py:353 - [TRACKING] fid=101008 active=1 filtered=1 eligible=0
16:10:52 detection_manager.py:357 - [DEDUP_SKIP] fid=101008 all 1 vehicle(s) are duplicates — skip save
16:10:52 detection_processor.py:720 - [VEHICLE] conf=0.885 size=1091×364px bbox=[952,514,2044,878] detect_time=15ms
16:10:52 detection_manager.py:258 - [VEHICLE] fid=101008 conf=0.885 size=1091×364px
16:10:52 detection_processor.py:2130 - [FRAME_SCORE] track=? | sharpness=0.216 (plate=0.000 frame=0.216) | conf=0.885 | area=0.133 | center=0.736 | SCORE=0.452
16:10:52 detection_processor.py:1751 - [TRACK_UPDATE] track=3 frame_count=5 score=0.635 plates=1 ocr_submitted=False
16:10:52 detection_processor.py:2204 - [DEDUP_SUMMARY] kept=1/1 tracks after deduplication
16:10:52 detection_manager.py:563 - [DEDUP_BLOCK] track=3 elapsed=0.5s < 30.0s prev='' — skip
16:10:52 detection_manager.py:353 - [TRACKING] fid=101008 active=1 filtered=1 eligible=0
16:10:52 detection_manager.py:357 - [DEDUP_SKIP] fid=101008 all 1 vehicle(s) are duplicates — skip save
16:10:52 detection_processor.py:720 - [VEHICLE] conf=0.872 size=1076×357px bbox=[763,521,1839,878] detect_time=17ms
16:10:52 detection_manager.py:258 - [VEHICLE] fid=101008 conf=0.872 size=1076×357px
16:10:52 detection_processor.py:2130 - [FRAME_SCORE] track=? | sharpness=0.264 (plate=0.000 frame=0.264) | conf=0.872 | area=0.129 | center=0.881 | SCORE=0.481
16:10:52 detection_processor.py:1751 - [TRACK_UPDATE] track=3 frame_count=6 score=0.635 plates=1 ocr_submitted=False
16:10:52 detection_processor.py:2204 - [DEDUP_SUMMARY] kept=1/1 tracks after deduplication
16:10:52 detection_manager.py:563 - [DEDUP_BLOCK] track=3 elapsed=0.7s < 30.0s prev='' — skip
16:10:52 detection_manager.py:353 - [TRACKING] fid=101008 active=1 filtered=1 eligible=0
16:10:52 detection_manager.py:357 - [DEDUP_SKIP] fid=101008 all 1 vehicle(s) are duplicates — skip save
16:10:52 detection_processor.py:720 - [VEHICLE] conf=0.857 size=1077×365px bbox=[571,515,1649,880] detect_time=21ms
16:10:52 detection_manager.py:258 - [VEHICLE] fid=101008 conf=0.857 size=1077×365px
16:10:52 detection_processor.py:2130 - [FRAME_SCORE] track=? | sharpness=0.209 (plate=0.000 frame=0.209) | conf=0.857 | area=0.132 | center=0.951 | SCORE=0.462
16:10:52 detection_processor.py:1751 - [TRACK_UPDATE] track=3 frame_count=7 score=0.635 plates=1 ocr_submitted=False
16:10:52 detection_processor.py:2204 - [DEDUP_SUMMARY] kept=1/1 tracks after deduplication
16:10:52 detection_manager.py:563 - [DEDUP_BLOCK] track=3 elapsed=0.8s < 30.0s prev='' — skip
16:10:52 detection_manager.py:353 - [TRACKING] fid=101008 active=1 filtered=1 eligible=0
16:10:52 detection_manager.py:357 - [DEDUP_SKIP] fid=101008 all 1 vehicle(s) are duplicates — skip save
16:10:52 detection_processor.py:720 - [VEHICLE] conf=0.840 size=1093×368px bbox=[365,514,1458,882] detect_time=18ms
16:10:52 detection_manager.py:258 - [VEHICLE] fid=101008 conf=0.840 size=1093×368px
16:10:52 detection_processor.py:2130 - [FRAME_SCORE] track=? | sharpness=0.240 (plate=0.000 frame=0.240) | conf=0.840 | area=0.135 | center=0.814 | SCORE=0.457
16:10:52 detection_processor.py:1751 - [TRACK_UPDATE] track=3 frame_count=8 score=0.635 plates=1 ocr_submitted=False
16:10:52 detection_processor.py:2204 - [DEDUP_SUMMARY] kept=1/1 tracks after deduplication
16:10:52 detection_manager.py:563 - [DEDUP_BLOCK] track=3 elapsed=1.0s < 30.0s prev='' — skip
16:10:52 detection_manager.py:353 - [TRACKING] fid=101008 active=1 filtered=1 eligible=0
16:10:52 detection_manager.py:357 - [DEDUP_SKIP] fid=101008 all 1 vehicle(s) are duplicates — skip save
16:10:52 detection_processor.py:720 - [VEHICLE] conf=0.822 size=907×368px bbox=[367,512,1275,880] detect_time=22ms
16:10:52 detection_manager.py:258 - [VEHICLE] fid=101008 conf=0.822 size=907×368px
16:10:52 detection_processor.py:2130 - [FRAME_SCORE] track=? | sharpness=0.267 (plate=0.000 frame=0.267) | conf=0.822 | area=0.112 | center=0.747 | SCORE=0.451
16:10:52 detection_processor.py:1751 - [TRACK_UPDATE] track=3 frame_count=9 score=0.635 plates=1 ocr_submitted=False
16:10:52 detection_processor.py:2204 - [DEDUP_SUMMARY] kept=1/1 tracks after deduplication
16:10:52 detection_manager.py:563 - [DEDUP_BLOCK] track=3 elapsed=1.2s < 30.0s prev='' — skip
16:10:52 detection_manager.py:353 - [TRACKING] fid=101008 active=1 filtered=1 eligible=0
16:10:52 detection_manager.py:357 - [DEDUP_SKIP] fid=101008 all 1 vehicle(s) are duplicates — skip save
16:10:53 detection_processor.py:715 - 🚗 Vehicles detected: 0 (filtered from 1)
16:11:11 websocket_sender.py:759 - Sent 1 detection records to server
16:11:11 websocket_sender.py:363 - Socket.IO disconnected
16:11:12 websocket_sender.py:743 - health_status send failed: / is not a connected namespace.
16:11:17 websocket_sender.py:358 - Socket.IO connected
16:12:02 websocket_sender.py:363 - Socket.IO disconnected
16:12:03 websocket_sender.py:358 - Socket.IO connected
16:12:03 websocket_sender.py:363 - Socket.IO disconnected
16:12:04 websocket_sender.py:358 - Socket.IO connected
16:12:50 health_monitor.py:725 - Health check started
16:12:51 health_monitor.py:777 - Health check completed: healthy
16:13:10 mqtt_health_sender.py:118 - Sent 47 health record(s) via MQTT
16:14:52 health_monitor.py:725 - Health check started
16:14:53 health_monitor.py:777 - Health check completed: healthy
16:15:54 client.py:573 - packet queue is empty, aborting
16:16:09 websocket_sender.py:363 - Socket.IO disconnected
16:16:48 mqtt_client.py:34 - Disconnected from MQTT broker
16:16:48 mqtt_client.py:34 - Disconnected from MQTT broker
16:16:59 health_monitor.py:725 - Health check started
16:17:06 health_monitor.py:777 - Health check completed: healthy
16:18:15 mqtt_client.py:52 - Failed to connect to MQTT broker: timed out
16:19:12 health_monitor.py:725 - Health check started
16:19:16 health_monitor.py:777 - Health check completed: healthy
16:19:58 websocket_sender.py:358 - Socket.IO connected
16:20:43 websocket_sender.py:363 - Socket.IO disconnected
16:20:45 websocket_sender.py:358 - Socket.IO connected
16:20:45 websocket_sender.py:363 - Socket.IO disconnected
16:20:47 websocket_sender.py:358 - Socket.IO connected
16:21:17 health_monitor.py:725 - Health check started
16:21:18 health_monitor.py:777 - Health check completed: healthy
16:21:31 mqtt_client.py:26 - Connected to MQTT broker at lprserver.tail605477.ts.net:1883
16:23:16 mqtt_health_sender.py:118 - Sent 50 health record(s) via MQTT
16:23:20 health_monitor.py:725 - Health check started
16:23:21 health_monitor.py:777 - Health check completed: healthy
16:25:22 health_monitor.py:725 - Health check started
16:25:23 health_monitor.py:777 - Health check completed: healthy
16:27:24 health_monitor.py:725 - Health check started
16:27:26 health_monitor.py:777 - Health check completed: healthy
16:28:17 mqtt_health_sender.py:118 - Sent 41 health record(s) via MQTT
16:29:27 health_monitor.py:725 - Health check started
16:29:28 health_monitor.py:777 - Health check completed: healthy
16:31:29 health_monitor.py:725 - Health check started
16:31:31 health_monitor.py:777 - Health check completed: healthy
16:33:18 mqtt_health_sender.py:118 - Sent 32 health record(s) via MQTT
16:33:32 health_monitor.py:725 - Health check started
16:33:38 health_monitor.py:777 - Health check completed: healthy
16:33:52 client.py:573 - packet queue is empty, aborting
16:34:07 websocket_sender.py:363 - Socket.IO disconnected
16:34:33 mqtt_client.py:34 - Disconnected from MQTT broker
16:34:33 mqtt_client.py:34 - Disconnected from MQTT broker
16:35:44 health_monitor.py:725 - Health check started
16:35:50 health_monitor.py:777 - Health check completed: healthy
16:37:54 health_monitor.py:725 - Health check started
16:37:56 health_monitor.py:777 - Health check completed: healthy
16:38:02 websocket_sender.py:358 - Socket.IO connected
16:38:47 websocket_sender.py:363 - Socket.IO disconnected
16:38:50 websocket_sender.py:358 - Socket.IO connected
16:39:15 mqtt_client.py:26 - Connected to MQTT broker at lprserver.tail605477.ts.net:1883
16:39:57 health_monitor.py:725 - Health check started
16:39:58 health_monitor.py:777 - Health check completed: healthy
16:41:59 health_monitor.py:725 - Health check started
16:42:01 health_monitor.py:777 - Health check completed: healthy
16:43:20 mqtt_health_sender.py:118 - Sent 50 health record(s) via MQTT
16:44:02 health_monitor.py:725 - Health check started
16:44:03 health_monitor.py:777 - Health check completed: healthy
16:46:04 health_monitor.py:725 - Health check started
16:46:05 health_monitor.py:777 - Health check completed: healthy
16:46:24 detection_processor.py:715 - 🚗 Vehicles detected: 1 (filtered from 1)
16:46:24 detection_processor.py:720 - [VEHICLE] conf=0.872 size=806×338px bbox=[379,523,1186,861] detect_time=19ms
16:46:24 detection_manager.py:258 - [VEHICLE] fid=987184 conf=0.872 size=806×338px
16:46:24 detection_processor.py:1805 - [TRACKER_EXPIRE] track_id=3 | age=2131.81s | frame_count=9 | best_score=0.635 | plates_found=1
16:46:24 detection_processor.py:2130 - [FRAME_SCORE] track=? | sharpness=0.199 (plate=0.000 frame=0.199) | conf=0.872 | area=0.091 | center=0.718 | SCORE=0.431
16:46:24 detection_processor.py:1764 - [TRACK_NEW] track=4 conf=0.872 size=806×338px — new vehicle
16:46:24 detection_processor.py:1777 - [TRACKER] active=[4] | created=[4] | lost=[3] | total_detections=1
16:46:24 detection_processor.py:2204 - [DEDUP_SUMMARY] kept=1/1 tracks after deduplication
16:46:24 detection_manager.py:582 - [DEDUP_NEW] track=4 first seen — allow
16:46:24 detection_manager.py:353 - [TRACKING] fid=987184 active=1 filtered=1 eligible=1
16:46:24 detection_manager.py:287 - [SAVE_DEFER] fid=987184 no plate visible — keeping tracks eligible for next frame
16:46:24 detection_processor.py:720 - [VEHICLE] conf=0.885 size=839×349px bbox=[435,523,1275,873] detect_time=20ms
16:46:24 detection_manager.py:258 - [VEHICLE] fid=989584 conf=0.885 size=839×349px
16:46:24 detection_processor.py:2130 - [FRAME_SCORE] track=? | sharpness=0.297 (plate=0.000 frame=0.297) | conf=0.885 | area=0.098 | center=0.772 | SCORE=0.481
16:46:24 detection_processor.py:1751 - [TRACK_UPDATE] track=4 frame_count=2 score=0.481 plates=0 ocr_submitted=False
16:46:24 detection_processor.py:2204 - [DEDUP_SUMMARY] kept=1/1 tracks after deduplication
16:46:24 detection_manager.py:582 - [DEDUP_NEW] track=4 first seen — allow
16:46:24 detection_manager.py:353 - [TRACKING] fid=989584 active=1 filtered=1 eligible=1
16:46:24 detection_manager.py:287 - [SAVE_DEFER] fid=989584 no plate visible — keeping tracks eligible for next frame
16:46:25 detection_processor.py:720 - [VEHICLE] conf=0.885 size=835×335px bbox=[543,528,1379,863] detect_time=22ms
16:46:25 detection_manager.py:258 - [VEHICLE] fid=991120 conf=0.885 size=835×335px
16:46:25 detection_processor.py:2130 - [FRAME_SCORE] track=? | sharpness=0.262 (plate=0.000 frame=0.262) | conf=0.885 | area=0.094 | center=0.851 | SCORE=0.474
16:46:25 detection_processor.py:1751 - [TRACK_UPDATE] track=4 frame_count=3 score=0.481 plates=0 ocr_submitted=False
16:46:25 detection_processor.py:2204 - [DEDUP_SUMMARY] kept=1/1 tracks after deduplication
16:46:25 detection_manager.py:582 - [DEDUP_NEW] track=4 first seen — allow
16:46:25 detection_manager.py:353 - [TRACKING] fid=991120 active=1 filtered=1 eligible=1
16:46:25 detection_manager.py:287 - [SAVE_DEFER] fid=991120 no plate visible — keeping tracks eligible for next frame
16:46:25 detection_processor.py:720 - [VEHICLE] conf=0.885 size=821×331px bbox=[659,530,1480,861] detect_time=28ms
16:46:25 detection_manager.py:258 - [VEHICLE] fid=988624 conf=0.885 size=821×331px
16:46:25 detection_processor.py:2130 - [FRAME_SCORE] track=? | sharpness=0.287 (plate=0.000 frame=0.287) | conf=0.885 | area=0.091 | center=0.928 | SCORE=0.491
16:46:25 detection_processor.py:1751 - [TRACK_UPDATE] track=4 frame_count=4 score=0.491 plates=0 ocr_submitted=False
16:46:25 detection_processor.py:2204 - [DEDUP_SUMMARY] kept=1/1 tracks after deduplication
16:46:25 detection_manager.py:582 - [DEDUP_NEW] track=4 first seen — allow
16:46:25 detection_manager.py:353 - [TRACKING] fid=988624 active=1 filtered=1 eligible=1
16:46:25 detection_manager.py:287 - [SAVE_DEFER] fid=988624 no plate visible — keeping tracks eligible for next frame
16:46:25 detection_processor.py:720 - [VEHICLE] conf=0.885 size=820×326px bbox=[757,533,1577,860] detect_time=21ms
16:46:25 detection_manager.py:258 - [VEHICLE] fid=987184 conf=0.885 size=820×326px
16:46:25 detection_processor.py:2130 - [FRAME_SCORE] track=? | sharpness=0.270 (plate=0.000 frame=0.270) | conf=0.885 | area=0.090 | center=0.962 | SCORE=0.488
16:46:25 detection_processor.py:1751 - [TRACK_UPDATE] track=4 frame_count=5 score=0.491 plates=0 ocr_submitted=False
16:46:25 detection_processor.py:2204 - [DEDUP_SUMMARY] kept=1/1 tracks after deduplication
16:46:25 detection_manager.py:582 - [DEDUP_NEW] track=4 first seen — allow
16:46:25 detection_manager.py:353 - [TRACKING] fid=987184 active=1 filtered=1 eligible=1
16:46:25 detection_manager.py:287 - [SAVE_DEFER] fid=987184 no plate visible — keeping tracks eligible for next frame
16:46:25 detection_processor.py:720 - [VEHICLE] conf=0.885 size=817×344px bbox=[854,525,1671,870] detect_time=21ms
16:46:25 detection_manager.py:258 - [VEHICLE] fid=990064 conf=0.885 size=817×344px
16:46:25 detection_processor.py:2130 - [FRAME_SCORE] track=? | sharpness=0.240 (plate=0.000 frame=0.240) | conf=0.885 | area=0.094 | center=0.908 | SCORE=0.471
16:46:25 detection_processor.py:1751 - [TRACK_UPDATE] track=4 frame_count=6 score=0.491 plates=0 ocr_submitted=False
16:46:25 detection_processor.py:2204 - [DEDUP_SUMMARY] kept=1/1 tracks after deduplication
16:46:25 detection_manager.py:582 - [DEDUP_NEW] track=4 first seen — allow
16:46:25 detection_manager.py:353 - [TRACKING] fid=990064 active=1 filtered=1 eligible=1
16:46:25 detection_manager.py:287 - [SAVE_DEFER] fid=990064 no plate visible — keeping tracks eligible for next frame
16:46:25 detection_processor.py:720 - [VEHICLE] conf=0.885 size=813×342px bbox=[934,527,1747,870] detect_time=20ms
16:46:25 detection_manager.py:258 - [VEHICLE] fid=990928 conf=0.885 size=813×342px
16:46:25 detection_processor.py:2130 - [FRAME_SCORE] track=? | sharpness=0.292 (plate=0.000 frame=0.292) | conf=0.885 | area=0.093 | center=0.852 | SCORE=0.486
16:46:25 detection_processor.py:1751 - [TRACK_UPDATE] track=4 frame_count=7 score=0.491 plates=0 ocr_submitted=False
16:46:25 detection_processor.py:2204 - [DEDUP_SUMMARY] kept=1/1 tracks after deduplication
16:46:25 detection_manager.py:582 - [DEDUP_NEW] track=4 first seen — allow
16:46:25 detection_manager.py:353 - [TRACKING] fid=990928 active=1 filtered=1 eligible=1
16:46:25 detection_manager.py:287 - [SAVE_DEFER] fid=990928 no plate visible — keeping tracks eligible for next frame
16:46:26 detection_processor.py:720 - [VEHICLE] conf=0.885 size=822×326px bbox=[1021,533,1843,860] detect_time=23ms
16:46:26 detection_manager.py:258 - [VEHICLE] fid=985744 conf=0.885 size=822×326px
16:46:26 detection_processor.py:2130 - [FRAME_SCORE] track=? | sharpness=0.320 (plate=0.000 frame=0.320) | conf=0.885 | area=0.090 | center=0.785 | SCORE=0.490
16:46:26 detection_processor.py:1751 - [TRACK_UPDATE] track=4 frame_count=8 score=0.491 plates=0 ocr_submitted=False
16:46:26 detection_processor.py:2204 - [DEDUP_SUMMARY] kept=1/1 tracks after deduplication
16:46:26 detection_manager.py:582 - [DEDUP_NEW] track=4 first seen — allow
16:46:26 detection_manager.py:353 - [TRACKING] fid=985744 active=1 filtered=1 eligible=1
16:46:26 detection_manager.py:287 - [SAVE_DEFER] fid=985744 no plate visible — keeping tracks eligible for next frame
16:46:26 detection_processor.py:720 - [VEHICLE] conf=0.885 size=835×327px bbox=[1102,535,1938,863] detect_time=28ms
16:46:26 detection_manager.py:258 - [VEHICLE] fid=991696 conf=0.885 size=835×327px
16:46:26 detection_processor.py:2130 - [FRAME_SCORE] track=? | sharpness=0.307 (plate=0.000 frame=0.307) | conf=0.885 | area=0.092 | center=0.719 | SCORE=0.478
16:46:26 detection_processor.py:1751 - [TRACK_UPDATE] track=4 frame_count=9 score=0.491 plates=0 ocr_submitted=False
16:46:26 detection_processor.py:2204 - [DEDUP_SUMMARY] kept=1/1 tracks after deduplication
16:46:26 detection_manager.py:582 - [DEDUP_NEW] track=4 first seen — allow
16:46:26 detection_manager.py:353 - [TRACKING] fid=991696 active=1 filtered=1 eligible=1
16:46:26 detection_manager.py:287 - [SAVE_DEFER] fid=991696 no plate visible — keeping tracks eligible for next frame
16:46:26 detection_processor.py:720 - [VEHICLE] conf=0.885 size=847×348px bbox=[1187,525,2035,873] detect_time=23ms
16:46:26 detection_manager.py:258 - [VEHICLE] fid=987184 conf=0.885 size=847×348px
16:46:26 detection_processor.py:2130 - [FRAME_SCORE] track=? | sharpness=0.343 (plate=0.000 frame=0.343) | conf=0.885 | area=0.099 | center=0.651 | SCORE=0.488
16:46:26 detection_processor.py:1751 - [TRACK_UPDATE] track=4 frame_count=10 score=0.491 plates=0 ocr_submitted=False
16:46:26 detection_processor.py:2204 - [DEDUP_SUMMARY] kept=1/1 tracks after deduplication
16:46:26 detection_manager.py:582 - [DEDUP_NEW] track=4 first seen — allow
16:46:26 detection_manager.py:353 - [TRACKING] fid=987184 active=1 filtered=1 eligible=1
16:46:26 detection_manager.py:287 - [SAVE_DEFER] fid=987184 no plate visible — keeping tracks eligible for next frame
16:46:26 detection_processor.py:720 - [VEHICLE] conf=0.885 size=869×336px bbox=[1263,532,2133,868] detect_time=26ms
16:46:26 detection_manager.py:258 - [VEHICLE] fid=991600 conf=0.885 size=869×336px
16:46:26 detection_processor.py:2130 - [FRAME_SCORE] track=? | sharpness=0.252 (plate=0.000 frame=0.252) | conf=0.885 | area=0.098 | center=0.585 | SCORE=0.444
16:46:26 detection_processor.py:1751 - [TRACK_UPDATE] track=4 frame_count=11 score=0.491 plates=0 ocr_submitted=False
16:46:26 detection_processor.py:2204 - [DEDUP_SUMMARY] kept=1/1 tracks after deduplication
16:46:26 detection_manager.py:582 - [DEDUP_NEW] track=4 first seen — allow
16:46:26 detection_manager.py:353 - [TRACKING] fid=991600 active=1 filtered=1 eligible=1
16:46:26 detection_manager.py:287 - [SAVE_DEFER] fid=991600 no plate visible — keeping tracks eligible for next frame
16:46:26 detection_processor.py:720 - [VEHICLE] conf=0.898 size=899×343px bbox=[1340,530,2240,873] detect_time=26ms
16:46:26 detection_manager.py:258 - [VEHICLE] fid=990928 conf=0.898 size=899×343px
16:46:26 detection_processor.py:2130 - [FRAME_SCORE] track=? | sharpness=0.344 (plate=0.000 frame=0.344) | conf=0.898 | area=0.103 | center=0.516 | SCORE=0.479
16:46:26 detection_processor.py:1751 - [TRACK_UPDATE] track=4 frame_count=12 score=0.491 plates=0 ocr_submitted=False
16:46:26 detection_processor.py:2204 - [DEDUP_SUMMARY] kept=1/1 tracks after deduplication
16:46:26 detection_manager.py:582 - [DEDUP_NEW] track=4 first seen — allow
16:46:26 detection_manager.py:353 - [TRACKING] fid=990928 active=1 filtered=1 eligible=1
16:46:26 detection_manager.py:287 - [SAVE_DEFER] fid=990928 no plate visible — keeping tracks eligible for next frame
16:46:27 detection_processor.py:720 - [VEHICLE] conf=0.898 size=894×352px bbox=[1409,524,2304,877] detect_time=22ms
16:46:27 detection_manager.py:258 - [VEHICLE] fid=990736 conf=0.898 size=894×352px
16:46:27 detection_processor.py:2130 - [FRAME_SCORE] track=? | sharpness=0.340 (plate=0.000 frame=0.340) | conf=0.898 | area=0.106 | center=0.465 | SCORE=0.473
16:46:27 detection_processor.py:1751 - [TRACK_UPDATE] track=4 frame_count=13 score=0.491 plates=0 ocr_submitted=False
16:46:27 detection_processor.py:2204 - [DEDUP_SUMMARY] kept=1/1 tracks after deduplication
16:46:27 detection_manager.py:582 - [DEDUP_NEW] track=4 first seen — allow
16:46:27 detection_manager.py:353 - [TRACKING] fid=990736 active=1 filtered=1 eligible=1
16:46:27 detection_manager.py:287 - [SAVE_DEFER] fid=990736 no plate visible — keeping tracks eligible for next frame
16:46:27 detection_processor.py:720 - [VEHICLE] conf=0.898 size=819×352px bbox=[1485,524,2304,877] detect_time=27ms
16:46:27 detection_manager.py:258 - [VEHICLE] fid=984208 conf=0.898 size=819×352px
16:46:27 detection_processor.py:2130 - [FRAME_SCORE] track=? | sharpness=0.326 (plate=0.000 frame=0.326) | conf=0.898 | area=0.097 | center=0.437 | SCORE=0.463
16:46:27 detection_processor.py:1751 - [TRACK_UPDATE] track=4 frame_count=14 score=0.491 plates=0 ocr_submitted=False
16:46:27 detection_processor.py:2204 - [DEDUP_SUMMARY] kept=1/1 tracks after deduplication
16:46:27 detection_manager.py:582 - [DEDUP_NEW] track=4 first seen — allow
16:46:27 detection_manager.py:353 - [TRACKING] fid=984208 active=1 filtered=1 eligible=1
16:46:27 detection_manager.py:287 - [SAVE_DEFER] fid=984208 no plate visible — keeping tracks eligible for next frame
16:46:27 detection_processor.py:720 - [VEHICLE] conf=0.898 size=759×358px bbox=[1545,520,2304,878] detect_time=22ms
16:46:27 detection_manager.py:258 - [VEHICLE] fid=991696 conf=0.898 size=759×358px
16:46:27 detection_processor.py:2130 - [FRAME_SCORE] track=? | sharpness=0.322 (plate=0.000 frame=0.322) | conf=0.898 | area=0.091 | center=0.414 | SCORE=0.458
16:46:27 detection_processor.py:1751 - [TRACK_UPDATE] track=4 frame_count=15 score=0.491 plates=0 ocr_submitted=False
16:46:27 detection_processor.py:2204 - [DEDUP_SUMMARY] kept=1/1 tracks after deduplication
16:46:27 detection_manager.py:582 - [DEDUP_NEW] track=4 first seen — allow
16:46:27 detection_manager.py:353 - [TRACKING] fid=991696 active=1 filtered=1 eligible=1
16:46:27 detection_manager.py:287 - [SAVE_DEFER] fid=991696 no plate visible — keeping tracks eligible for next frame
16:46:27 detection_processor.py:720 - [VEHICLE] conf=0.898 size=696×360px bbox=[1607,517,2304,878] detect_time=21ms
16:46:27 detection_manager.py:258 - [VEHICLE] fid=991216 conf=0.898 size=696×360px
16:46:27 detection_processor.py:2130 - [FRAME_SCORE] track=? | sharpness=0.311 (plate=0.000 frame=0.311) | conf=0.898 | area=0.084 | center=0.391 | SCORE=0.450
16:46:27 detection_processor.py:1751 - [TRACK_UPDATE] track=4 frame_count=16 score=0.491 plates=0 ocr_submitted=False
16:46:27 detection_processor.py:2204 - [DEDUP_SUMMARY] kept=1/1 tracks after deduplication
16:46:27 detection_manager.py:582 - [DEDUP_NEW] track=4 first seen — allow
16:46:27 detection_manager.py:353 - [TRACKING] fid=991216 active=1 filtered=1 eligible=1
16:46:27 detection_manager.py:287 - [SAVE_DEFER] fid=991216 no plate visible — keeping tracks eligible for next frame
16:46:27 detection_processor.py:715 - 🚗 Vehicles detected: 0 (filtered from 1)
16:48:06 health_monitor.py:725 - Health check started
16:48:08 health_monitor.py:777 - Health check completed: healthy
16:48:20 mqtt_health_sender.py:118 - Sent 48 health record(s) via MQTT
16:50:09 health_monitor.py:725 - Health check started
16:50:10 health_monitor.py:777 - Health check completed: healthy
16:52:12 health_monitor.py:725 - Health check started
16:52:13 health_monitor.py:777 - Health check completed: healthy
16:53:09 detection_processor.py:715 - 🚗 Vehicles detected: 1 (filtered from 1)
16:53:09 detection_processor.py:720 - [VEHICLE] conf=0.898 size=620×379px bbox=[1682,499,2302,878] detect_time=15ms
16:53:09 detection_manager.py:258 - [VEHICLE] fid=624624 conf=0.898 size=620×379px
16:53:09 detection_processor.py:1805 - [TRACKER_EXPIRE] track_id=4 | age=401.52s | frame_count=16 | best_score=0.491 | plates_found=0
16:53:09 detection_processor.py:2130 - [FRAME_SCORE] track=? | sharpness=0.260 (plate=0.000 frame=0.260) | conf=0.898 | area=0.079 | center=0.364 | SCORE=0.425
16:53:09 detection_processor.py:1764 - [TRACK_NEW] track=5 conf=0.898 size=620×379px — new vehicle
16:53:09 detection_processor.py:1777 - [TRACKER] active=[5] | created=[5] | lost=[4] | total_detections=1
16:53:09 detection_processor.py:2204 - [DEDUP_SUMMARY] kept=1/1 tracks after deduplication
16:53:09 detection_manager.py:582 - [DEDUP_NEW] track=5 first seen — allow
16:53:09 detection_manager.py:353 - [TRACKING] fid=624624 active=1 filtered=1 eligible=1
16:53:09 detection_manager.py:287 - [SAVE_DEFER] fid=624624 no plate visible — keeping tracks eligible for next frame
16:53:09 detection_processor.py:720 - [VEHICLE] conf=0.898 size=762×388px bbox=[1541,497,2304,886] detect_time=25ms
16:53:09 detection_manager.py:258 - [VEHICLE] fid=624624 conf=0.898 size=762×388px
16:53:09 detection_processor.py:2130 - [FRAME_SCORE] track=? | sharpness=0.292 (plate=0.000 frame=0.292) | conf=0.898 | area=0.099 | center=0.416 | SCORE=0.448
16:53:09 detection_processor.py:1751 - [TRACK_UPDATE] track=5 frame_count=2 score=0.448 plates=0 ocr_submitted=False
16:53:09 detection_processor.py:2204 - [DEDUP_SUMMARY] kept=1/1 tracks after deduplication
16:53:09 detection_manager.py:582 - [DEDUP_NEW] track=5 first seen — allow
16:53:09 detection_manager.py:353 - [TRACKING] fid=624624 active=1 filtered=1 eligible=1
16:53:09 detection_manager.py:287 - [SAVE_DEFER] fid=624624 no plate visible — keeping tracks eligible for next frame
16:53:09 detection_processor.py:720 - [VEHICLE] conf=0.898 size=923×378px bbox=[1381,500,2304,878] detect_time=23ms
16:53:09 detection_manager.py:258 - [VEHICLE] fid=624624 conf=0.898 size=923×378px
16:53:09 detection_processor.py:2130 - [FRAME_SCORE] track=? | sharpness=0.348 (plate=0.000 frame=0.348) | conf=0.898 | area=0.117 | center=0.477 | SCORE=0.480
16:53:09 detection_processor.py:1751 - [TRACK_UPDATE] track=5 frame_count=3 score=0.480 plates=0 ocr_submitted=False
16:53:09 detection_processor.py:2204 - [DEDUP_SUMMARY] kept=1/1 tracks after deduplication
16:53:09 detection_manager.py:582 - [DEDUP_NEW] track=5 first seen — allow
16:53:09 detection_manager.py:353 - [TRACKING] fid=624624 active=1 filtered=1 eligible=1
16:53:09 detection_manager.py:287 - [SAVE_DEFER] fid=624624 no plate visible — keeping tracks eligible for next frame
16:53:09 detection_processor.py:720 - [VEHICLE] conf=0.898 size=1088×377px bbox=[1215,501,2304,878] detect_time=27ms
16:53:09 detection_manager.py:258 - [VEHICLE] fid=624624 conf=0.898 size=1088×377px
16:53:09 detection_processor.py:2130 - [FRAME_SCORE] track=? | sharpness=0.349 (plate=0.000 frame=0.349) | conf=0.898 | area=0.138 | center=0.539 | SCORE=0.490
16:53:09 detection_processor.py:1751 - [TRACK_UPDATE] track=5 frame_count=4 score=0.490 plates=0 ocr_submitted=False
16:53:09 detection_processor.py:2204 - [DEDUP_SUMMARY] kept=1/1 tracks after deduplication
16:53:09 detection_manager.py:582 - [DEDUP_NEW] track=5 first seen — allow
16:53:09 detection_manager.py:353 - [TRACKING] fid=624624 active=1 filtered=1 eligible=1
16:53:09 detection_manager.py:287 - [SAVE_DEFER] fid=624624 no plate visible — keeping tracks eligible for next frame
16:53:09 detection_processor.py:720 - [VEHICLE] conf=0.885 size=1153×390px bbox=[1035,493,2188,884] detect_time=21ms
16:53:09 detection_manager.py:258 - [VEHICLE] fid=624624 conf=0.885 size=1153×390px
16:53:09 detection_processor.py:2130 - [FRAME_SCORE] track=? | sharpness=0.312 (plate=0.000 frame=0.312) | conf=0.885 | area=0.151 | center=0.651 | SCORE=0.486
16:53:09 detection_processor.py:1751 - [TRACK_UPDATE] track=5 frame_count=5 score=0.490 plates=0 ocr_submitted=False
16:53:09 detection_processor.py:2204 - [DEDUP_SUMMARY] kept=1/1 tracks after deduplication
16:53:09 detection_manager.py:582 - [DEDUP_NEW] track=5 first seen — allow
16:53:09 detection_manager.py:353 - [TRACKING] fid=624624 active=1 filtered=1 eligible=1
16:53:10 detection_manager.py:287 - [SAVE_DEFER] fid=624624 no plate visible — keeping tracks eligible for next frame
16:53:10 detection_processor.py:720 - [VEHICLE] conf=0.898 size=1162×376px bbox=[881,502,2043,878] detect_time=22ms
16:53:10 detection_manager.py:258 - [VEHICLE] fid=109552 conf=0.898 size=1162×376px
16:53:10 detection_processor.py:2130 - [FRAME_SCORE] track=? | sharpness=0.179 (plate=0.000 frame=0.179) | conf=0.898 | area=0.147 | center=0.763 | SCORE=0.447
16:53:10 detection_processor.py:1751 - [TRACK_UPDATE] track=5 frame_count=6 score=0.490 plates=0 ocr_submitted=False
16:53:10 detection_processor.py:2204 - [DEDUP_SUMMARY] kept=1/1 tracks after deduplication
16:53:10 detection_manager.py:582 - [DEDUP_NEW] track=5 first seen — allow
16:53:10 detection_manager.py:353 - [TRACKING] fid=109552 active=1 filtered=1 eligible=1
16:53:10 detection_manager.py:287 - [SAVE_DEFER] fid=109552 no plate visible — keeping tracks eligible for next frame
16:53:10 detection_processor.py:720 - [VEHICLE] conf=0.872 size=1132×377px bbox=[704,501,1836,878] detect_time=21ms
16:53:10 detection_manager.py:258 - [VEHICLE] fid=624624 conf=0.872 size=1132×377px
16:53:10 detection_processor.py:2130 - [FRAME_SCORE] track=? | sharpness=0.227 (plate=0.000 frame=0.227) | conf=0.872 | area=0.143 | center=0.906 | SCORE=0.472
16:53:10 detection_processor.py:1751 - [TRACK_UPDATE] track=5 frame_count=7 score=0.490 plates=0 ocr_submitted=False
16:53:10 detection_processor.py:2204 - [DEDUP_SUMMARY] kept=1/1 tracks after deduplication
16:53:10 detection_manager.py:582 - [DEDUP_NEW] track=5 first seen — allow
16:53:10 detection_manager.py:353 - [TRACKING] fid=624624 active=1 filtered=1 eligible=1
16:53:10 detection_manager.py:287 - [SAVE_DEFER] fid=624624 no plate visible — keeping tracks eligible for next frame
16:53:10 detection_processor.py:720 - [VEHICLE] conf=0.885 size=1129×375px bbox=[506,503,1635,878] detect_time=22ms
16:53:10 detection_manager.py:258 - [VEHICLE] fid=624624 conf=0.885 size=1129×375px
16:53:10 detection_processor.py:2130 - [FRAME_SCORE] track=? | sharpness=0.211 (plate=0.000 frame=0.211) | conf=0.885 | area=0.142 | center=0.930 | SCORE=0.471
16:53:10 detection_processor.py:1751 - [TRACK_UPDATE] track=5 frame_count=8 score=0.490 plates=0 ocr_submitted=False
16:53:10 detection_processor.py:2204 - [DEDUP_SUMMARY] kept=1/1 tracks after deduplication
16:53:10 detection_manager.py:582 - [DEDUP_NEW] track=5 first seen — allow
16:53:10 detection_manager.py:353 - [TRACKING] fid=624624 active=1 filtered=1 eligible=1
16:53:10 detection_manager.py:287 - [SAVE_DEFER] fid=624624 no plate visible — keeping tracks eligible for next frame
16:53:10 detection_processor.py:720 - [VEHICLE] conf=0.872 size=1091×379px bbox=[365,499,1456,879] detect_time=22ms
16:53:10 detection_manager.py:258 - [VEHICLE] fid=624624 conf=0.872 size=1091×379px
16:53:10 detection_processor.py:2130 - [FRAME_SCORE] track=? | sharpness=0.225 (plate=0.000 frame=0.225) | conf=0.872 | area=0.139 | center=0.815 | SCORE=0.461
16:53:10 detection_processor.py:1751 - [TRACK_UPDATE] track=5 frame_count=9 score=0.490 plates=0 ocr_submitted=False
16:53:10 detection_processor.py:2204 - [DEDUP_SUMMARY] kept=1/1 tracks after deduplication
16:53:10 detection_manager.py:582 - [DEDUP_NEW] track=5 first seen — allow
16:53:10 detection_manager.py:353 - [TRACKING] fid=624624 active=1 filtered=1 eligible=1
16:53:10 detection_manager.py:287 - [SAVE_DEFER] fid=624624 no plate visible — keeping tracks eligible for next frame
16:53:10 detection_processor.py:715 - 🚗 Vehicles detected: 0 (filtered from 1)
16:53:21 mqtt_health_sender.py:118 - Sent 32 health record(s) via MQTT
16:54:14 health_monitor.py:725 - Health check started
16:54:15 health_monitor.py:777 - Health check completed: healthy
16:56:16 health_monitor.py:725 - Health check started
16:56:17 health_monitor.py:777 - Health check completed: healthy
16:58:19 health_monitor.py:725 - Health check started
16:58:20 health_monitor.py:777 - Health check completed: healthy
16:58:21 mqtt_health_sender.py:118 - Sent 33 health record(s) via MQTT
17:00:21 health_monitor.py:725 - Health check started
17:00:22 health_monitor.py:777 - Health check completed: healthy
17:02:24 health_monitor.py:725 - Health check started
17:02:25 health_monitor.py:777 - Health check completed: healthy
17:03:22 mqtt_health_sender.py:118 - Sent 26 health record(s) via MQTT
17:04:26 health_monitor.py:725 - Health check started
17:04:27 health_monitor.py:777 - Health check completed: healthy
17:06:29 health_monitor.py:725 - Health check started
17:06:30 health_monitor.py:777 - Health check completed: healthy
17:08:23 mqtt_health_sender.py:118 - Sent 32 health record(s) via MQTT
17:08:31 health_monitor.py:725 - Health check started
17:08:32 health_monitor.py:777 - Health check completed: healthy
17:09:41 detection_processor.py:715 - 🚗 Vehicles detected: 1 (filtered from 1)
17:09:41 detection_processor.py:720 - [VEHICLE] conf=0.822 size=791×355px bbox=[378,504,1169,859] detect_time=19ms
17:09:41 detection_manager.py:258 - [VEHICLE] fid=624624 conf=0.822 size=791×355px
17:09:41 detection_processor.py:1805 - [TRACKER_EXPIRE] track_id=5 | age=990.56s | frame_count=9 | best_score=0.490 | plates_found=0
17:09:41 detection_processor.py:2130 - [FRAME_SCORE] track=? | sharpness=0.227 (plate=0.000 frame=0.227) | conf=0.822 | area=0.094 | center=0.713 | SCORE=0.428
17:09:41 detection_processor.py:1764 - [TRACK_NEW] track=6 conf=0.822 size=791×355px — new vehicle
17:09:41 detection_processor.py:1777 - [TRACKER] active=[6] | created=[6] | lost=[5] | total_detections=1
17:09:41 detection_processor.py:2204 - [DEDUP_SUMMARY] kept=1/1 tracks after deduplication
17:09:41 detection_manager.py:582 - [DEDUP_NEW] track=6 first seen — allow
17:09:41 detection_manager.py:353 - [TRACKING] fid=624624 active=1 filtered=1 eligible=1
17:09:41 detection_manager.py:287 - [SAVE_DEFER] fid=624624 no plate visible — keeping tracks eligible for next frame
17:09:41 detection_processor.py:715 - 🚗 Vehicles detected: 0 (filtered from 1)
17:09:41 detection_processor.py:715 - 🚗 Vehicles detected: 1 (filtered from 1)
17:09:41 detection_processor.py:720 - [VEHICLE] conf=0.857 size=1042×351px bbox=[481,518,1523,870] detect_time=14ms
17:09:41 detection_manager.py:258 - [VEHICLE] fid=624624 conf=0.857 size=1042×351px
17:09:41 detection_processor.py:2130 - [FRAME_SCORE] track=? | sharpness=0.231 (plate=0.000 frame=0.231) | conf=0.857 | area=0.123 | center=0.881 | SCORE=0.462
17:09:41 detection_processor.py:1751 - [TRACK_UPDATE] track=6 frame_count=2 score=0.462 plates=0 ocr_submitted=False
17:09:41 detection_processor.py:2204 - [DEDUP_SUMMARY] kept=1/1 tracks after deduplication
17:09:41 detection_manager.py:582 - [DEDUP_NEW] track=6 first seen — allow
17:09:41 detection_manager.py:353 - [TRACKING] fid=624624 active=1 filtered=1 eligible=1
17:09:41 detection_manager.py:287 - [SAVE_DEFER] fid=624624 no plate visible — keeping tracks eligible for next frame
17:09:41 detection_processor.py:720 - [VEHICLE] conf=0.872 size=1035×357px bbox=[749,521,1784,878] detect_time=29ms
17:09:41 detection_manager.py:258 - [VEHICLE] fid=624624 conf=0.872 size=1035×357px
17:09:41 detection_processor.py:2130 - [FRAME_SCORE] track=? | sharpness=0.232 (plate=0.000 frame=0.232) | conf=0.872 | area=0.124 | center=0.905 | SCORE=0.470
17:09:41 detection_processor.py:1751 - [TRACK_UPDATE] track=6 frame_count=3 score=0.470 plates=0 ocr_submitted=False
17:09:41 detection_processor.py:2204 - [DEDUP_SUMMARY] kept=1/1 tracks after deduplication
17:09:41 detection_manager.py:582 - [DEDUP_NEW] track=6 first seen — allow
17:09:41 detection_manager.py:353 - [TRACKING] fid=624624 active=1 filtered=1 eligible=1
17:09:41 detection_manager.py:287 - [SAVE_DEFER] fid=624624 no plate visible — keeping tracks eligible for next frame
17:09:41 detection_processor.py:720 - [VEHICLE] conf=0.885 size=1048×362px bbox=[1001,516,2050,878] detect_time=24ms
17:09:41 detection_manager.py:258 - [VEHICLE] fid=624624 conf=0.885 size=1048×362px
17:09:42 detection_processor.py:2130 - [FRAME_SCORE] track=? | sharpness=0.294 (plate=0.000 frame=0.294) | conf=0.885 | area=0.127 | center=0.715 | SCORE=0.480
17:09:42 detection_processor.py:1751 - [TRACK_UPDATE] track=6 frame_count=4 score=0.480 plates=0 ocr_submitted=False
17:09:42 detection_processor.py:2204 - [DEDUP_SUMMARY] kept=1/1 tracks after deduplication
17:09:42 detection_manager.py:582 - [DEDUP_NEW] track=6 first seen — allow
17:09:42 detection_manager.py:353 - [TRACKING] fid=624624 active=1 filtered=1 eligible=1
17:09:42 detection_manager.py:287 - [SAVE_DEFER] fid=624624 no plate visible — keeping tracks eligible for next frame
17:09:42 detection_processor.py:720 - [VEHICLE] conf=0.872 size=1042×359px bbox=[1261,517,2304,877] detect_time=27ms
17:09:42 detection_manager.py:258 - [VEHICLE] fid=624624 conf=0.872 size=1042×359px
17:09:42 detection_processor.py:2130 - [FRAME_SCORE] track=? | sharpness=0.313 (plate=0.000 frame=0.313) | conf=0.872 | area=0.126 | center=0.522 | SCORE=0.464
17:09:42 detection_processor.py:1751 - [TRACK_UPDATE] track=6 frame_count=5 score=0.480 plates=0 ocr_submitted=False
17:09:42 detection_processor.py:2204 - [DEDUP_SUMMARY] kept=1/1 tracks after deduplication
17:09:42 detection_manager.py:582 - [DEDUP_NEW] track=6 first seen — allow
17:09:42 detection_manager.py:353 - [TRACKING] fid=624624 active=1 filtered=1 eligible=1
17:09:42 detection_manager.py:287 - [SAVE_DEFER] fid=624624 no plate visible — keeping tracks eligible for next frame
17:09:42 detection_processor.py:720 - [VEHICLE] conf=0.857 size=813×355px bbox=[1490,515,2304,871] detect_time=21ms
17:09:42 detection_manager.py:258 - [VEHICLE] fid=624624 conf=0.857 size=813×355px
17:09:42 detection_processor.py:2130 - [FRAME_SCORE] track=? | sharpness=0.292 (plate=0.000 frame=0.292) | conf=0.857 | area=0.097 | center=0.435 | SCORE=0.437
17:09:42 detection_processor.py:1751 - [TRACK_UPDATE] track=6 frame_count=6 score=0.480 plates=0 ocr_submitted=False
17:09:42 detection_processor.py:2204 - [DEDUP_SUMMARY] kept=1/1 tracks after deduplication
17:09:42 detection_manager.py:582 - [DEDUP_NEW] track=6 first seen — allow
17:09:42 detection_manager.py:353 - [TRACKING] fid=624624 active=1 filtered=1 eligible=1
17:09:42 detection_manager.py:287 - [SAVE_DEFER] fid=624624 no plate visible — keeping tracks eligible for next frame
17:09:42 detection_processor.py:715 - 🚗 Vehicles detected: 0 (filtered from 1)
17:10:33 health_monitor.py:725 - Health check started
17:10:35 health_monitor.py:777 - Health check completed: healthy
17:12:36 health_monitor.py:725 - Health check started
17:12:37 health_monitor.py:777 - Health check completed: healthy
17:13:24 mqtt_health_sender.py:118 - Sent 33 health record(s) via MQTT
17:14:38 health_monitor.py:725 - Health check started
17:14:40 health_monitor.py:777 - Health check completed: healthy
17:16:41 health_monitor.py:725 - Health check started
17:16:42 health_monitor.py:777 - Health check completed: healthy
17:18:24 mqtt_health_sender.py:118 - Sent 32 health record(s) via MQTT
17:18:43 health_monitor.py:725 - Health check started
17:18:45 health_monitor.py:777 - Health check completed: healthy
17:20:46 health_monitor.py:725 - Health check started
17:20:47 health_monitor.py:777 - Health check completed: healthy
17:22:48 health_monitor.py:725 - Health check started
17:22:49 health_monitor.py:777 - Health check completed: healthy
17:23:24 mqtt_health_sender.py:118 - Sent 33 health record(s) via MQTT
17:24:51 health_monitor.py:725 - Health check started
17:24:52 health_monitor.py:777 - Health check completed: healthy
17:26:53 health_monitor.py:725 - Health check started
17:26:54 health_monitor.py:777 - Health check completed: healthy
17:27:10 detection_processor.py:715 - 🚗 Vehicles detected: 1 (filtered from 1)
17:27:10 detection_processor.py:720 - [VEHICLE] conf=0.822 size=750×375px bbox=[339,501,1090,877] detect_time=20ms
17:27:10 detection_manager.py:258 - [VEHICLE] fid=104752 conf=0.822 size=750×375px
17:27:10 detection_processor.py:1805 - [TRACKER_EXPIRE] track_id=6 | age=1048.55s | frame_count=6 | best_score=0.480 | plates_found=0
17:27:10 detection_processor.py:2130 - [FRAME_SCORE] track=? | sharpness=0.215 (plate=0.000 frame=0.215) | conf=0.822 | area=0.094 | center=0.667 | SCORE=0.418
17:27:10 detection_processor.py:1764 - [TRACK_NEW] track=7 conf=0.822 size=750×375px — new vehicle
17:27:10 detection_processor.py:1777 - [TRACKER] active=[7] | created=[7] | lost=[6] | total_detections=1
17:27:10 detection_processor.py:2204 - [DEDUP_SUMMARY] kept=1/1 tracks after deduplication
17:27:10 detection_manager.py:582 - [DEDUP_NEW] track=7 first seen — allow
17:27:10 detection_manager.py:353 - [TRACKING] fid=104752 active=1 filtered=1 eligible=1
17:27:10 detection_manager.py:287 - [SAVE_DEFER] fid=104752 no plate visible — keeping tracks eligible for next frame
17:27:11 detection_processor.py:720 - [VEHICLE] conf=0.840 size=912×390px bbox=[360,487,1273,878] detect_time=23ms
17:27:11 detection_manager.py:258 - [VEHICLE] fid=106096 conf=0.840 size=912×390px
17:27:11 detection_processor.py:2130 - [FRAME_SCORE] track=? | sharpness=0.229 (plate=0.000 frame=0.229) | conf=0.840 | area=0.120 | center=0.745 | SCORE=0.442
17:27:11 detection_processor.py:1751 - [TRACK_UPDATE] track=7 frame_count=2 score=0.442 plates=0 ocr_submitted=False
17:27:11 detection_processor.py:2204 - [DEDUP_SUMMARY] kept=1/1 tracks after deduplication
17:27:11 detection_manager.py:582 - [DEDUP_NEW] track=7 first seen — allow
17:27:11 detection_manager.py:353 - [TRACKING] fid=106096 active=1 filtered=1 eligible=1
17:27:11 detection_manager.py:287 - [SAVE_DEFER] fid=106096 no plate visible — keeping tracks eligible for next frame
17:27:11 detection_processor.py:720 - [VEHICLE] conf=0.857 size=1047×374px bbox=[383,504,1431,878] detect_time=20ms
17:27:11 detection_manager.py:258 - [VEHICLE] fid=101008 conf=0.857 size=1047×374px
17:27:11 detection_processor.py:2130 - [FRAME_SCORE] track=? | sharpness=0.237 (plate=0.000 frame=0.237) | conf=0.857 | area=0.131 | center=0.812 | SCORE=0.459
17:27:11 detection_processor.py:1751 - [TRACK_UPDATE] track=7 frame_count=3 score=0.459 plates=0 ocr_submitted=False
17:27:11 detection_processor.py:2204 - [DEDUP_SUMMARY] kept=1/1 tracks after deduplication
17:27:11 detection_manager.py:582 - [DEDUP_NEW] track=7 first seen — allow
17:27:11 detection_manager.py:353 - [TRACKING] fid=101008 active=1 filtered=1 eligible=1
17:27:11 detection_manager.py:287 - [SAVE_DEFER] fid=101008 no plate visible — keeping tracks eligible for next frame
17:27:11 detection_processor.py:720 - [VEHICLE] conf=0.872 size=1069×374px bbox=[551,504,1620,878] detect_time=26ms
17:27:11 detection_manager.py:258 - [VEHICLE] fid=106096 conf=0.872 size=1069×374px
17:27:11 detection_processor.py:2130 - [FRAME_SCORE] track=? | sharpness=0.250 (plate=0.000 frame=0.250) | conf=0.872 | area=0.134 | center=0.940 | SCORE=0.482
17:27:11 detection_processor.py:1751 - [TRACK_UPDATE] track=7 frame_count=4 score=0.482 plates=0 ocr_submitted=False
17:27:11 detection_processor.py:2204 - [DEDUP_SUMMARY] kept=1/1 tracks after deduplication
17:27:11 detection_manager.py:582 - [DEDUP_NEW] track=7 first seen — allow
17:27:11 detection_manager.py:353 - [TRACKING] fid=106096 active=1 filtered=1 eligible=1
17:27:11 detection_manager.py:287 - [SAVE_DEFER] fid=106096 no plate visible — keeping tracks eligible for next frame
17:27:11 detection_processor.py:720 - [VEHICLE] conf=0.885 size=1064×371px bbox=[756,507,1821,878] detect_time=21ms
17:27:11 detection_manager.py:258 - [VEHICLE] fid=104752 conf=0.885 size=1064×371px
17:27:11 detection_processor.py:2130 - [FRAME_SCORE] track=? | sharpness=0.260 (plate=0.000 frame=0.260) | conf=0.885 | area=0.133 | center=0.891 | SCORE=0.485
17:27:11 detection_processor.py:1751 - [TRACK_UPDATE] track=7 frame_count=5 score=0.485 plates=0 ocr_submitted=False
17:27:11 detection_processor.py:2204 - [DEDUP_SUMMARY] kept=1/1 tracks after deduplication
17:27:11 detection_manager.py:582 - [DEDUP_NEW] track=7 first seen — allow
17:27:11 detection_manager.py:353 - [TRACKING] fid=104752 active=1 filtered=1 eligible=1
17:27:11 detection_manager.py:287 - [SAVE_DEFER] fid=104752 no plate visible — keeping tracks eligible for next frame
17:27:11 detection_processor.py:720 - [VEHICLE] conf=0.885 size=1061×371px bbox=[973,507,2034,878] detect_time=21ms
17:27:11 detection_manager.py:258 - [VEHICLE] fid=109552 conf=0.885 size=1061×371px
17:27:11 detection_processor.py:2130 - [FRAME_SCORE] track=? | sharpness=0.348 (plate=0.000 frame=0.348) | conf=0.885 | area=0.132 | center=0.732 | SCORE=0.505
17:27:11 detection_processor.py:1751 - [TRACK_UPDATE] track=7 frame_count=6 score=0.505 plates=0 ocr_submitted=False
17:27:11 detection_processor.py:2204 - [DEDUP_SUMMARY] kept=1/1 tracks after deduplication
17:27:11 detection_manager.py:582 - [DEDUP_NEW] track=7 first seen — allow
17:27:11 detection_manager.py:353 - [TRACKING] fid=109552 active=1 filtered=1 eligible=1
17:27:11 detection_manager.py:287 - [SAVE_DEFER] fid=109552 no plate visible — keeping tracks eligible for next frame
17:27:12 detection_processor.py:720 - [VEHICLE] conf=0.885 size=1064×374px bbox=[1133,504,2198,878] detect_time=24ms
17:27:12 detection_manager.py:258 - [VEHICLE] fid=105424 conf=0.885 size=1064×374px
17:27:12 detection_processor.py:2130 - [FRAME_SCORE] track=? | sharpness=0.299 (plate=0.000 frame=0.299) | conf=0.885 | area=0.134 | center=0.610 | SCORE=0.473
17:27:12 detection_processor.py:1751 - [TRACK_UPDATE] track=7 frame_count=7 score=0.505 plates=0 ocr_submitted=False
17:27:12 detection_processor.py:2204 - [DEDUP_SUMMARY] kept=1/1 tracks after deduplication
17:27:12 detection_manager.py:582 - [DEDUP_NEW] track=7 first seen — allow
17:27:12 detection_manager.py:353 - [TRACKING] fid=105424 active=1 filtered=1 eligible=1
17:27:12 detection_manager.py:287 - [SAVE_DEFER] fid=105424 no plate visible — keeping tracks eligible for next frame
17:27:12 detection_processor.py:720 - [VEHICLE] conf=0.872 size=982×374px bbox=[1322,504,2304,878] detect_time=26ms
17:27:12 detection_manager.py:258 - [VEHICLE] fid=102352 conf=0.872 size=982×374px
17:27:12 detection_processor.py:2130 - [FRAME_SCORE] track=? | sharpness=0.110 (plate=0.000 frame=0.110) | conf=0.872 | area=0.123 | center=0.499 | SCORE=0.380
17:27:12 detection_processor.py:1751 - [TRACK_UPDATE] track=7 frame_count=8 score=0.505 plates=0 ocr_submitted=False
17:27:12 detection_processor.py:2204 - [DEDUP_SUMMARY] kept=1/1 tracks after deduplication
17:27:12 detection_manager.py:582 - [DEDUP_NEW] track=7 first seen — allow
17:27:12 detection_manager.py:353 - [TRACKING] fid=102352 active=1 filtered=1 eligible=1
17:27:12 detection_manager.py:287 - [SAVE_DEFER] fid=102352 no plate visible — keeping tracks eligible for next frame
17:27:12 detection_processor.py:720 - [VEHICLE] conf=0.872 size=802×372px bbox=[1501,505,2304,878] detect_time=27ms
17:27:12 detection_manager.py:258 - [VEHICLE] fid=102160 conf=0.872 size=802×372px
17:27:12 detection_processor.py:2130 - [FRAME_SCORE] track=? | sharpness=0.207 (plate=0.000 frame=0.207) | conf=0.872 | area=0.100 | center=0.431 | SCORE=0.407
17:27:12 detection_processor.py:1751 - [TRACK_UPDATE] track=7 frame_count=9 score=0.505 plates=0 ocr_submitted=False
17:27:12 detection_processor.py:2204 - [DEDUP_SUMMARY] kept=1/1 tracks after deduplication
17:27:12 detection_manager.py:582 - [DEDUP_NEW] track=7 first seen — allow
17:27:12 detection_manager.py:353 - [TRACKING] fid=102160 active=1 filtered=1 eligible=1
17:27:12 detection_manager.py:287 - [SAVE_DEFER] fid=102160 no plate visible — keeping tracks eligible for next frame
17:27:12 detection_processor.py:715 - 🚗 Vehicles detected: 0 (filtered from 1)
17:28:25 mqtt_health_sender.py:118 - Sent 32 health record(s) via MQTT
17:28:55 health_monitor.py:725 - Health check started
17:28:57 health_monitor.py:777 - Health check completed: healthy
17:30:58 health_monitor.py:725 - Health check started
17:30:59 health_monitor.py:777 - Health check completed: healthy
17:33:00 health_monitor.py:725 - Health check started
17:33:02 health_monitor.py:777 - Health check completed: healthy
17:33:25 mqtt_health_sender.py:118 - Sent 33 health record(s) via MQTT
17:35:03 health_monitor.py:725 - Health check started
17:35:04 health_monitor.py:777 - Health check completed: healthy
17:35:46 detection_processor.py:715 - 🚗 Vehicles detected: 1 (filtered from 1)
17:35:46 detection_processor.py:720 - [VEHICLE] conf=0.898 size=772×419px bbox=[1530,459,2302,878] detect_time=19ms
17:35:46 detection_manager.py:258 - [VEHICLE] fid=104656 conf=0.898 size=772×419px
17:35:46 detection_processor.py:1805 - [TRACKER_EXPIRE] track_id=7 | age=513.72s | frame_count=9 | best_score=0.505 | plates_found=0
17:35:46 detection_processor.py:2130 - [FRAME_SCORE] track=? | sharpness=0.305 (plate=0.000 frame=0.305) | conf=0.898 | area=0.109 | center=0.422 | SCORE=0.455
17:35:46 detection_processor.py:1764 - [TRACK_NEW] track=8 conf=0.898 size=772×419px — new vehicle
17:35:46 detection_processor.py:1777 - [TRACKER] active=[8] | created=[8] | lost=[7] | total_detections=1
17:35:46 detection_processor.py:2204 - [DEDUP_SUMMARY] kept=1/1 tracks after deduplication
17:35:46 detection_manager.py:582 - [DEDUP_NEW] track=8 first seen — allow
17:35:46 detection_manager.py:353 - [TRACKING] fid=104656 active=1 filtered=1 eligible=1
17:35:46 detection_manager.py:287 - [SAVE_DEFER] fid=104656 no plate visible — keeping tracks eligible for next frame
17:35:46 detection_processor.py:720 - [VEHICLE] conf=0.898 size=991×428px bbox=[1313,450,2304,879] detect_time=21ms
17:35:46 detection_manager.py:258 - [VEHICLE] fid=103792 conf=0.898 size=991×428px
17:35:46 detection_processor.py:2130 - [FRAME_SCORE] track=? | sharpness=0.331 (plate=0.000 frame=0.331) | conf=0.898 | area=0.142 | center=0.503 | SCORE=0.481
17:35:46 detection_processor.py:1751 - [TRACK_UPDATE] track=8 frame_count=2 score=0.481 plates=0 ocr_submitted=False
17:35:46 detection_processor.py:2204 - [DEDUP_SUMMARY] kept=1/1 tracks after deduplication
17:35:46 detection_manager.py:582 - [DEDUP_NEW] track=8 first seen — allow
17:35:46 detection_manager.py:353 - [TRACKING] fid=103792 active=1 filtered=1 eligible=1
17:35:46 detection_manager.py:287 - [SAVE_DEFER] fid=103792 no plate visible — keeping tracks eligible for next frame
17:35:46 detection_processor.py:720 - [VEHICLE] conf=0.898 size=982×425px bbox=[1086,453,2068,879] detect_time=22ms
17:35:46 detection_manager.py:258 - [VEHICLE] fid=105424 conf=0.898 size=982×425px
17:35:46 detection_processor.py:2130 - [FRAME_SCORE] track=? | sharpness=0.347 (plate=0.000 frame=0.347) | conf=0.898 | area=0.140 | center=0.678 | SCORE=0.504
17:35:46 detection_processor.py:1751 - [TRACK_UPDATE] track=8 frame_count=3 score=0.504 plates=0 ocr_submitted=False
17:35:46 detection_processor.py:2204 - [DEDUP_SUMMARY] kept=1/1 tracks after deduplication
17:35:46 detection_manager.py:582 - [DEDUP_NEW] track=8 first seen — allow
17:35:46 detection_manager.py:353 - [TRACKING] fid=105424 active=1 filtered=1 eligible=1
17:35:46 detection_manager.py:287 - [SAVE_DEFER] fid=105424 no plate visible — keeping tracks eligible for next frame
17:35:46 detection_processor.py:720 - [VEHICLE] conf=0.898 size=975×421px bbox=[854,457,1829,879] detect_time=20ms
17:35:46 detection_manager.py:258 - [VEHICLE] fid=102160 conf=0.898 size=975×421px
17:35:46 detection_processor.py:2130 - [FRAME_SCORE] track=? | sharpness=0.340 (plate=0.000 frame=0.340) | conf=0.898 | area=0.138 | center=0.856 | SCORE=0.518
17:35:46 detection_processor.py:1751 - [TRACK_UPDATE] track=8 frame_count=4 score=0.518 plates=0 ocr_submitted=False
17:35:46 detection_processor.py:2204 - [DEDUP_SUMMARY] kept=1/1 tracks after deduplication
17:35:46 detection_manager.py:582 - [DEDUP_NEW] track=8 first seen — allow
17:35:46 detection_manager.py:353 - [TRACKING] fid=102160 active=1 filtered=1 eligible=1
17:35:46 detection_processor.py:834 - [PLATE_SKIP] conf=0.328 < thresh=0.5 size=25×27px vehicle=0
17:35:46 detection_manager.py:287 - [SAVE_DEFER] fid=102160 no plate visible — keeping tracks eligible for next frame
17:35:46 detection_processor.py:720 - [VEHICLE] conf=0.898 size=975×418px bbox=[648,460,1624,878] detect_time=22ms
17:35:46 detection_manager.py:258 - [VEHICLE] fid=104752 conf=0.898 size=975×418px
17:35:47 detection_processor.py:2130 - [FRAME_SCORE] track=? | sharpness=0.306 (plate=0.000 frame=0.306) | conf=0.898 | area=0.137 | center=0.980 | SCORE=0.517
17:35:47 detection_processor.py:1751 - [TRACK_UPDATE] track=8 frame_count=5 score=0.518 plates=0 ocr_submitted=False
17:35:47 detection_processor.py:2204 - [DEDUP_SUMMARY] kept=1/1 tracks after deduplication
17:35:47 detection_manager.py:582 - [DEDUP_NEW] track=8 first seen — allow
17:35:47 detection_manager.py:353 - [TRACKING] fid=104752 active=1 filtered=1 eligible=1
17:35:47 detection_manager.py:287 - [SAVE_DEFER] fid=104752 no plate visible — keeping tracks eligible for next frame
17:35:47 detection_processor.py:720 - [VEHICLE] conf=0.898 size=1004×428px bbox=[384,450,1388,878] detect_time=29ms
17:35:47 detection_manager.py:258 - [VEHICLE] fid=103216 conf=0.898 size=1004×428px
17:35:47 detection_processor.py:2130 - [FRAME_SCORE] track=? | sharpness=0.277 (plate=0.000 frame=0.277) | conf=0.898 | area=0.144 | center=0.798 | SCORE=0.489
17:35:47 detection_processor.py:1751 - [TRACK_UPDATE] track=8 frame_count=6 score=0.518 plates=0 ocr_submitted=False
17:35:47 detection_processor.py:2204 - [DEDUP_SUMMARY] kept=1/1 tracks after deduplication
17:35:47 detection_manager.py:582 - [DEDUP_NEW] track=8 first seen — allow
17:35:47 detection_manager.py:353 - [TRACKING] fid=103216 active=1 filtered=1 eligible=1
17:35:47 detection_manager.py:287 - [SAVE_DEFER] fid=103216 no plate visible — keeping tracks eligible for next frame
17:35:47 detection_processor.py:720 - [VEHICLE] conf=0.840 size=793×421px bbox=[364,462,1158,884] detect_time=20ms
17:35:47 detection_manager.py:258 - [VEHICLE] fid=106960 conf=0.840 size=793×421px
17:35:47 detection_processor.py:2130 - [FRAME_SCORE] track=? | sharpness=0.191 (plate=0.000 frame=0.191) | conf=0.840 | area=0.112 | center=0.704 | SCORE=0.421
17:35:47 detection_processor.py:1751 - [TRACK_UPDATE] track=8 frame_count=7 score=0.518 plates=0 ocr_submitted=False
17:35:47 detection_processor.py:2204 - [DEDUP_SUMMARY] kept=1/1 tracks after deduplication
17:35:47 detection_manager.py:582 - [DEDUP_NEW] track=8 first seen — allow
17:35:47 detection_manager.py:353 - [TRACKING] fid=106960 active=1 filtered=1 eligible=1
17:35:47 detection_manager.py:287 - [SAVE_DEFER] fid=106960 no plate visible — keeping tracks eligible for next frame
17:35:47 detection_processor.py:715 - 🚗 Vehicles detected: 0 (filtered from 1)
17:37:05 health_monitor.py:725 - Health check started
17:37:06 health_monitor.py:777 - Health check completed: healthy
17:38:26 mqtt_health_sender.py:118 - Sent 32 health record(s) via MQTT
17:39:08 health_monitor.py:725 - Health check started
17:39:09 health_monitor.py:777 - Health check completed: healthy
17:41:10 health_monitor.py:725 - Health check started
17:41:11 health_monitor.py:777 - Health check completed: healthy
17:43:12 health_monitor.py:725 - Health check started
17:43:14 health_monitor.py:777 - Health check completed: healthy
17:43:26 mqtt_health_sender.py:118 - Sent 33 health record(s) via MQTT
17:45:15 health_monitor.py:725 - Health check started
17:45:16 health_monitor.py:777 - Health check completed: healthy
17:47:18 health_monitor.py:725 - Health check started
17:47:19 health_monitor.py:777 - Health check completed: healthy
17:48:27 mqtt_health_sender.py:118 - Sent 32 health record(s) via MQTT
17:49:20 health_monitor.py:725 - Health check started
17:49:21 health_monitor.py:777 - Health check completed: healthy
17:50:06 detection_processor.py:715 - 🚗 Vehicles detected: 1 (filtered from 1)
17:50:06 detection_processor.py:720 - [VEHICLE] conf=0.885 size=753×348px bbox=[1550,516,2304,864] detect_time=17ms
17:50:06 detection_manager.py:258 - [VEHICLE] fid=625104 conf=0.885 size=753×348px
17:50:06 detection_processor.py:1805 - [TRACKER_EXPIRE] track_id=8 | age=859.25s | frame_count=7 | best_score=0.518 | plates_found=0
17:50:06 detection_processor.py:2130 - [FRAME_SCORE] track=? | sharpness=0.208 (plate=0.000 frame=0.208) | conf=0.885 | area=0.088 | center=0.413 | SCORE=0.408
17:50:06 detection_processor.py:1764 - [TRACK_NEW] track=9 conf=0.885 size=753×348px — new vehicle
17:50:06 detection_processor.py:1777 - [TRACKER] active=[9] | created=[9] | lost=[8] | total_detections=1
17:50:06 detection_processor.py:2204 - [DEDUP_SUMMARY] kept=1/1 tracks after deduplication
17:50:06 detection_manager.py:582 - [DEDUP_NEW] track=9 first seen — allow
17:50:06 detection_manager.py:353 - [TRACKING] fid=625104 active=1 filtered=1 eligible=1
17:50:06 detection_manager.py:287 - [SAVE_DEFER] fid=625104 no plate visible — keeping tracks eligible for next frame
17:50:06 detection_processor.py:720 - [VEHICLE] conf=0.898 size=848×349px bbox=[1456,520,2304,870] detect_time=22ms
17:50:06 detection_manager.py:258 - [VEHICLE] fid=625104 conf=0.898 size=848×349px
17:50:06 detection_processor.py:2130 - [FRAME_SCORE] track=? | sharpness=0.248 (plate=0.000 frame=0.248) | conf=0.898 | area=0.099 | center=0.448 | SCORE=0.433
17:50:06 detection_processor.py:1751 - [TRACK_UPDATE] track=9 frame_count=2 score=0.433 plates=0 ocr_submitted=False
17:50:06 detection_processor.py:2204 - [DEDUP_SUMMARY] kept=1/1 tracks after deduplication
17:50:06 detection_manager.py:582 - [DEDUP_NEW] track=9 first seen — allow
17:50:06 detection_manager.py:353 - [TRACKING] fid=625104 active=1 filtered=1 eligible=1
17:50:06 detection_manager.py:287 - [SAVE_DEFER] fid=625104 no plate visible — keeping tracks eligible for next frame
17:50:06 detection_processor.py:720 - [VEHICLE] conf=0.872 size=959×333px bbox=[1343,526,2302,860] detect_time=21ms
17:50:06 detection_manager.py:258 - [VEHICLE] fid=625104 conf=0.872 size=959×333px
17:50:07 detection_processor.py:2130 - [FRAME_SCORE] track=? | sharpness=0.285 (plate=0.000 frame=0.285) | conf=0.872 | area=0.107 | center=0.492 | SCORE=0.446
17:50:07 detection_processor.py:1751 - [TRACK_UPDATE] track=9 frame_count=3 score=0.446 plates=0 ocr_submitted=False
17:50:07 detection_processor.py:2204 - [DEDUP_SUMMARY] kept=1/1 tracks after deduplication
17:50:07 detection_manager.py:582 - [DEDUP_NEW] track=9 first seen — allow
17:50:07 detection_manager.py:353 - [TRACKING] fid=625104 active=1 filtered=1 eligible=1
17:50:07 detection_manager.py:287 - [SAVE_DEFER] fid=625104 no plate visible — keeping tracks eligible for next frame
17:50:07 detection_processor.py:720 - [VEHICLE] conf=0.885 size=981×346px bbox=[1230,521,2211,868] detect_time=24ms
17:50:07 detection_manager.py:258 - [VEHICLE] fid=625104 conf=0.885 size=981×346px
17:50:07 detection_processor.py:2130 - [FRAME_SCORE] track=? | sharpness=0.224 (plate=0.000 frame=0.224) | conf=0.885 | area=0.114 | center=0.568 | SCORE=0.435
17:50:07 detection_processor.py:1751 - [TRACK_UPDATE] track=9 frame_count=4 score=0.446 plates=0 ocr_submitted=False
17:50:07 detection_processor.py:2204 - [DEDUP_SUMMARY] kept=1/1 tracks after deduplication
17:50:07 detection_manager.py:582 - [DEDUP_NEW] track=9 first seen — allow
17:50:07 detection_manager.py:353 - [TRACKING] fid=625104 active=1 filtered=1 eligible=1
17:50:07 detection_manager.py:287 - [SAVE_DEFER] fid=625104 no plate visible — keeping tracks eligible for next frame
17:50:07 detection_processor.py:720 - [VEHICLE] conf=0.872 size=980×331px bbox=[1125,530,2106,861] detect_time=20ms
17:50:07 detection_manager.py:258 - [VEHICLE] fid=624624 conf=0.872 size=980×331px
17:50:07 detection_processor.py:2130 - [FRAME_SCORE] track=? | sharpness=0.228 (plate=0.000 frame=0.228) | conf=0.872 | area=0.109 | center=0.648 | SCORE=0.439
17:50:07 detection_processor.py:1751 - [TRACK_UPDATE] track=9 frame_count=5 score=0.446 plates=0 ocr_submitted=False
17:50:07 detection_processor.py:2204 - [DEDUP_SUMMARY] kept=1/1 tracks after deduplication
17:50:07 detection_manager.py:582 - [DEDUP_NEW] track=9 first seen — allow
17:50:07 detection_manager.py:353 - [TRACKING] fid=624624 active=1 filtered=1 eligible=1
17:50:07 detection_manager.py:287 - [SAVE_DEFER] fid=624624 no plate visible — keeping tracks eligible for next frame
17:50:07 detection_processor.py:720 - [VEHICLE] conf=0.872 size=970×333px bbox=[1036,528,2007,861] detect_time=22ms
17:50:07 detection_manager.py:258 - [VEHICLE] fid=624624 conf=0.872 size=970×333px
17:50:07 detection_processor.py:2130 - [FRAME_SCORE] track=? | sharpness=0.228 (plate=0.000 frame=0.228) | conf=0.872 | area=0.108 | center=0.718 | SCORE=0.446
17:50:07 detection_processor.py:1751 - [TRACK_UPDATE] track=9 frame_count=6 score=0.446 plates=0 ocr_submitted=False
17:50:07 detection_processor.py:2204 - [DEDUP_SUMMARY] kept=1/1 tracks after deduplication
17:50:07 detection_manager.py:582 - [DEDUP_NEW] track=9 first seen — allow
17:50:07 detection_manager.py:353 - [TRACKING] fid=624624 active=1 filtered=1 eligible=1
17:50:07 detection_manager.py:287 - [SAVE_DEFER] fid=624624 no plate visible — keeping tracks eligible for next frame
17:50:07 detection_processor.py:720 - [VEHICLE] conf=0.872 size=959×333px bbox=[934,528,1893,861] detect_time=22ms
17:50:07 detection_manager.py:258 - [VEHICLE] fid=624624 conf=0.872 size=959×333px
17:50:07 detection_processor.py:2130 - [FRAME_SCORE] track=? | sharpness=0.269 (plate=0.000 frame=0.269) | conf=0.872 | area=0.107 | center=0.799 | SCORE=0.471
17:50:07 detection_processor.py:1751 - [TRACK_UPDATE] track=9 frame_count=7 score=0.471 plates=0 ocr_submitted=False
17:50:07 detection_processor.py:2204 - [DEDUP_SUMMARY] kept=1/1 tracks after deduplication
17:50:07 detection_manager.py:582 - [DEDUP_NEW] track=9 first seen — allow
17:50:07 detection_manager.py:353 - [TRACKING] fid=624624 active=1 filtered=1 eligible=1
17:50:07 detection_manager.py:287 - [SAVE_DEFER] fid=624624 no plate visible — keeping tracks eligible for next frame
17:50:07 detection_processor.py:720 - [VEHICLE] conf=0.885 size=962×343px bbox=[848,523,1811,866] detect_time=21ms
17:50:07 detection_manager.py:258 - [VEHICLE] fid=101008 conf=0.885 size=962×343px
17:50:07 detection_processor.py:2130 - [FRAME_SCORE] track=? | sharpness=0.208 (plate=0.000 frame=0.208) | conf=0.885 | area=0.111 | center=0.861 | SCORE=0.457
17:50:07 detection_processor.py:1751 - [TRACK_UPDATE] track=9 frame_count=8 score=0.471 plates=0 ocr_submitted=False
17:50:07 detection_processor.py:2204 - [DEDUP_SUMMARY] kept=1/1 tracks after deduplication
17:50:07 detection_manager.py:582 - [DEDUP_NEW] track=9 first seen — allow
17:50:07 detection_manager.py:353 - [TRACKING] fid=101008 active=1 filtered=1 eligible=1
17:50:07 detection_manager.py:287 - [SAVE_DEFER] fid=101008 no plate visible — keeping tracks eligible for next frame
17:50:08 detection_processor.py:720 - [VEHICLE] conf=0.872 size=950×335px bbox=[753,521,1704,857] detect_time=26ms
17:50:08 detection_manager.py:258 - [VEHICLE] fid=624624 conf=0.872 size=950×335px
17:50:08 detection_processor.py:2130 - [FRAME_SCORE] track=? | sharpness=0.218 (plate=0.000 frame=0.218) | conf=0.872 | area=0.107 | center=0.934 | SCORE=0.464
17:50:08 detection_processor.py:1751 - [TRACK_UPDATE] track=9 frame_count=9 score=0.471 plates=0 ocr_submitted=False
17:50:08 detection_processor.py:2204 - [DEDUP_SUMMARY] kept=1/1 tracks after deduplication
17:50:08 detection_manager.py:582 - [DEDUP_NEW] track=9 first seen — allow
17:50:08 detection_manager.py:353 - [TRACKING] fid=624624 active=1 filtered=1 eligible=1
17:50:08 detection_manager.py:287 - [SAVE_DEFER] fid=624624 no plate visible — keeping tracks eligible for next frame
17:50:08 detection_processor.py:720 - [VEHICLE] conf=0.885 size=930×334px bbox=[673,525,1604,860] detect_time=24ms
17:50:08 detection_manager.py:258 - [VEHICLE] fid=624624 conf=0.885 size=930×334px
17:50:08 detection_processor.py:2130 - [FRAME_SCORE] track=? | sharpness=0.205 (plate=0.000 frame=0.205) | conf=0.885 | area=0.104 | center=0.965 | SCORE=0.465
17:50:08 detection_processor.py:1751 - [TRACK_UPDATE] track=9 frame_count=10 score=0.471 plates=0 ocr_submitted=False
17:50:08 detection_processor.py:2204 - [DEDUP_SUMMARY] kept=1/1 tracks after deduplication
17:50:08 detection_manager.py:582 - [DEDUP_NEW] track=9 first seen — allow
17:50:08 detection_manager.py:353 - [TRACKING] fid=624624 active=1 filtered=1 eligible=1
17:50:08 detection_manager.py:287 - [SAVE_DEFER] fid=624624 no plate visible — keeping tracks eligible for next frame
17:50:08 detection_processor.py:720 - [VEHICLE] conf=0.872 size=925×329px bbox=[583,530,1508,859] detect_time=26ms
17:50:08 detection_manager.py:258 - [VEHICLE] fid=624624 conf=0.872 size=925×329px
17:50:08 detection_processor.py:2130 - [FRAME_SCORE] track=? | sharpness=0.231 (plate=0.000 frame=0.231) | conf=0.872 | area=0.102 | center=0.912 | SCORE=0.466
17:50:08 detection_processor.py:1751 - [TRACK_UPDATE] track=9 frame_count=11 score=0.471 plates=0 ocr_submitted=False
17:50:08 detection_processor.py:2204 - [DEDUP_SUMMARY] kept=1/1 tracks after deduplication
17:50:08 detection_manager.py:582 - [DEDUP_NEW] track=9 first seen — allow
17:50:08 detection_manager.py:353 - [TRACKING] fid=624624 active=1 filtered=1 eligible=1
17:50:08 detection_manager.py:287 - [SAVE_DEFER] fid=624624 no plate visible — keeping tracks eligible for next frame
17:50:08 detection_processor.py:720 - [VEHICLE] conf=0.872 size=885×336px bbox=[529,525,1415,861] detect_time=23ms
17:50:08 detection_manager.py:258 - [VEHICLE] fid=624624 conf=0.872 size=885×336px
17:50:08 detection_processor.py:2130 - [FRAME_SCORE] track=? | sharpness=0.262 (plate=0.000 frame=0.262) | conf=0.872 | area=0.100 | center=0.860 | SCORE=0.472
17:50:08 detection_processor.py:1751 - [TRACK_UPDATE] track=9 frame_count=12 score=0.472 plates=0 ocr_submitted=False
17:50:08 detection_processor.py:2204 - [DEDUP_SUMMARY] kept=1/1 tracks after deduplication
17:50:08 detection_manager.py:582 - [DEDUP_NEW] track=9 first seen — allow
17:50:08 detection_manager.py:353 - [TRACKING] fid=624624 active=1 filtered=1 eligible=1
17:50:08 detection_manager.py:287 - [SAVE_DEFER] fid=624624 no plate visible — keeping tracks eligible for next frame
17:50:08 detection_processor.py:720 - [VEHICLE] conf=0.857 size=892×328px bbox=[451,525,1344,854] detect_time=21ms
17:50:08 detection_manager.py:258 - [VEHICLE] fid=624624 conf=0.857 size=892×328px
17:50:08 detection_processor.py:2130 - [FRAME_SCORE] track=? | sharpness=0.236 (plate=0.000 frame=0.236) | conf=0.857 | area=0.098 | center=0.805 | SCORE=0.452
17:50:08 detection_processor.py:1751 - [TRACK_UPDATE] track=9 frame_count=13 score=0.472 plates=0 ocr_submitted=False
17:50:08 detection_processor.py:2204 - [DEDUP_SUMMARY] kept=1/1 tracks after deduplication
17:50:08 detection_manager.py:582 - [DEDUP_NEW] track=9 first seen — allow
17:50:08 detection_manager.py:353 - [TRACKING] fid=624624 active=1 filtered=1 eligible=1
17:50:08 detection_manager.py:287 - [SAVE_DEFER] fid=624624 no plate visible — keeping tracks eligible for next frame
17:50:09 detection_processor.py:720 - [VEHICLE] conf=0.872 size=874×327px bbox=[384,529,1258,856] detect_time=24ms
17:50:09 detection_manager.py:258 - [VEHICLE] fid=624624 conf=0.872 size=874×327px
17:50:09 detection_processor.py:2130 - [FRAME_SCORE] track=? | sharpness=0.171 (plate=0.000 frame=0.171) | conf=0.872 | area=0.096 | center=0.748 | SCORE=0.424
17:50:09 detection_processor.py:1751 - [TRACK_UPDATE] track=9 frame_count=14 score=0.472 plates=0 ocr_submitted=False
17:50:09 detection_processor.py:2204 - [DEDUP_SUMMARY] kept=1/1 tracks after deduplication
17:50:09 detection_manager.py:582 - [DEDUP_NEW] track=9 first seen — allow
17:50:09 detection_manager.py:353 - [TRACKING] fid=624624 active=1 filtered=1 eligible=1
17:50:09 detection_manager.py:287 - [SAVE_DEFER] fid=624624 no plate visible — keeping tracks eligible for next frame
17:50:09 detection_processor.py:720 - [VEHICLE] conf=0.872 size=804×322px bbox=[370,528,1175,851] detect_time=22ms
17:50:09 detection_manager.py:258 - [VEHICLE] fid=624624 conf=0.872 size=804×322px
17:50:09 detection_processor.py:2130 - [FRAME_SCORE] track=? | sharpness=0.188 (plate=0.000 frame=0.188) | conf=0.872 | area=0.087 | center=0.711 | SCORE=0.425
17:50:09 detection_processor.py:1751 - [TRACK_UPDATE] track=9 frame_count=15 score=0.472 plates=0 ocr_submitted=False
17:50:09 detection_processor.py:2204 - [DEDUP_SUMMARY] kept=1/1 tracks after deduplication
17:50:09 detection_manager.py:582 - [DEDUP_NEW] track=9 first seen — allow
17:50:09 detection_manager.py:353 - [TRACKING] fid=624624 active=1 filtered=1 eligible=1
17:50:09 detection_manager.py:287 - [SAVE_DEFER] fid=624624 no plate visible — keeping tracks eligible for next frame
17:50:09 detection_processor.py:715 - 🚗 Vehicles detected: 0 (filtered from 1)
17:51:22 health_monitor.py:725 - Health check started
17:51:24 health_monitor.py:777 - Health check completed: healthy
17:53:25 health_monitor.py:725 - Health check started
17:53:26 health_monitor.py:777 - Health check completed: healthy
17:53:27 mqtt_health_sender.py:118 - Sent 33 health record(s) via MQTT
17:55:27 health_monitor.py:725 - Health check started
17:55:29 health_monitor.py:777 - Health check completed: healthy
17:57:30 health_monitor.py:725 - Health check started
17:57:31 health_monitor.py:777 - Health check completed: healthy
17:58:27 mqtt_health_sender.py:118 - Sent 26 health record(s) via MQTT
17:59:32 health_monitor.py:725 - Health check started
17:59:34 health_monitor.py:777 - Health check completed: healthy
18:01:35 health_monitor.py:725 - Health check started
18:01:36 health_monitor.py:777 - Health check completed: healthy
18:03:27 mqtt_health_sender.py:118 - Sent 32 health record(s) via MQTT
18:03:37 health_monitor.py:725 - Health check started
18:03:39 health_monitor.py:777 - Health check completed: healthy
18:05:40 health_monitor.py:725 - Health check started
18:05:41 health_monitor.py:777 - Health check completed: healthy
18:07:42 health_monitor.py:725 - Health check started
18:07:44 health_monitor.py:777 - Health check completed: healthy
18:08:28 mqtt_health_sender.py:118 - Sent 33 health record(s) via MQTT
18:09:45 health_monitor.py:725 - Health check started
18:09:46 health_monitor.py:777 - Health check completed: healthy
18:11:47 health_monitor.py:725 - Health check started
18:11:49 health_monitor.py:777 - Health check completed: healthy
18:13:28 mqtt_health_sender.py:118 - Sent 32 health record(s) via MQTT
18:13:50 health_monitor.py:725 - Health check started
18:13:51 health_monitor.py:777 - Health check completed: healthy
18:15:52 health_monitor.py:725 - Health check started
18:15:54 health_monitor.py:777 - Health check completed: healthy
18:17:55 health_monitor.py:725 - Health check started
18:17:57 health_monitor.py:777 - Health check completed: healthy
18:18:28 mqtt_health_sender.py:118 - Sent 33 health record(s) via MQTT
18:19:58 health_monitor.py:725 - Health check started
18:19:59 health_monitor.py:777 - Health check completed: healthy
18:22:00 health_monitor.py:725 - Health check started
18:22:02 health_monitor.py:777 - Health check completed: healthy
18:23:29 mqtt_health_sender.py:118 - Sent 32 health record(s) via MQTT
18:24:03 health_monitor.py:725 - Health check started
18:24:04 health_monitor.py:777 - Health check completed: healthy
18:26:06 health_monitor.py:725 - Health check started
18:26:07 health_monitor.py:777 - Health check completed: healthy
18:28:08 health_monitor.py:725 - Health check started
18:28:09 health_monitor.py:777 - Health check completed: healthy
18:28:29 mqtt_health_sender.py:118 - Sent 33 health record(s) via MQTT
18:30:11 health_monitor.py:725 - Health check started
18:30:12 health_monitor.py:777 - Health check completed: healthy
18:32:13 health_monitor.py:725 - Health check started
18:32:14 health_monitor.py:777 - Health check completed: healthy
18:33:29 mqtt_health_sender.py:118 - Sent 32 health record(s) via MQTT
18:34:15 health_monitor.py:725 - Health check started
18:34:17 health_monitor.py:777 - Health check completed: healthy
18:36:18 health_monitor.py:725 - Health check started
18:36:19 health_monitor.py:777 - Health check completed: healthy
18:38:20 health_monitor.py:725 - Health check started
18:38:22 health_monitor.py:777 - Health check completed: healthy
18:38:30 mqtt_health_sender.py:118 - Sent 33 health record(s) via MQTT
18:40:23 health_monitor.py:725 - Health check started
18:40:24 health_monitor.py:777 - Health check completed: healthy
18:42:26 health_monitor.py:725 - Health check started
18:42:27 health_monitor.py:777 - Health check completed: healthy
18:43:31 mqtt_health_sender.py:118 - Sent 32 health record(s) via MQTT
18:44:28 health_monitor.py:725 - Health check started
18:44:29 health_monitor.py:777 - Health check completed: healthy
18:46:30 health_monitor.py:725 - Health check started
18:46:32 health_monitor.py:777 - Health check completed: healthy
18:48:31 mqtt_health_sender.py:118 - Sent 26 health record(s) via MQTT
18:48:33 health_monitor.py:725 - Health check started
18:48:34 health_monitor.py:777 - Health check completed: healthy
18:50:35 health_monitor.py:725 - Health check started
18:50:37 health_monitor.py:777 - Health check completed: healthy
18:52:38 health_monitor.py:725 - Health check started
18:52:39 health_monitor.py:777 - Health check completed: healthy
18:53:32 mqtt_health_sender.py:118 - Sent 33 health record(s) via MQTT
18:54:40 health_monitor.py:725 - Health check started
18:54:42 health_monitor.py:777 - Health check completed: healthy
18:56:43 health_monitor.py:725 - Health check started
18:56:44 health_monitor.py:777 - Health check completed: healthy
18:58:33 mqtt_health_sender.py:118 - Sent 32 health record(s) via MQTT
18:58:46 health_monitor.py:725 - Health check started
18:58:47 health_monitor.py:777 - Health check completed: healthy
19:00:48 health_monitor.py:725 - Health check started
19:00:49 health_monitor.py:777 - Health check completed: healthy
19:02:51 health_monitor.py:725 - Health check started
19:02:52 health_monitor.py:777 - Health check completed: healthy
19:03:33 mqtt_health_sender.py:118 - Sent 33 health record(s) via MQTT
19:04:53 health_monitor.py:725 - Health check started
19:04:54 health_monitor.py:777 - Health check completed: healthy
19:06:55 health_monitor.py:725 - Health check started
19:06:57 health_monitor.py:777 - Health check completed: healthy
19:08:33 mqtt_health_sender.py:118 - Sent 32 health record(s) via MQTT
19:08:58 health_monitor.py:725 - Health check started
19:08:59 health_monitor.py:777 - Health check completed: healthy
